text,category,date-received,sender,sender_category,label
"Nice! You received a P10 voucher from Maya. Use it for your load, bills, shopping, and more. Tap 'Vouchers' on the app to claim your gift before it expires!",ads,2025-07-23 18:43:21,MayaRewards,Verified_Brand,0
"Nice! You received a P20 voucher from Maya. Use it for your load, bills, shopping, and more. Tap 'Vouchers' on the app to claim your gift before it expires!",ads,2025-07-25 11:16:23,MayaRewards,Verified_Brand,0
"Nice! You received a P10 voucher from Maya. Use it for your load, bills, shopping, and more. Tap 'Vouchers' on the app to claim your gift before it expires!",ads,2025-08-15 16:13:59,MayaRewards,Verified_Brand,0
"Nice! You received a P20 voucher from Maya. Use it for your load, bills, shopping, and more. Tap 'Vouchers' on the app to claim your gift before it expires!",ads,2025-08-22 12:23:01,MayaRewards,Verified_Brand,0
"Nice! You received a P10 voucher from Maya. Use it for your load, bills, shopping, and more. Tap 'Vouchers' on the app to claim your gift before it expires!",ads,2025-09-11 13:50:59,MayaRewards,Verified_Brand,0
"Nice! You received a P10 voucher from Maya. Use it for your load, bills, shopping, and more. Tap 'Vouchers' on the app to claim your gift before it expires!",ads,2025-09-18 14:12:32,MayaRewards,Verified_Brand,0
"Nice! You received a P20 voucher from Maya. Use it for your load, bills, shopping, and more. Tap 'Vouchers' on the app to claim your gift before it expires!",ads,2025-09-19 13:55:54,MayaRewards,Verified_Brand,0
"Nice! You received a P20 voucher from Maya. Use it for your load, bills, shopping, and more. Tap 'Vouchers' on the app to claim your gift before it expires!",ads,2025-09-26 11:12:36,MayaRewards,Verified_Brand,0
"Nice! You received a P20 voucher from Maya. Use it for your load, bills, shopping, and more. Tap 'Vouchers' on the app to claim your gift before it expires!",ads,2025-11-27 18:39:33,MayaRewards,Verified_Brand,0
"Hi! I-register na ang iyong GFiber Prepaid account sa GlobeOne app para masimulan ang UNLI internet experience!

Maaari kang mag-avail ng up to 3 UNLISurf promos. Sa GlobeOne, pumunta sa GFiber Prepaid dashboard > Buy Promos > Subscribe. Pwede ring mag-load via GCash: tap Load > Broadband > GFiber Prepaid, at pumili ng promo.

May FREE UNLISurf199 (7 Days UNLI) ka rin for every successful referral! Hanapin ang referral code mo sa dashboard at i-share sa social media.",ads,2025-07-07 18:40:19,GLOBEATHOME,Verified_Brand,0
"Sana ay nasa mabuting kalagayan ka at ang iyong pamilya sa kabila ng patuloy na pag-ulan dulot ng Bagyong Opong. Para manatiling ligtas, ito ang ilang paalala:

1) Store enough food and drinking water.
2) Have an emergency bag with a flashlight, batteries, candles, and a first-aid kit.
3) Be sure to charge your phones and power banks.
4) Prepare extra clothes and toiletry kit should there be a need to evacuate.
5) Always be updated on the latest news and LGU announcements.

Salamat at ingat lagi!",ads,2025-09-26 17:33:39,GLOBEATHOME,Verified_Brand,0
"Sana ay nasa mabuting kalagayan ka at ang iyong pamilya sa kabila ng patuloy na pag-ulan dulot ng Bagyong Ramil. Para manatiling ligtas, ito ang ilang paalala:

1) Store enough food and drinking water.
2) Have an emergency bag with a flashlight, batteries, candles, and a first-aid kit.
3) Be sure to charge your phones and power banks.
4) Prepare extra clothes and toiletry kit should there be a need to evacuate.
5) Always be updated on the latest news and LGU announcements.

Salamat at ingat lagi!",ads,2025-10-19 17:33:35,GLOBEATHOME,Verified_Brand,0
"Sana ay nasa mabuting kalagayan ka at ang iyong pamilya sa kabila ng patuloy na pag-ulan dulot ng Bagyong Uwan. Para manatiling ligtas, ito ang ilang paalala:

1) Store enough food and drinking water.
2) Have an emergency bag with a flashlight, batteries, candles, and a first-aid kit.
3) Be sure to charge your phones and power banks.
4) Prepare extra clothes and toiletry kit should there be a need to evacuate.
5) Always be updated on the latest news and LGU announcements.

Salamat at ingat lagi!",ads,2025-11-09 01:05:03,GLOBEATHOME,Verified_Brand,0
"Hi! Pasensya na at napatagal ang aming system activity. 'Wag mag-alala, tutulungan ka namin agad sa iyong concerns kapag naibalik na ang service. Salamat sa iyong pang-unawa.",ads,2025-11-19 03:15:06,GLOBEATHOME,Verified_Brand,0
Hi! Nais naming ipaalam sa iyo na natapos na ang aming system activity. Pwede na ulit mag-register sa mga promos via GlobeOne. Salamat!,ads,2025-11-19 04:34:34,GLOBEATHOME,Verified_Brand,0
"Turn your PLDT bill into rewards! Join PLDT Home Rewards and get up to 120 Crystals, plus earn more for every P50 you pay on time and in full. Use your Crystals to redeem exclusive offers! Just tap Rewards in the PLDT website to join.",ads,2025-11-14 15:25:17,PLDTRewards,Verified_Brand,0
"Happy day! 

This is Kate from the Maintenance Reminder and Appointment Team of Toyota Pasig.

We would like to remind you that your vehicle is due for Preventive Maintenance Service (PMS). To assist you with scheduling, please provide the following details:

• Preferred Date & Time: • Customer Name: • Plate Number: • Vehicle Model:
• Mileage:  • Contact Number: • Preferred Service Advisor (if any): • Will you wait for the vehicle? (Yes/No)

For any questions or concerns, you may reach me directly at (0969) 582 8365.

Thank you and drive safely! Toyota Pasig Service Department",smishing,2025-11-10 11:28:43,+6396958***65,Personal_Mobile,1
"Nothing is more important to us than your convenience. 
  We have made improvements in our mobile apps to enable you to get the support you need without having to go out or call our hotline. 
  If you need to view, pay or ask about your bill, register for promos, and more, download the GlobeOne app.
  To renew your Postpaid plan, simply visit the Globe Online Shop.
  Thank you and please stay safe!",ads,2025-10-15 13:57:59,GLOBE,Verified_Brand,0
"Stay in the game and keep the win streak going with Smart UNLI 5G+! Enjoy UNLI 5G + nonstop 4G data + UNLI Calls & Texts for 3 days, for only P115!",ads,2025-07-11 16:03:17,SM Malls,Verified_Brand,0
"Ala eh! #SM3DaySale na sa Oct 17, 18, 19, 2025 sa SM City Batangas at may chance ka pa to win a Suzuki Jimny when you shop! Per DTI Permit No. FTEB237105 S2025",ads,2025-10-13 11:45:58,SM Malls,Verified_Brand,0
"Answer calls from anywhere in the house! Upgrade to a cordless telset featuring caller ID display, auto-answer, and wireless convenience for only P99/mo x 24mos .

Get yours today at pldthome.info/JTE1",ads,2025-07-13 11:34:59,PLDTDeals,Verified_Brand,0
"Clear calls and timeless TV, just like the good old days. The Cordless Telset keeps lolo and lola connected with ease, while Cignal brings back their favorite shows. It's comfort and connection made simple. Only P99/mo x 24 mos for Telset, Cignal from P290/mo.

Get started at pldthome.info/JTC2",ads,2025-07-30 18:41:35,PLDTDeals,Verified_Brand,0
"Clear calls made simple. The Cordless Telset lets lolo and lola chat with ease with caller ID, auto-answer, and no messy wires. Just P189/mo x 12 mos.
Order now at pldthome.info/ATS1",ads,2025-08-07 14:26:32,PLDTDeals,Verified_Brand,0
"From catching up with family to enjoying TV classics, the Cordless Telset makes communication simple, while Cignal brings programs for all ages. Everything you need for a home that cares for you. Get a Cordless Telset at P99/mo x 24 mos and Cignal from P290/mo: pldthome.info/STC1",ads,2025-09-09 16:15:11,PLDTDeals,Verified_Brand,0
"Still stuck to one spot? Go cordless today! The Cordless Telset gives wireless freedom, caller ID & auto-answer so you never miss a call. Get it for P99/mo x 24 mos and talk from anywhere at home: pldthome.info/OTL1",ads,2025-10-03 08:58:15,PLDTDeals,Verified_Brand,0
"Still stuck to one spot? Go cordless today! The Cordless Telset gives wireless freedom, caller ID & auto-answer so you never miss a call. Get it for P99/mo x 24 mos and talk from anywhere at home: pldthome.info/OTL1",ads,2025-10-07 13:41:50,PLDTDeals,Verified_Brand,0
"Hi SCOTT! May mga nanalo na ng cash prizes sa LOAN-TO-WIN RAFFLE PROMO! Ikaw na kaya ang next winner? Apply na sa Pag-IBIG Multi-Purpose Loan para sa chance mong manalo ng up to P50,000 sa Grand Draw! For more details, visit our website then go to the LOAN-TO-WIN RAFFLE PROMO page. ",gov,2025-09-24 07:25:23,PagIBIGFund,Verified_Brand,0
"Your Birthday Treat is here! Celebrate your special day with 20% OFF at Bratpack, GRIND, ResToeRun, R.O.X., The Travel Club, & other PRIMER stores. Rediscover premium brands like Birkenstock, Montbell, Hedgren, Hydro Flask, Delsey, Sledgers, & more. This promo runs until Sept. 30 2025. T&Cs apply.",ads,2025-09-01 11:03:09,PRIMERGROUP,Verified_Brand,0
"Your exclusive 20% OFF Birthday Treat this month is expiring SOON! Shop at Bratpack, GRIND, ResToeRun, R.O.X., The Travel Club & other Primer stores. Gift yourself with top picks from Birkenstock, Hedgren, Hydro Flask, Columbia, Delsey, & more. Hurry, this promo runs until Sept. 30, 2025. T&Cs apply",ads,2025-09-20 10:02:08,PRIMERGROUP,Verified_Brand,0
<BLANK>,smishing,2025-08-27 17:57:30,122,Short_Code,1
<BLANK>,smishing,2025-08-27 17:57:49,122,Short_Code,1
<BLANK>,smishing,2025-08-27 17:58:11,122,Short_Code,1
<BLANK>,smishing,2025-08-27 17:58:32,122,Short_Code,1
<BLANK>,smishing,2025-08-29 05:16:52,122,Short_Code,1
<BLANK>,smishing,2025-08-29 05:17:05,122,Short_Code,1
<BLANK>,smishing,2025-08-29 05:17:24,122,Short_Code,1
<BLANK>,smishing,2025-08-29 05:17:36,122,Short_Code,1
<BLANK>,smishing,2025-09-04 08:48:59,122,Short_Code,1
<BLANK>,smishing,2025-09-04 08:49:11,122,Short_Code,1
<BLANK>,smishing,2025-09-04 08:49:31,122,Short_Code,1
<BLANK>,smishing,2025-09-05 14:45:39,122,Short_Code,1
<BLANK>,smishing,2025-09-05 14:45:52,122,Short_Code,1
<BLANK>,smishing,2025-09-05 14:46:13,122,Short_Code,1
<BLANK>,smishing,2025-09-05 14:46:27,122,Short_Code,1
"Never click on links from unknown senders. These links can steal your personal data, bank info, and money. Be aware and cautious always.",gov,2025-08-10 08:11:05,NTC,Verified_Brand,0
"Legitimate companies will never ask for your passwords, OTPs, or credit card details via text. Protect your info-never share it with anyone. Don't click links from whatever source.",gov,2025-08-11 07:54:06,NTC,Verified_Brand,0
"Did you win a prize or receive a package you didn't expect? If an offer seems too good to be true, it's a scam. Trust your gut and ignore it. Don't click links from anyone.",gov,2025-08-12 07:22:59,NTC,Verified_Brand,0
"Received a suspicious message? Delete it immediately. To verify a message, contact the company directly using official channels- do not click the link from the text.",gov,2025-08-13 09:09:35,NTC,Verified_Brand,0
"Form. Function. Earth-friendly.

Get up to 20% off on Native Union products until July 31, 2025!

Promo runs at all Power Mac Center and The Loop stores.",ads,2025-07-11 10:08:51,PMC,Verified_Brand,0
"Score up to P28,000 off on select Apple devices with GGives. 

Visit Power Mac Center until August 31, 2025 to know more.",ads,2025-07-28 13:35:10,PMC,Verified_Brand,0
"Hi, SCOTT. Good news! You are now qualified for a Pag-IBIG Multi-Purpose Loan (MPL). Apply now and receive your loan in as fast as 3 days! Enjoy low monthly payments and choose to pay your loan under a 2 or 3-year payment term. You may now file your loan application at any Pag-IBIG Fund branch or online by going to the Pag-IBIG Fund website> Virtual Pag-IBIG for Members> Apply for and Manage Loans> Apply for a Short-Term Loan. To know more about the Pag-IBIG Multi-Purpose Loan, you may call us at (02)87-244244, email us at contactus@pagibigfund.gov.ph, or chat with us by visiting our website. 'Yan ang Pag-IBIG Multi-Purpose Loan - Tulong na Maaasahan! ",gov,2025-07-11 11:45:07,PAGIBIGFUND,Verified_Brand,0
"Hi SCOTT! May extra cash ka na, may chance ka pang manalo sa LOAN-TO-WIN RAFFLE PROMO! Sa Pag-IBIG Multi-Purpose Loan, mas malaki na ang pwedeng mahiram at mas madali na rin mag-qualify! Mag-apply na ng Pag-IBIG Multi-Purpose Loan para makasali sa 2nd Raffle Draw sa 22 August 2025. For more details, visit our website then go to the LOAN-TO-WIN RAFFLE PROMO page. ",gov,2025-07-25 15:23:56,PAGIBIGFUND,Verified_Brand,0
"Hi! Na-register mo na ba ang GFiber Prepaid account mo sa GlobeOne app?

I-register na ang mobile number 09088949581 para magawa ang mga sumusunod:
- Bumili o i-monitor ang status ng iyong GFiberSURF promos
- Mag-earn at mag-redeem ng Rewards
- Get Help and Support under HELP > GFiber Prepaid concerns

Download the GlobeOne app now via the App Store or Google Play to register your GFiber Prepaid account!",ads,2025-06-27 11:57:35,GLOBECARE,Verified_Brand,0
"We hope you are enjoying your FREE UNLI Internet gamit ang iyong GFiber Prepaid! Laging tandaan na makikita ang iyong WIFI name at password sa modem box kung saan ito ay isinulat ng aming Globe AT HOME Broadband Specialist. During the installation, pinaalalahanan din po kayo ng aming specialist na kuhanan ito ng litrato for future reference. Salamat!",ads,2025-06-27 12:20:21,GLOBECARE,Verified_Brand,0
"Get as much as P3,000 EXTRA savings with your BDO Credit Card!

Shop at SM Store & SM Retail stores:
10% OFF on BUY NOW PAY LATER
5% OFF on straight purchase

Promo runs on:
July 16-20: SM North EDSA
July 18-20: SM Masinag, Sucat and The Podium

Search SM 3-Day Sale at BDO website for T&Cs. DTI230132",ads,2025-07-16 08:37:36,BDO Deals,Verified_Brand,0
"BUY NOW PAY LATER at 0% interest up to 36 months at BSD International, Techno Kid, Phoneville Mobile, Mobile World & more w/ your BDO Credit Card! Get P300 OFF + FREE JisuLife fan w/ P25K min spend until 08/31/25. 1st installment will be billed on your next SOA. Visit BDO Website for T&Cs DTI230348 225361",ads,2025-07-16 10:23:26,BDO Deals,Verified_Brand,0
"BUY NOW PAY LATER at 0% interest up to 24 mos at Fone Style w/ your BDO Credit Card! Get up to P6,300 OFF + FREE accessories w/ select smartphone purchase until 9/30/25. Plus, spend anywhere & earn up to P6K Cashback until 7/31/25. Enroll now. Visit BDO Website, search Fone Style for T&Cs DTI229692 225361",ads,2025-07-17 10:42:48,BDO Deals,Verified_Brand,0
"BUY NOW PAY LATER at 0% interest up to 24 months at select Huawei Concept Stores w/ your BDO Credit Card! Get freebies w/ Huawei Mate X6 purchase until 9/30/25. Plus, spend anywhere & earn up to P6K Cashback until 7/31/25. Enrollment is required. Visit BDO Website, search HUAWEI for T&Cs DTI230113 225361",ads,2025-07-17 12:44:53,BDO Deals,Verified_Brand,0
"Get P5K OFF on Samsung Galaxy Z Series pre-order when you BUY NOW PAY LATER at 0% interest up to 24 months via Lazada using your BDO Credit Card.

Pre-order until July 31, 2025.

1st installment will be billed on your next SOA from transaction date. Visit the BDO Website & search Lazada for T&Cs DTI230626",ads,2025-07-18 14:44:42,BDO Deals,Verified_Brand,0
"30% OFF w/ BDO Cards at Gap, Old Navy & Banana Republic in-store and online! Use code BDODEALS til 7/31. 

Search Gap at BDO web for T&C. DTI224181",ads,2025-07-21 10:05:58,BDO Deals,Verified_Brand,0
"LAST CHANCE TO GET UP TO P6K CASHBACK!

Enroll Promo ID 432A4649AA and keep using your BDO Credit Card anywhere until July 31:

P200K = P6K Cashback
P100K = P2.5K Cashback
P40K = P1K Cashback
Min of P1K per transaction

For T&Cs, visit deals .bdo .com .ph and search SPEND ANYWHERE. DTI225361",ads,2025-07-21 11:22:00,BDO Deals,Verified_Brand,0
"Mayroon ka bang mga tanong or kailangan ng tulong sa iyong GFiber Prepaid account?

I-chat lang ang Globe AT HOME sa Facebook Messenger o buksan ang GlobeOne app at i-tap ang Help > choose your GFiber Prepaid account > GFiber Prepaid concerns. Salamat!",ads,2025-07-14 18:36:05,GLOBEATHOME,Verified_Brand,0
"Kung may concerns ka sa internet connection, subukan mag-basic troubleshooting sa GlobeOne app bago mag-request ng repair. I-tap ang Help > choose your GFiber Prepaid account > GFiber Prepaid concerns > Troubleshoot my device.

Tandaan na hindi ka makaka-request ng repair kung wala kang active na UNLISurf promo. Salamat!",ads,2025-07-16 18:49:26,GLOBEATHOME,Verified_Brand,0
"I-download ang GlobeOne app mula sa App Store or Google Play to get the best experience for your GFiber Prepaid account!

Pwede kang bumili ng UNLISurf promos, mag-monitor ng iyong data usage, and get support via Help sa GlobeOne app.

Kung ibang channels ang gamit mo, maaari ka din mag-load via GCash o sa inyong suking tindahan para tuloy tuloy ang pag-surf with your GFiber Prepaid account.",ads,2025-07-18 10:17:35,GLOBEATHOME,Verified_Brand,0
"Kumusta? May concerns ka ba lately? If you want to know more about GFiber Prepaid o kung may concern ka sa iyong account, pumunta lang sa GlobeOne app at i-tap ang Help > choose GFiber Prepaid account > GFiber Prepaid concerns > View FAQs.",ads,2025-07-21 10:37:52,GLOBEATHOME,Verified_Brand,0
"Join our Apple Academy Ambassador training on July 22 to 24 & 29 to 31, 2025 at Discovery Suites, Pasig. 

Inquire at basecamp@powermaccenter.com. 

*Fee applies.",ads,2025-07-14 15:32:06,PMC,Verified_Brand,0
"Join our 3D & AR iPad workshop on Aug 16, 1:30PM at SM Seaside Cebu, Cube Wing, 3/F. 

Register at basecamp@powermaccenter.com. 

*Fee applies.",ads,2025-07-15 14:07:45,PMC,Verified_Brand,0
Stay always connected! Check your balance regularly and stay up-to-date with the latest offers via the Smart App!,ads,2025-06-05 10:19:36,SMART,Verified_Brand,0
"Sorry, postpaid subscribers are not allowed to use this Service. Please call Customer Care Hotline at *888 for assistance.",ads,2025-06-05 10:21:07,SMART,Verified_Brand,0
"Apply for a Postpaid Plan anytime, anywhere at the new Smart Online Store!
 
Be among the first to get SIM-Only Plan 799 online: enjoy 115 GB of data (100 GB 5G + 15 GB open access) plus an extra 7.5 GB open-access data for 6 months, Unli Calls & Texts, landline calls, and a Netflix Mobile subscription, all for just P799/month.
 
Visit the Smart Online Store to apply! T&Cs apply. DTI#210633",ads,2025-06-22 13:20:11,SMART,Verified_Brand,0
"BUY NOW PAY LATER at 0% interest up to 24 months term in all MemoXpress stores with your BDO Credit Card!

Enjoy 10% OFF on select accessories with any smartphone purchase until June 30, 2025. The first installment will be billed on your next SOA. Visit BDO Website and search MEMOXPRESS for T&Cs DTI220512",ads,2025-06-03 10:07:45,BDO Deals,Verified_Brand,0
"Get up to 1K Cashback on Shopee 6.6 w/ BDO Credit Cards! 3K min spend on Jun 5-7. Enroll Promo ID 432A4649AA

Search Shopee 6.6 on BDO website for T&C.DTI218525",ads,2025-06-04 11:46:46,BDO Deals,Verified_Brand,0
"BUY NOW PAY LATER at the Lazada 6.6 Sale until 06/08/2025!

Avail 0% interest up to 12 months w/ your BDO Credit Card at Samsung, Huawei, TCL, Fujidenzo, Midea & more.

Choose 0% installment as payment method & select term. BUY NOW PAY LATER is available year-round.

Visit BDO website for T&Cs. DTI208437",ads,2025-06-05 17:04:13,BDO Deals,Verified_Brand,0
Get up to 17% or P1.5K OFF on Lazada w/ BDO Credit Cards (8pm Jun 5-8). Use vouchers w/ min P5K spend. Search Lazada 6.6 at deals .bdo .com ph for T&C.DTI226744,ads,2025-06-05 17:36:49,BDO Deals,Verified_Brand,0
"BUY NOW PAY LATER at 0% interest up to 24 mos at Gigahertz with your BDO Credit Card!

Enjoy deals worth up to P30K until 6/30/25 + spend anywhere & earn up to P6K Cashback until 7/31/25. Enrollment is required. 1st installment will be billed on your next SOA. Visit BDO Website for T&Cs. DTI223135, 225361",ads,2025-06-09 09:56:36,BDO Deals,Verified_Brand,0
"Up to P3,000 EXTRA savings at SM 3-Day Sale with your BDO Credit Card!

Shop at SM Store & SM Retail stores:
10% OFF on BUY NOW PAY LATER
5% OFF on straight purchase

Promo runs on:
June 12-15: SM Quiapo
June 13-15: SM Cubao, Estancia, and Makati

Search SM 3-Day Sale at BDO website for T&Cs. DTI212725",ads,2025-06-11 08:36:06,BDO Deals,Verified_Brand,0
"Best Deals for Dad w/ BDO Cards! Up to 40% OFF on Dining, Shopping & Travel.

Search Father's Day Deals on deals .bdo .com .ph for offers & DTI-approved T&C",ads,2025-06-11 16:38:43,BDO Deals,Verified_Brand,0
"Enjoy exclusive preview sale on limited edition seasonal pieces at Roger Vivier Boutique, Greenbelt 3, Makati on June 15 -17, 2025. Buy Now Pay Later at 0% interest for up to 12 months with your BDO Credit Card. RSVP to 09171474688. Visit BDO Website, Deals, search Roger Vivier for T&Cs. DTI208437, 226498",ads,2025-06-13 11:11:21,BDO Deals,Verified_Brand,0
"BUY NOW PAY LATER at 0% interest up to 24 months & get up to P23K OFF at Power Mac Center & The Loop w/ your BDO Credit Card!

Plus, spend anywhere & earn up to P6K Cashback until 7/31/25. Enrollment is required. 1st installment will be billed on your next SOA. Visit BDO Website for T&Cs. DTI226479 225361",ads,2025-06-16 09:55:13,BDO Deals,Verified_Brand,0
"BUY NOW PAY LATER at 0% interest up to 36 months at BSD International, Techno Kid & more w/ your BDO Credit Card! Get P500 OFF + FREE speaker w/ P25K min spend until 06/30/25. Plus, spend anywhere & earn up to P6K Cashback until 07/31/25. Enrollment is required. Visit BDO Website for T&Cs DTI216271 225361",ads,2025-06-17 08:59:42,BDO Deals,Verified_Brand,0
"BUY NOW PAY LATER at 0% interest at Power Mac Center, Samsung, Silicon Valley, Octagon Computer, Huawei, Beyond the Box, Fonestyle, MemoXpress & more w/ your BDO Credit Card!

Plus, spend anywhere & earn up to P6K Cashback until 7/31/25. Enrollment is required. Visit BDO website for T&Cs. DTI208437 225361",ads,2025-06-17 09:38:27,BDO Deals,Verified_Brand,0
"Transfer your card balances from other banks to your BDO Credit Card and pay on installment at 0.42% monthly add-on rate for up to 60 mos. term. Plus, pay 2 months later!

To apply, use PROMO ID 432A4649AA
-Log in to BDO Pay or BDO Online app>Installment Offers>Balance Transfer>Balance Transfer Low Rate>Apply Now
-Visit BDO website>Deals>Balance Transfer Low Rate>Apply Now

OR Call (02) 8667-1680

Offer is until Jun 30, 2025. T&Cs & fees apply. DTI222912",ads,2025-06-17 13:28:24,BDO Deals,Verified_Brand,0
"The Great BDO Travel Sale-Manila is still ON! Book exclusive fares from EVA Air, Qatar Airways, JAL, Emirates, Asiana Airlines, Turkish Airlines, Air France, Thai Airways, Air Canada, Qantas, Vietnam Airlines, Starlux, Air China & more as low as USD404 (Economy) & USD2,880 (Business) to USA, USD563 (Economy) & USD2,051 (Business) to Europe. Promo til 6/30/25 unless specified. Visit www. bdo. com. ph/ travel for more details. T&Cs apply. DTI226035,226078",ads,2025-06-18 09:49:40,BDO Deals,Verified_Brand,0
"Convert recent purchases on your BDO Credit Card of at least P3K or USD200 to installment w/ a LOW 0.49% monthly add-on rate for up to 24 months term!

Apply online & use PROMO ID 432A4649AA
- Log in to BDO Pay/BDO Online app>select your Credit Card>Installment Offers>Purchase Convert>Purchase Convert Low Rate
- Visit the BDO website>Deals>search Purchase Convert Low Rate

Offer is until Aug 31, 2025. T&Cs & Availment Fee of P100 or USD5 apply. DTI226307",ads,2025-06-18 13:52:38,BDO Deals,Verified_Brand,0
"Celebrate DAD this month with fine italian jewelry, watches, and leather goods from Bvlgari. Enjoy exclusive shopping experience and BUY NOW PAY LATER at 0% interest for up to 24 months with your BDO Credit Card. Promo runs until June 30, 2025. Visit BDO Website, Deals, search Bvlgari for T&Cs. DTI208437",ads,2025-06-19 11:28:10,BDO Deals,Verified_Brand,0
"Get 12% or up to P1,500 OFF on Klook w/ BDO Credit Cards! Use code BDOWEEKEND until 7/27/25 (Fri-Sun). Search Klook at deals .bdo .com .ph for T&C. DTI221074",ads,2025-06-20 11:35:34,BDO Deals,Verified_Brand,0
"Hell0, Ikaw ang napiling manalo ng SUPER MEG@WIN at SUPER @CE  sa aming site! dahil  lagi kang TALO SA  nilalaruan mo. PAPANALUNIN KITA  NG MALAKI, MESSAGE MO LANG AKo, turuan kita ng STRATEGY, adjust ko  system para sayo!

FB/Messenger: Lewej Gomez (naka yellow swimsuit) ",smishing,2025-06-19 14:58:09,+6393118***16,Personal_Mobile,1
"To our valued Smart subscribers, as your trusted partner no matter the distance, we want you to know that Smart Cares.

From June 23 to 25, you can make FREE IDD calls from the Philippines to Iran and Israel to help you stay connected with your loved ones in times of crisis.

For more assistance, you may call our dedicated 24/7 Smart Emergency Support Line at +6388457799.",ads,2025-06-23 17:42:20,SMART,Verified_Brand,0
"To our valued Smart subscribers, as your trusted partner no matter the distance, we want you to know that Smart Cares.

From June 23 to 25, you can make FREE IDD calls from the Philippines to Iran and Israel to help you stay connected with your loved ones in times of crisis.

For more assistance, you may call our dedicated 24/7 Smart Emergency Support Line at +63288457799.",ads,2025-06-23 19:29:27,SMART,Verified_Brand,0
"BUY NOW, PAY 3 MOS. LATER at 0% interest up to 24 mos. at Abenson in-store & online, AbensonHome, Automatic Centre & Electroworld w/ your BDO Credit Card! Plus, get free item until 2/28/25:
P35K - Garment Steamer/Mini Home Theatre
P55K - Vacuum Cleaner/Hotpot & Griller
Visit BDO website for T&Cs DTI209767",ads,2025-01-02 10:00:09,BDO Deals,Verified_Brand,0
"Transfer card balances from other banks to your BDO Credit Card & pay on installment at 0.42% monthly add-on rate for up to 60 mos. Use PROMO ID 432A4649AA

To apply:
-Log in to BDO Online or BDO Pay app>Installment Offers>Balance Transfer>Balance Transfer Low Rate>Apply Now
-Visit BDO website>Deals>Balance Transfer Low Rate>Apply Now
-Call (02) 8667-1680

Offer is until Jan 31, 2025. Applicable rate subject to BDO approval. T&Cs & fees apply. DTI210432",ads,2025-01-22 09:49:08,BDO Deals,Verified_Brand,0
"The Great BDO Travel Sale-Manila continues! Book exclusive fares w/ BDO Cards via online, hotline or ticket office from EVA Air, Qatar Airways, JAL, Asiana Airlines, Turkish Airlines, Thai Airways, Starlux, Ethiopian Airlines & more as low as USD404 (Economy) & USD2,850 (Business) to USA, USD563 (Economy) & USD2,516 (Business) to Europe. Promo til 1/31/25, unless specified. Search The Great BDO Travel Sale-Manila on BDO website for T&C. DTI209850",ads,2025-01-22 09:58:09,BDO Deals,Verified_Brand,0
"Get CASH up to P82,000 with your BDO Credit Card & pay P2,647.06/month for 36 months at 0.45% monthly interest. 

Ways to avail:
- Visit BDO website, click Deals, search Rate Drop & click AVAIL NOW
- Log-in to BDO Pay App, tap Cash Installment > Avail Cash
- Visit any BDO Branch

Use Promo ID 432A4649AA.

Valid until 01/31/2025. Availment, amount & rate are subject to BDO approval. T&Cs & fees apply. DTI206390",ads,2025-01-22 11:56:01,BDO Deals,Verified_Brand,0
"Enjoy 0% interest for 3 months on Condition-Based Service at Autoallee BMW with your BDO Credit Card.

Offer is valid until March 31, 2025.

For promo details, visit BDO Website, click Deals and search 'Autoallee BMW'.

Terms and Conditions apply. DTI208437",ads,2025-01-23 11:42:37,BDO Deals,Verified_Brand,0
"Pre-order the new Samsung Galaxy S25 until Feb. 13 on BUY NOW, PAY LATER at 0% interest up to 36 mos w/ your BDO Credit Card! 

Plus, get Discounts & Cashback on 12, 24 or 36 mos term:
- 5% OFF at Samsung online 
- Up to P7.5K OFF at Samsung Experience Stores 
- Up to P7.5K Cashback on min spend (net of discounts) on any Samsung products

ENROLL in the Cashback promo w/ PROMO ID 432A4649AA by 2/28/25. Visit BDO website, search Samsung for T&Cs. DTI211072",ads,2025-01-24 10:47:35,BDO Deals,Verified_Brand,0
"Get up to P5K Cashback with your BDO Mastercard Credit Card for a cumulative spend on Retail and Dept Stores:
-P50K for P2.5K Cashback
-P100K for P5K Cashback
*Min. P2K per transaction

Enroll using Promo ID 432A4649AA
Promo runs 02/01-03/31/25.

For T&Cs, search Shopping Cashback on BDO Web. DTI212649.",ads,2025-01-31 11:17:39,BDO Deals,Verified_Brand,0
"Save your card and get P200 OFF on GrabFood w/ your BDO Mastercard Credit Card.

-Place an order on GrabFood for a min. single-receipt of P1K
-Save your Card as preferred payment option
-Use code BDOMC200 upon checkout, 1x use

Promo runs til 02/15

For T&Cs, visit the BDO web & search BDOMC200. DTI210713",ads,2025-02-03 08:52:33,BDO Deals,Verified_Brand,0
"BUY NOW, PAY 3 MOS. LATER at 0% interest up to 24 mos. at Abenson in-store & online, AbensonHome, Automatic Centre & Electroworld w/ your BDO Credit Card! Plus, get free item until 2/28/25:
P35K - Garment Steamer/Mini Home Theatre
P55K - Vacuum Cleaner/Hotpot & Griller
Visit BDO website for T&Cs DTI209767",ads,2025-02-03 11:14:42,BDO Deals,Verified_Brand,0
"Enjoy 50% OFF on buffet at Seasonal Tastes, The Westin Manila with your BDO Card!
Valid for 2 to 10 pax til 06/30/25

Search Westin on BDO web for T&C
DTI207939",ads,2025-02-05 13:51:06,BDO Deals,Verified_Brand,0
"Up to 50% OFF on VDAY Deals w/ BDO Cards!

-50% OFF at Yellow Cab
-25% OFF at Designer Blooms
-25% OFF + FREE Shipping on FlowerStore .ph
-20% OFF on foodpanda
-Up to 6% OFF on Trip .com

Promo period varies per partner. 

Search Valentine's on the BDO site for T&C. DTI210167,213454,213441,208244,210641",ads,2025-02-06 10:33:10,BDO Deals,Verified_Brand,0
"Celebrate the love season with Bvlgari. Find the perfect gift for yourself or your loved ones and enjoy BUY NOW, PAY LATER at 0% interest for up to 36 months term on minimum spend with your BDO Credit Card. Promo runs until 2/28/25. Visit BDO Website, Deals, search Bvlgari for T&Cs. DTI208437",ads,2025-02-07 11:14:55,BDO Deals,Verified_Brand,0
"Pay tuition in installments w/ your BDO Credit Card at 0% interest at Arellano University School of Law, Enderun Colleges, John Robert Powers or 0.70% add-on rate/mo. up to 36 mos. at Xavier School, ICA Greenhills, Miriam College & more. Offer is until June 30, 2025. Visit BDO website for T&Cs. DTI211526",ads,2025-02-10 11:43:07,BDO Deals,Verified_Brand,0
"BUY NOW, PAY LATER at 0% interest up to 36 months at select Digital Walker & open_source by Beyond the Box stores w/ your BDO Credit Card!

Enjoy freebies worth up to P18K for every pre-order of the Samsung Galaxy S25 Series until Feb. 13, 2025. Visit BDO Website & search DIGITAL WALKER for T&Cs DTI210982",ads,2025-02-10 13:44:17,BDO Deals,Verified_Brand,0
"Sign up for BDO Pay from Jan 28-Mar 15 and get P300 CASHBACK! Unlock an EXTRA P500 when you Scan to Pay anywhere using your BDO Credit Card for an accumulated spend of P1,000. Download BDO Pay now! T&Cs apply. DTI212203  
 
This promo is exclusive for NEW BDO Pay users with BDO Credit Cards and is available for a limited time only. Scan to Pay daily limit is P50,000. This daily limit is combined for all payment source accounts.",ads,2025-02-10 15:38:32,BDO Deals,Verified_Brand,0
"Celebrate pre-Valentine's at Faure Le Page in Greenbelt, Makati & receive a special gift on Feb. 12 from 3PM-6PM. Buy Now, Pay Later at 0% interest for up to 12 months w/ your BDO Credit Card. Text 09178255956 to confirm your appointment. Visit BDO Website, Deals & search Faure Le Page for T&Cs. DTI208437",ads,2025-02-11 10:09:47,BDO Deals,Verified_Brand,0
"Convert recent purchases on your BDO Credit Card of at least P3K or USD200 to installment! Enjoy a LOW 0.49% monthly add-on rate for 3 to 24-month terms!

Apply Now & use PROMO ID 432A4649AA

-Log in to BDO Pay/BDO Online app>Installment Offers>Purchase Convert> Purchase Convert Low Rate>Apply Now
-Visit BDO website>Deals>search Purchase Convert Low Rate >Apply Now

Offer until Mar 31, 2025. T&Cs & fees apply. DTI214139

To stop msgs, text STOP to 225678.",ads,2025-02-24 11:00:18,BDO Deals,Verified_Brand,0
"Travel better w/ your BDO Card & Emirates! Enjoy exclusive fares from Manila & Clark as low as USD787 (Economy) & USD2,245 (Business) to Europe. Book online w/ the promo code PHBDO25 from 03/01-13/25. Travel til 12/31/25. Search Emirates Exclusive Sale on BDO site for T&C. CAB01540214s.2025 & DTI215281",ads,2025-02-25 14:09:57,BDO Deals,Verified_Brand,0
"SM 3-Day Sale on Feb 28-Mar 2

Get up to P3,000 EXTRA savings w/ your BDO Credit Card!

Shop at SM Store & SM Retail stores:
10% OFF on BUY NOW PAY LATER
5% OFF on straight purchase

Promo runs at SM Sta. Mesa & Taytay.

Search SM 3Day Sale at BDO site for T&Cs. DTI212725. To stop msgs, txt STOP to 225678",ads,2025-02-26 11:28:13,BDO Deals,Verified_Brand,0
"Mark your calendars! Book your summer travels at the BDO Travel Sale from March 14-16, 2025. Visit us onground at The Fifth at Rockwell or book online www. bdo. com. ph/ travel to enjoy exclusive fares from Philippine Airlines, Emirates, EVA Air, Qatar Airways, Asiana Airlines, Japan Airilines, China Airlines & more w/ your BDO Cards. Search BDO Travel Sale on the BDO Website for T&Cs. DTI214485",ads,2025-02-26 14:18:50,BDO Deals,Verified_Brand,0
"Do you want P800 cashback? Just sign up for BDO Pay to get P300 and Scan to Pay and charge to your BDO Credit Card to get additional P500 cashback!

Min. spend of P1,000 is required. Promo ends March 15, 2025. 
T&C apply. DTI212203

This promo is exclusive for NEW BDO Pay users with BDO Credit Cards and is available for a limited time only. Scan to Pay limit for Credit Card is up to the available credit limit. For Bank Account, the daily limit is P50,000.",ads,2025-02-27 09:47:28,BDO Deals,Verified_Brand,0
"Enjoy low fares during Philippine Airlines' Anniversary Sale with BDO Credit and Debit Card for as low as USD169 (Economy), USD649 (Business) to Japan & USD469 (Economy), USD3,029 (Business) to USA. Other domestic/international destinations are available. Promo til Mar. 20, 2025. Travel from Mar. 1, 2025 onwards, unless specified. Visit the Philippine Airlines website to book. T&Cs apply. CAB0169-02-19 & 0160-02-17-s.2025",ads,2025-02-27 15:03:02,BDO Deals,Verified_Brand,0
"Up to P1000 Cashback on Shopee 3.3 w/ BDO Credit Cards on Mar 2-4! Enroll your Promo ID 432A4649AA til 3/5. For T&C, search Shopee on the BDO site.DTI216110",ads,2025-02-28 09:04:55,BDO Deals,Verified_Brand,0
"BUY NOW PAY LATER at the Lazada 3.3 Pasabog Sale until Mar. 7, 2025!

Avail 0% interest up to 12 mos. w/ your BDO Credit Card at Samsung, HONOR, Starlink, Dyson & more.

Choose 0% installment as payment method & select term. BUY NOW PAY LATER is available year-round.

Visit BDO website for T&Cs. DTI208437",ads,2025-03-03 10:08:14,BDO Deals,Verified_Brand,0
"Get up to P5K Cashback with your BDO Mastercard Credit Card for a cumulative spend in Retail and Dept Stores:
-P50K for P2.5K Cashback
-P100K for P5K Cashback
*Min. P2K per transaction

Enroll using Promo ID 432A4649AA
Promo runs until 03/31/25.

For T&Cs, search Shopping Cashback on BDO Web. DTI212649.",ads,2025-03-03 10:26:46,BDO Deals,Verified_Brand,0
"BUY NOW PAY 3 MONTHS LATER at Slimmers World Body and Skin Clinic.

Enjoy 0% interest up to 12 months and 25% off on select body and skin treatments with your BDO Credit Card . Valid until May 31, 2025.

Visit BDO website, click Deals and search Slimmers World for promo details. T&Cs apply. DTI215367",ads,2025-03-05 09:54:46,BDO Deals,Verified_Brand,0
"BUY NOW PAY LATER at 0% interest up to 6 months term with your BDO Credit Card! Plus, enjoy 10% OFF on min. spend at Foot Locker, New Balance, Planet Sports, Fitflop, HOKA, Converse, Rookie and more.

Promo until 4/30/25. Visit BDO Website, Deals, search Planet Sports for details. T&Cs apply DTI215498",ads,2025-03-05 10:21:36,BDO Deals,Verified_Brand,0
"No BDO Pay yet? Sign up now to get P300 and unlock an extra P500 when you Scan to Pay with your BDO Credit Card for a min. purchase of P1,000. Promo ends March 15, 2025. T&C apply. DTI212203

This promo is exclusive for NEW BDO Pay users with BDO Credit Cards and is available for a limited time only. Scan to Pay limit for Credit Card is up to the available credit limit. For Bank Account, the daily limit is P50,000.",ads,2025-03-05 15:18:46,BDO Deals,Verified_Brand,0
"Shop and save your card for the first time and get P500 Cashback for a min. cumulative spend of P3,500 on Lazada with your BDO Mastercard Credit Card. 

To join, enroll your Promo ID 432A4649AA

Promo runs until March 15, 2025.

For T&Cs, visit the BDO website & search Lazada Cashback. DTI214856",ads,2025-03-07 15:55:44,BDO Deals,Verified_Brand,0
"Transfer card balances from other banks to your BDO Credit Card & pay on installment at 0.42% monthly add-on rate for up to 60 mos. Use PROMO ID 432A4649AA

To apply:
-Log in to BDO Online or BDO Pay app>Installment Offers>Balance Transfer>Balance Transfer Low Rate>Apply Now
-Visit BDO website>Deals>Balance Transfer Low Rate>Apply Now
-Call (02) 8667-1680

Offer is until Mar 31, 2025. Applicable rate subject to BDO approval. T&Cs & fees apply. DTI210432",ads,2025-03-11 09:26:32,BDO Deals,Verified_Brand,0
"Book these exclusive fares at the BDO Travel Sale as low as USD248 (Economy) & USD888 (Business) to Japan, USD240 (Economy) & USD750 (Business) to Korea, USD404 (Economy) & USD2,880 (Business) to USA, USD563 (Economy) & USD2,016 (Business) to Europe. Book online at www. bdo. com. ph/ travel or onground at The Fifth at Rockwell on March 14-16, 2025. Travel til Feb. 28, 2026, unless specified. Search BDO Travel Sale on the BDO Website for T&Cs. DTI214485",ads,2025-03-12 09:50:54,BDO Deals,Verified_Brand,0
Enjoy the best of Mt. Fuji in Shizuoka & Yamanashi w/ BDO Credit or Debit Cards! Book through World Joint Travel website. Min. of 3 Days 2 Nights stay at JPY213K/person. Promo runs until 12/31/2025. Visit BDO website & search Exclusive Japan Travel Package for T&Cs. DTI210629,ads,2025-03-13 15:33:37,BDO Deals,Verified_Brand,0
"Get up to P3K The Travel Club voucher when you Fly Now Pay Later with your BDO Credit Card! Spend a min. of P50K at The BDO Travel Sale from Mar. 14-16, 2025 at The Fifth at Rockwell. Enjoy 0% interest for 3 months & pay 2 months later. Visit BDO Website, Deals, Search Fly Now Pay Later for T&Cs DTI217540",ads,2025-03-13 15:59:59,BDO Deals,Verified_Brand,0
"#TravelBETTER with BDO Cards!

- 8% OFF on Agoda hotels
- Up to 6% OFF on Trip .com hotels & flights
- Up to 40% OFF on Big Sky Travel WiFi

Promo period varies per partner.

Search Online Deals on the BDO website for T&C
DTI210640/210641/217569",ads,2025-03-13 16:16:52,BDO Deals,Verified_Brand,0
"Pay your purchases from The BDO Travel Sale on installment with a low 0.49% monthly add-on rate for 3 to 24-month terms.

Convert on-site at The Fifth Rockwell Powerplant & get up to P3K voucher from The Travel Club! 

Min. spend to qualify for the voucher is at P50K or USD864 (single/accumulated spend).

Promo runs from March 14-16, 2025.

For details, visit BDO website, click Deals and search Purchase Convert Travel Sale.

T&Cs & fees apply. DTI217791",ads,2025-03-13 16:47:30,BDO Deals,Verified_Brand,0
"Hi Scott! Get up to P10,000 CASHBACK on airline, hotel, travel-related and overseas in-store purchases with your BDO Mastercard!

Just reach a cumulative spend of:
*P300,000 to get P10,000 Cashback
*P150,000 to get P5,000 Cashback

Enroll NOW using PROMO ID 432A4649AA.

Promo runs from March 15 - May 31, 2025.

For T&Cs, search Travel Cashback on the BDO website. DTI216400",ads,2025-03-14 13:21:03,BDO Deals,Verified_Brand,0
"Ending soon! Get up to P5K Cashback when you shop with your BDO Mastercard Credit Card! Accumulate at least P50K spend in Retail and Department Stores until Mar 31, 2025, minimum spend of P2K per transaction. 

Enroll using Promo ID 432A4649AA

Search Shopping Cashback on BDO website for T&Cs. DTI212649.",ads,2025-03-14 15:27:44,BDO Deals,Verified_Brand,0
"Promo extended until April 15, 2025 - qualify for P300 cashback when you sign up for BDO Pay, then unlock an EXTRA P500 if you also Scan to Pay and accumulate a spend of at least P1K using your BDO Credit Card. T&Cs apply. DTI212203  

Promo exclusive to BDO Credit Cardholders new to BDO Pay. Available for a limited time only. Scan to Pay limit for Credit Card is up to the available credit limit. For Bank Account, the daily limit is P50,000.",ads,2025-03-14 15:50:14,BDO Deals,Verified_Brand,0
"Get up to P2K Cashback with min. required spend at SM Appliance Center with your BDO Credit Card!

P25K spend: Get P1K cashback
P50K spend: Get P2K cashback

ENROLL NOW using Promo ID 432A4649AA until Apr 30, 2025. Plus, BUY NOW PAY 3 MONTHS LATER at 0% interest up to 24 months in-store or on 3 months term for online spend.  

Cashback offer is not in conjunction with SM 3-Day Sale offer. Visit BDO Website and search SM Appliance Center for T&Cs DTI217131",ads,2025-03-14 15:59:46,BDO Deals,Verified_Brand,0
"The BDO Travel Sale continues! Book exclusive fares from our travel partners with your BDO Cards. As low as USD248 (Economy) & USD888 (Business) to Japan, USD240 (Economy) & USD750 (Business) to Korea, USD404 (Economy) & USD2,880 (Business) to USA, USD563 (Economy) & USD2,016 (Business) to Europe. Visit www. bdo. com. ph/ travel for details on how to book. Promo runs until 03/31, unless specified. Travel period varies per partner. T&Cs apply. DTI216914",ads,2025-03-17 11:29:24,BDO Deals,Verified_Brand,0
"BUY NOW PAY LATER at 0% interest up to 36 mos at BSD International, Techno Kid, Mobile World & more w/ your BDO Credit Card.

Get P500 OFF & free Havit Speaker w/ a P25K min spend until 6/30/25. 1st installment will be billed on your next SOA. Visit BDO Website, search BSD International for T&Cs DTI216271",ads,2025-03-18 10:56:47,BDO Deals,Verified_Brand,0
"Convert recent purchases on your BDO Credit Card of at least P3K or USD200 to installment! Enjoy a LOW 0.49% monthly add-on rate for 3 to 24-month terms!

Apply Now & use PROMO ID 432A4649AA

-Log in to BDO Pay/BDO Online app>Installment Offers>Purchase Convert> Purchase Convert Low Rate>Apply Now
-Visit BDO website>Deals>search Purchase Convert Low Rate >Apply Now

Offer until Mar 31, 2025. T&Cs & fees apply. DTI214139

To stop msgs, text STOP to 225678.",ads,2025-03-20 10:14:39,BDO Deals,Verified_Brand,0
"BUY NOW PAY LATER at 0% interest up to 24 months at Aerophone w/ your BDO Credit Card.

Get a free Casetalk Fan with purchase of Vivo V50 at participating Vivo Concept Stores & any Aerophone, Cybertech, Smart Gadget & Aeromobile stores until 3/31/25. Visit BDO Website, search Aerophone for T&Cs DTI216158",ads,2025-03-21 08:39:36,BDO Deals,Verified_Brand,0
"Get up to 17% or P1.5K OFF on Lazada Bday w/ BDO Credit Cards (Mar 24,8pm - Mar 27). Use vouchers w/ min P5K spend. Search Lazada on BDO website DTI216389",ads,2025-03-21 11:27:04,BDO Deals,Verified_Brand,0
"Don't miss up to 30% OFF or freebies on BUY NOW PAY LATER at 0% interest w/ your BDO Credit Card at Abenson, AllHome, Anson's, Automatic Centre, Dyson, GE Monogram, SM Appliance Center, Western Appliances & more. Plus, pay 3 mos. later until 5/31/25. Visit BDO website, search Appliances for T&Cs DTI215363",ads,2025-03-21 15:14:25,BDO Deals,Verified_Brand,0
"Sign up for BDO Pay and get P300! Plus, Scan to Pay with your BDO Credit Card and score an extra P500 cashback!

Min. spend of P1,000 is required. Promo ends April 15, 2025.  T&C apply. DTI212203

This promo is exclusive for NEW BDO Pay users with BDO Credit Cards and is available for a limited time only. Scan to Pay limit for Credit Card is up to the available credit limit. For Bank Account, the daily limit is P50,000.",ads,2025-03-24 08:03:00,BDO Deals,Verified_Brand,0
"Up to 50% OFF at The Bistro Group

Use BDO Mastercard for a min. bill of P3K, Tue-Fri til 4/4. Max P2.5K OFF. For T&C, search Bistro Group on BDO web. DTI216838",ads,2025-03-24 10:51:49,BDO Deals,Verified_Brand,0
"Enjoy luxury shopping at Alexander McQueen, Balenciaga, Bottega Veneta, Givenchy, Kenzo, Loewe, Saint Laurent & Versace. Take advantage of 0% interest up to 12 months at participating brands' boutiques. Promo runs from Mar. 10 - Jun. 30, 2025. Visit BDO Website, click Deals, search SSI for T&Cs. DTI208437",ads,2025-03-24 16:43:56,BDO Deals,Verified_Brand,0
"50% OFF at Bistronomia

Use BDO Mastercard for a min. bill of P5K, Tue-Fri til 4/4. Max P5K OFF. For T&C, search Bistro Group on BDO web. DTI216838",ads,2025-03-25 11:22:13,BDO Deals,Verified_Brand,0
"Enjoy low fares at Cathay Pacific Travel Fair on 03/28-30,25 at Mega Fashion Hall, SM Megamall w/ BDO Cards as low as USD100 (Economy) & USD650 (Business) to Hong Kong, USD365 (Economy) & USD2,980 (Business) to USA, & USD425 (Economy) & USD1,870 (Business) to Europe. Travel til 12/31/25. Plus, avail of FLY NOW, PAY LATER at 0% interest on 3 mos. term & pay 2 mos. later w/ BDO Credit Cards. Search Cathay Pacific Travel Fair on BDO site for T&Cs. DTI218892.",ads,2025-03-26 08:47:53,BDO Deals,Verified_Brand,0
"BUY NOW PAY LATER at 0% interest and enjoy exclusive offers from SM Appliance Center, ACE Hardware, Our Home, Crate & Barrel, Dyson, and SM Home w/ your BDO Credit Card.

Plus, pay 3 months later until May 31, 2025.

Visit the BDO website, search 'Appliances', 'Furniture' or 'Hardware' for T&Cs. DTI215363",ads,2025-03-27 08:38:12,BDO Deals,Verified_Brand,0
"BUY NOW PAY LATER at 0% interest up to 24 months + exclusive deals on iPhone 16e purchase w/ your BDO Credit Card. 

Offers available at Power Mac Center, Silicon Valley, Digital Walker, Beyond the Box & Abenson until 3/31/25. Visit BDO Website, search iPhone 16e for T&Cs DTI219149, 217895, 218866, 217822",ads,2025-03-27 12:30:41,BDO Deals,Verified_Brand,0
"Get exclusive travel and shopping perks with your BDO Mastercard Credit Card!

Enjoy up to 20% savings, gifts and tax-free shopping from selected stores in Japan, South Korea and Singapore!

Promo period varies per merchant.

For T&Cs, search Travel Exclusives on BDO website. DTI199871/203640",ads,2025-03-27 13:57:31,BDO Deals,Verified_Brand,0
"Keep using your BDO Mastercard Credit Card for online shopping and get up to P5K Cashback! 

Accumulate spend of:
P50K for P2.5K Cashback
P100K for P5K Cashback
*Min. P2K per transaction

Enroll using Promo ID 432A4649AA
Promo runs til 04/30/25.

For T&C, search Online Cashback on BDO web. DTI215490",ads,2025-03-28 12:43:03,BDO Deals,Verified_Brand,0
"Up to P1,000 Cashback on Shopee 4.4 w/ BDO Credit Cards on Apr 3-5! Enroll your Promo ID 432A4649AA til 4/6. For T&C, search Shopee on the BDO site.DTI218525",ads,2025-04-02 08:37:34,BDO Deals,Verified_Brand,0
"You have 2 weeks left to get your P800 cashback! Sign up for BDO Pay and get P300! You'll get extra P500 when you spend P1,000 via Scan to Pay with your BDO Credit Card. That's P800 cashback in total!

This promo is exclusive for NEW BDO Pay users with BDO Credit Cards and is available until April 15, 2025 only. Scan to Pay limit for Credit Card is up to the available credit limit. For Bank Account, the daily limit is P50,000.

T&Cs apply. DTI 212203",ads,2025-04-02 15:02:33,BDO Deals,Verified_Brand,0
"Get 6% OFF on hotel stays at Agoda w/ BDO Cards! Book via agoda .com /bdo til 5/31. ForT&C,search Agoda on the BDOsite.DTI218541
To stop msgs,txt STOP to 225678",ads,2025-04-03 10:03:54,BDO Deals,Verified_Brand,0
"Hi, Scott!

Book your next flight with Philippine Airlines using your BDO Mastercard and get:

* 10% OFF on base fares for international routes
* 20% OFF on base fares for domestic routes

A portion of every booking helps plant a tree in support of the Priceless Planet Coalition. 

Booking period until 04/13/25. Travel period until 11/30/25.

For details, visit the BDO website and search PAL Seat Sale. T&Cs apply. DTI219500",ads,2025-04-04 13:58:24,BDO Deals,Verified_Brand,0
"Up to 55% OFF at Greyhound Cafe w/ BDO Credit Cards & BDO Pay
-Min bill of 3K
-Max 2.5K OFF
-Promo til 4/30/25,M-F
Search Greyhound on BDO web for T&C
DTI218895",ads,2025-04-05 09:02:20,BDO Deals,Verified_Brand,0
"Up to 50% OFF at Paper Moon Cafe with BDO Credit Cards!
-Min bill of P2K
-Max P2K OFF
-Promo til 4/30/25, M-F
Search Paper Moon on BDO web for T&C.
DTI218895",ads,2025-04-07 08:54:21,BDO Deals,Verified_Brand,0
"Get up to P2K Cashback with min. required spend at SM Appliance Center with your BDO Credit Card!

P25K spend: Get P1K cashback
P50K spend: Get P2K cashback

ENROLL NOW using Promo ID 432A4649AA until Apr 30, 2025. Plus, BUY NOW PAY 3 MONTHS LATER at 0% interest up to 24 months in-store or on 3 months term for online spend.  

Cashback offer is not in conjunction with SM 3-Day Sale offer. Visit BDO Website and search SM Appliance Center for T&Cs DTI217131",ads,2025-04-08 08:44:54,BDO Deals,Verified_Brand,0
"30% OFF at Hai Chix & Steaks w/ BDO Credit Cards
-Min bill of 5k
-til 6/30/25, M-Th
Search Hai Chix on BDO web for T&C.DTI220055
To stop msgs,txt STOP to 225678",ads,2025-04-08 11:44:48,BDO Deals,Verified_Brand,0
"Get 12% or up to P1,500 OFF on Klook w/ BDO Credit Cards! Use code BDOWEEKENDS 4/11/25-7/27/25 (Fri-Sun). For T&C, search KLOOK at the BDO website DTI221074",ads,2025-04-10 13:13:49,BDO Deals,Verified_Brand,0
"Got a BDO Credit Card? Don't miss out on your P800 cashback when you sign up for BDO Pay and Scan to Pay using your Credit Card via the app. Min. P1,000 spend required. Promo ends April 15, 2025. T&C apply. DTI212203  

This promo is exclusive for NEW BDO Pay users with BDO Credit Cards and is available for a limited time only. Scan to Pay limit for Credit Card is up to the available credit limit. For Bank Account, the daily limit is P50,000.",ads,2025-04-11 17:12:38,BDO Deals,Verified_Brand,0
"Ending soon! Get up to P5K Cashback when you shop ONLINE using BDO Mastercard Credit Card! Accumulate at least P50K spend from your fave online stores/apps until Apr 30, 2025. Minimum of P2K per transaction.

Enroll using Promo ID 432A4649AA

Search Online Cashback on BDO website for T&Cs. DTI215490.",ads,2025-04-15 11:54:16,BDO Deals,Verified_Brand,0
"Here's an exclusive offer just for you! Enjoy 0% interest on 3 mos. term when you convert recent purchases on your BDO Credit Card of at least P3K or USD200 to installment!

Or choose longer payment terms with a LOW 0.39% monthly add-on rate for 6 to 24 mos.

Visit the BDO website>Deals>search Purchase Convert Zero>Apply Now & input your Promo ID 432A4649AA

Offer is until May 31, 2025. Applicable rate subject to BDO approval. T&Cs & fees apply. DTI221248",ads,2025-04-16 12:20:10,BDO Deals,Verified_Brand,0
"Transfer card balances from other banks to your BDO Credit Card & pay on installment at 0.42% monthly add-on rate for up to 60 mos. Use PROMO ID 432A4649AA

To apply:
-Log in to BDO Online or BDO Pay app>Installment Offers>Balance Transfer>Balance Transfer Low Rate>Apply Now
-Visit BDO website>Deals>Balance Transfer Low Rate>Apply Now
-Call (02) 8667-1680

Offer is until Apr 30, 2025. Applicable rate subject to BDO approval. T&Cs & fees apply. DTI210432",ads,2025-04-24 09:02:18,BDO Deals,Verified_Brand,0
"Upgrade your Apple experience with BUY NOW PAY LATER!

Enjoy 0% interest up to 24 months term at Power Mac Center, The Loop stores & online w/ your BDO Credit Card.

Offer is until June 30, 2025.

Visit BDO website, click Deals & search Power Mac Center for T&Cs. DTI208437 To stop msgs, txt STOP to 225678",ads,2025-04-24 09:02:55,BDO Deals,Verified_Brand,0
"Celebrate Now Pay Later with your BDO Credit Card! 

Plan your special moments with ease and enjoy 0% interest up to 12 months term or a low 0.65% monthly add-on rate for up to 36 months at Conrad Manila, New World Makati Hotel, Taal Vista Hotel, Pico Sands Hotel, The Bellevue Manila, Discovery Coron, Sheraton Manila Hotel, The Westin Manila and more!

Promo runs until Dec. 31, 2025. Visit BDO website, click Deals, search Celebrations for T&Cs. DTI216830",ads,2025-04-25 11:06:14,BDO Deals,Verified_Brand,0
"BUY NOW PAY LATER at 0% interest up to 24 months term in all MemoXpress stores with your BDO Credit Card!

Enjoy 10% OFF on select accessories with any smartphone purchase until June 30, 2025. The first installment will be billed on your next SOA. Visit BDO Website and search MEMOXPRESS for T&Cs DTI220512",ads,2025-04-28 08:40:54,BDO Deals,Verified_Brand,0
"50% OFF at Seasonal Tastes, The Westin Manila with BDO Cards!
For 2-10pax til 6/30/25
Search Westin on BDO web for T&C
DTI207939
To stop msgs,txt STOP to 225678",ads,2025-04-28 09:20:45,BDO Deals,Verified_Brand,0
20% or up to P250 OFF on GrabFood w/ BDO Cards! Use code BDOPAYDAYS on P800 spend on paydays until 10/15/25. Search GRABFOOD on the BDO site for T&C DTI221877,ads,2025-04-29 10:55:04,BDO Deals,Verified_Brand,0
"Save your card & get P500 Cashback on your first Shopee purchase w/ BDO Mastercard Credit Card.

Valid for a min. cumulative spend of P3,500.

To join, enroll your Promo ID 432A4649AA

Promo runs from May 1 to 31, 2025.

For T&Cs, visit the BDO website & search Shopee Cashback. DTI223209",ads,2025-04-30 10:14:42,BDO Deals,Verified_Brand,0
"Get up to 1K Cashback on Shopee 5.5 w/ BDO Credit Cards! 3K min spend on May 4-6. Enroll Promo ID 432A4649AA

Search SHOPEE on BDO website for T&C.
DTI218525",ads,2025-05-02 09:52:40,BDO Deals,Verified_Brand,0
"BUY NOW PAY LATER at 0% interest up to 24 mos at Huawei w/ your BDO Credit Card!

Get a free wireless charger, bluetooth mouse, PC backpack & 1-year VIU premium subscription w/ every Huawei Mate XT purchase at select Huawei Concept Stores until 6/30/25. Visit BDO website, search HUAWEI for T&Cs. DTI220049",ads,2025-05-05 10:19:24,BDO Deals,Verified_Brand,0
"Enjoy up to 12% Cashback on Booking .com w/ BDO Cards! Book your stay via booking .com/bdoph from 5/4-6/25.For T&C, search Booking .com at BDO website.DTI223798",ads,2025-05-05 15:17:48,BDO Deals,Verified_Brand,0
"SAVE THE DATE! 

Avail exclusive deals at The Great BDO Travel Sale w/ BDO Cards.

- Manila: SMX Aura, SM Aura Premier on May 29-Jun 1
- Cebu: North Wing Atrium, SM City Cebu on Jun 20-22
- Davao: Mall Atrium, SM Lanang on Jun 27-29

For details, visit www. bdo. com. ph/ travel. 
T&Cs apply. DTI222233",ads,2025-05-06 09:09:05,BDO Deals,Verified_Brand,0
"BUY NOW PAY LATER at 0% interest up to 24 months term at 8Telcom & Gui w/ your BDO Credit Card!

Get a FREE Bluetooth Speaker w/ P20K min spend until 6/30/25. The first installment will be billed on your next SOA. Visit BDO Website, search 8TELCOM for T&Cs DTI217517

To stop messages, text STOP to 225678",ads,2025-05-06 09:55:41,BDO Deals,Verified_Brand,0
"Avail of up to 70% OFF at Ferragamo's End-of-Season-Sale. Shop the best deals at the exclusive preview sale on May 8-9, 2025 & enjoy 0% interest for up to 12 mos with your BDO Credit Card. BUY NOW PAY LATER continues until July 31, 2025. Visit BDO Website>Deals, search Ferragamo for T&Cs DTI208437,215972",ads,2025-05-07 10:15:36,BDO Deals,Verified_Brand,0
"Here's an exclusive offer just for you! Enjoy 0% interest on 3 mos. term when you convert recent purchases on your BDO Credit Card of at least P3K or USD200 to installment!

Or choose longer payment terms with a LOW 0.39% monthly add-on rate for 6 to 24 mos.

Visit the BDO website>Deals>search Purchase Convert Zero>Apply Now & input your Promo ID 432A4649AA

Offer is until May 31, 2025. Applicable rate subject to BDO approval. T&Cs & fees apply. DTI221248",ads,2025-05-08 08:47:58,BDO Deals,Verified_Brand,0
"Best Deals for Mom w/ BDO Cards!
Up to 40% OFF at GrabFood, Designer Blooms, FlowerStore .ph, Gap, OldNavy & BananaRepublic, Capital, Birkenstock, Klook, and more.

Promo period varies per partner.

Search Mother's Day Deals on the BDO site for T&C.DTI221877, 213441, 213454, 224181, 220482, 215759, 221074",ads,2025-05-08 09:58:30,BDO Deals,Verified_Brand,0
"BUY NOW PAY LATER at 0% interest up to 24 months term at Gigahertz with your BDO Credit Card!

Enjoy exclusive discounts & freebies worth up to P30,000 with select laptop purchase until 6/30/25. The first installment will be billed on your next SOA. Visit BDO Website, search GIGAHERTZ for T&Cs DTI223135",ads,2025-05-09 10:49:53,BDO Deals,Verified_Brand,0
"BUY NOW PAY LATER at 0% interest up to 36 months at Fone Style with your BDO Credit Card.

Choose up to 3 freebies from earbuds, powerbank, adapter or headphones on select phone purchase until 6/30/25. 1st installment will be billed on your next SOA. Visit BDO Website, search Fone Style for T&Cs DTI215878",ads,2025-05-09 12:04:56,BDO Deals,Verified_Brand,0
Up to 80% OFF + EXTRA 5% OFF @ Sports Central Clearance Sale w/ your BDO Credit Card on May 14-18 @ Megatrade.Search Sports Central @ BDO web for T&Cs DTI218905,ads,2025-05-13 10:06:44,BDO Deals,Verified_Brand,0
"BUY NOW PAY LATER at 0% interest up to 24 months at Aerophone w/ your BDO Credit Card!

Get the new Samsung Galaxy S25 & enjoy 20% OFF on select Samsung accessories + free phone stand, mini fan & flood light w/ powerbank. Promo runs until 06/30/25. Visit BDO Website, search Aerophone for T&Cs. DTI213447",ads,2025-05-13 11:33:46,BDO Deals,Verified_Brand,0
"Ending soon! Save your card & get P500 Cashback on Shopee with BDO Mastercard Credit Card. Valid for a minimum cumulative spend of P3,500.

To join, enroll your Promo ID 432A4649AA

Promo runs until May 31, 2025.

For T&Cs, visit the BDO website & search Shopee Cashback. DTI223209",ads,2025-05-14 09:11:32,BDO Deals,Verified_Brand,0
"AGODA'S BIRTHDAY SALE

Enjoy EXTRA 6% OFF on hotel stays with BDO Cards! Book via agoda .com/bdo til May 21, 2025

Search AGODA on BDO website for T&C.DTI218541",ads,2025-05-15 11:15:33,BDO Deals,Verified_Brand,0
"Hi Scott!

Continue using your BDO Mastercard Credit Card for all your airline, hotel, travel-related and overseas in-store purchases to get as much as P10K CASHBACK.

Just reach a cumulative spend of at least: 
*P300K to get P10K Cashback
*P150K to get P5K Cashback

Any purchase amount qualifies.

Enroll NOW using PROMO ID 432A4649AA. 

Promo runs until May 31, 2025.

For T&Cs, search Travel Cashback on the BDO website. DTI216400",ads,2025-05-16 10:00:01,BDO Deals,Verified_Brand,0
"Enjoy up to 68% OFF on stay at our partner hotels with your BDO Credit or Debit Card!

Promo offer, period & mechanics vary per hotel.

Search hotel deals on BDO website for T&C. DTI202565, 206472, 206722, 207804, 210754

To stop msgs,txt STOP to 225678",ads,2025-05-26 09:04:57,BDO Deals,Verified_Brand,0
"BUY NOW PAY LATER at 0% interest up to 24 months term at Silicon Valley with your BDO Credit Card!

Enjoy up to P9,000 OFF on select iPhone & Macbook models & other Apple products until 6/30/25. First installment will be billed on your next SOA. Visit BDO Website & search SILICON VALLEY for T&Cs DTI218866",ads,2025-05-27 09:10:45,BDO Deals,Verified_Brand,0
"Book your next trips at The Great BDO Travel Sale:

- Japan: USD248 (Economy), USD760 (Business)
- Korea: USD240 (Economy), USD750 (Business)
- USA: USD404 (Economy), USD2,880 (Business)
- Europe: USD563 (Economy), USD2,051 (Business)

Book on ground at SMX Convention Center Aura, SM Aura Premier (10am-8pm), or online at www. bdo. com. ph/ travel, from May 29 - June 1. Travel until May 15, 2026 unless specified. T&Cs apply. DTI222233",ads,2025-05-27 10:19:11,BDO Deals,Verified_Brand,0
"Convert purchases from The Great BDO Travel Sale to installment at 0.49% monthly add-on rate for 3 - 24 months with your BDO Credit Card.

Plus, pay 3 months later & get up to P3K SM Gift Pass with P50K min. spend when you apply onsite:
-Manila: SMX Aura, May 29 - Jun 1, 2025
-Cebu: Northwing Atrium, SM City Cebu, Jun 20-22
-Davao: Mall Atrium, SM Lanang, Jun 27-29

Visit BDO website>Deals & search Purchase Convert Travel Sale. T&Cs & fees apply DTI225204",ads,2025-05-27 10:51:50,BDO Deals,Verified_Brand,0
"Up to P3K EXTRA savings at SM 3-Day Sale w/ your BDO Credit Card!

Shop at SM Store & SM Retail stores:
10% OFF on BUY NOW PAY LATER
5% OFF on straight purchase

Promo runs on:
05/28-06/01: SM Megamall
05/30-06/01: SM Caloocan, San Mateo, and Valenzuela

Search SM 3-Day Sale at BDO web for T&Cs. DTI212725",ads,2025-05-28 11:15:14,BDO Deals,Verified_Brand,0
"Get up to P3K SM Gift Pass when you Fly Now Pay Later with your BDO Credit Card! Spend a minimum of P50K at The Great BDO Travel Sale from May 29 - June 1, 2025 at SM Aura Premier. Enjoy 0% interest up to 6 months & pay 3 months later. Visit BDO Website, Deals, search Fly Now Pay Later for T&Cs. DTI224894",ads,2025-05-28 14:39:12,BDO Deals,Verified_Brand,0
Explore Shizuoka & Yamanashi w/ BDO Cards! Fly w/ Japan Airlines from $248. 3D2N package for JPY213K/pax (min. 2 pax) from World Joint Travel + get FREE 1-night hotel in Tokyo when you book flight & package Book at bdo. plan-wjt. com or visit BDO Travel Sale at SM Aura from 5/29-6/1/25. DTI210269 & 222233,ads,2025-05-29 10:32:43,BDO Deals,Verified_Brand,0
"#TravelBETTER w/ BDO Cards
-Up to 15% OFF on Booking .com
-12% OFF on Klook
-Up to 10% OFF on Trip .com
-8% OFF on Agoda
-Up to 60% OFF on Big Sky
-Up to 20% OFF on BDO travel insurance
Promo period varies per partner.

Search Travel Deals on the BDO web for T&C.DTI225350,221074,226448,223798,210640",ads,2025-05-30 12:36:45,BDO Deals,Verified_Brand,0
"UP TO P6K CASHBACK!

Travel. Dine. Shop Anywhere w/ BDO Credit Cards & reach a min cumulative* spend from Jun 1-Jul31, 2025

P200K = P6K Cashback
P100K = P2.5K Cashback
P40K = P1K Cashback
*Min of P1K/ transaction

To join, enroll Promo ID 432A4649AA

For T&Cs, search Spend Anywhere on BDO web. DTI225361",ads,2025-05-30 12:54:24,BDO Deals,Verified_Brand,0
"P150 OFF on foodpanda w/ BDO Credit Card! Use code BDODEALS on P800 spend fr May 30-Jul 6,'25(Fri-Sun) For T&C,search foodpanda at deals .bdo .com .ph DTI226500",ads,2025-05-30 14:15:53,BDO Deals,Verified_Brand,0
"The Great BDO Travel Sale-Manila Continues!
Keep the adventure going with your BDO Cards.

As low as:
- Japan: USD284 (Economy), USD760 (Business)
- USA: USD404 (Economy), USD2,880 (Business)
- Europe: USD563 (Economy), USD2,051 (Business)

Visit www. bdo. com. ph/ travel for details on how to book online, or via reservations hotline or partners' ticket office. Promo til 6/30/25 unless specified. T&Cs apply. DTI226022,226015,226109,226078,226035",ads,2025-06-02 10:28:38,BDO Deals,Verified_Brand,0
"BUY NOW PAY LATER at 0% interest up to 24 months term in all MemoXpress stores with your BDO Credit Card!

Enjoy 10% OFF on select accessories with any smartphone purchase until June 30, 2025. The first installment will be billed on your next SOA. Visit BDO Website and search MEMOXPRESS for T&Cs DTI220512",ads,2025-06-03 10:07:45,BDO Deals,Verified_Brand,0
 Travelling soon? Stay connected across multiple destinations by Pre-booking a GigaRoam data pack. Visit smrt.ph/GigaRoam,ads,2025-01-01 00:05:51,SMART,Verified_Brand,0
 Travelling soon? Stay connected across multiple destinations by Pre-booking a GigaRoam data pack. Visit smrt.ph/GigaRoam,ads,2025-02-01 08:01:04,SMART,Verified_Brand,0
 Travelling soon? Stay connected across multiple destinations by Pre-booking a GigaRoam data pack. Visit smrt.ph/GigaRoam,ads,2025-03-01 00:04:26,SMART,Verified_Brand,0
"1/2 Don't click links in text messages, even if they appear to be from 'Smart' or other trusted brands. Scammers use this ploy to steal your information.",ads,2025-03-27 15:15:54,SMART,Verified_Brand,0
2/2 Don't take the bait! Never share OTPs or card details. Stay alert and protect yourself. #BeCyberSMART,ads,2025-03-27 15:16:55,SMART,Verified_Brand,0
1/2 Advisory: GigaPoints earned from July to Sept. 2024 will expire soon!,ads,2025-03-30 09:32:42,SMART,Verified_Brand,0
"2/2 If you have points, use them before Mar. 31 to redeem exciting promos and boosters in the Smart App.
Kindly disregard this message if you have no GigaPoints",ads,2025-03-30 09:32:42,SMART,Verified_Brand,0
 Travelling soon? Stay connected across multiple destinations by Pre-booking a GigaRoam data pack. Visit smrt.ph/GigaRoam,ads,2025-04-01 00:13:45,SMART,Verified_Brand,0
"Hi! You're about to be automatically subscribed to Auto Roam Surf for you to stay connected abroad. If you'd like to use Auto Roam Surf, you don't need to do anything and please just ignore this message. If you prefer not to use data roaming, switch off Data Roaming in your phone settings.",ads,2025-04-16 20:29:16,SMART,Verified_Brand,0
"You are now subscribed to ROAM SURF 499, with 1GB data allowance, renewable upon full consumption or after 24 HOURS. To stop daily auto-renewal: 
1. Turn off WiFi
2. Click here to stop daily auto-renewal Link: http://roam.smart.com.ph:86//smartph-agent/feqI3i=160
3. Turn OFF Data Roaming in phone settings",ads,2025-04-16 20:29:17,SMART,Verified_Brand,0
"You are subscribed to AUTO ROAM SURF.  Subscription will auto-renew upon full consumption or within 24 hours. To stop this subscription from auto-renewing, click here: http://roam.smart.com.ph:86//smartph-agent/YbAZZ3=160",ads,2025-04-16 20:31:15,SMART,Verified_Brand,0
"Your ROAM SURF 499 is about to expire within 12 hours. Subscription will auto-renew upon full consumption. To stop this subscription from auto-renewing, click here: http://roam.smart.com.ph:86//smartph-agent/mIjEvu=160",ads,2025-04-17 08:31:19,SMART,Verified_Brand,0
You're almost out of data. You have less than 200MB left from your plan's data allowance.                                                                       ,ads,2025-04-25 10:46:10,SMART,Verified_Brand,0
 Visit the Smart App to register to our promos EASILY! smrt.ph/Check_Usage,ads,2025-04-25 10:46:11,SMART,Verified_Brand,0
"You no longer have any data inclusions left in your plan. To access the internet, go to this link: http://balance.smart.com.ph/mobile/postpaid/booster",ads,2025-04-29 22:21:07,SMART,Verified_Brand,0
 Travelling soon? Stay connected across multiple destinations by Pre-booking a GigaRoam data pack. Visit smrt.ph/GigaRoam,ads,2025-05-01 08:41:55,SMART,Verified_Brand,0
 Travelling soon? Stay connected across multiple destinations by Pre-booking a GigaRoam data pack. Visit the GigaRoam Portal in the Smart Website,ads,2025-06-01 08:25:48,SMART,Verified_Brand,0
"Hi,

Your GCash account has been temporarily disabled!
Please update your GCash account.

Confirm your account here: gcashaccountfix.online

Thank you for choosing us!",smishing,2025-05-30 19:00:12,+6393064***97,Personal_Mobile,1
Mabuhay! Welcome to the Philippines! Thank you for using eTravel system. Enjoy your stay!,gov,2025-01-19 17:48:11,eTravel,Verified_Brand,0
Mabuhay! Welcome to the Philippines! Thank you for using eTravel system. Enjoy your stay!,gov,2025-02-22 19:01:21,eTravel,Verified_Brand,0
Mabuhay! Welcome to the Philippines! Thank you for using eTravel system. Enjoy your stay!,gov,2025-04-17 18:39:06,eTravel,Verified_Brand,0
Mabuhay! Welcome to the Philippines! Thank you for using eTravel system. Enjoy your stay!,gov,2025-05-24 12:43:21,eTravel,Verified_Brand,0
"Dahil bago ang aming sit3 tulungan kita makap@ld0 basta ikaw bahala sakin pag nanal0 ka. Bigyan kitang EASYW!N na laro para makap@ldo ka agad.

Add o msg moko sa MSNGR: CLEIA DAPON **naka-red backless dress ang profile pic**",smishing,2025-05-17 14:19:03,+6393917***20,Personal_Mobile,1
Nakapagmessage na po ba?  Message mo na po ako para maguide kita manalo at masecure ang iyong winning slot. May chance kapa makakuha ng malaking amount ngayong araw😊,smishing,2025-05-17 15:17:36,+6393917***20,Personal_Mobile,1
"Time to upgrade your landline phone! Get a cordless telset now with caller ID display, auto-answer & more for ONLY P99/mo. at pldthome.info/mt1",ads,2025-05-03 11:57:14,PLDTDeals,Verified_Brand,0
"Nice! You received a P20 voucher from Maya. Use it for your load, bills, shopping, and more. Tap 'Vouchers' on the app to claim your gift before it expires!",ads,2025-04-29 15:47:47,MayaRewards,Verified_Brand,0
"Hi, SCOTT. Good news! You are now qualified for a Pag-IBIG Multi-Purpose Loan (MPL). Apply now and receive your loan in as fast as 3 days! Enjoy low monthly payments and choose to pay your loan under a 2 or 3-year payment term. You may now file your loan application at any Pag-IBIG Fund branch or online by going to the Pag-IBIG Fund website> Virtual Pag-IBIG for Members> Apply for and Manage Loans> Apply for a Short-Term Loan. To know more about the Pag-IBIG Multi-Purpose Loan, you may call us at (02)87-244244, email us at contactus@pagibigfund.gov.ph, or chat with us by visiting our website. 'Yan ang Pag-IBIG Multi-Purpose Loan - Tulong na Maaasahan! ",gov,2025-03-07 16:01:41,PAGIBIGFUND,Verified_Brand,0
You earned 10.00 GigaPoints for Linking an Account to your Smart App. Earn more points by linking more accounts! 1 GigaPoint = 1 Peso,ads,2025-02-23 08:38:54,SmartApp,Verified_Brand,0
Beware of SCAMs. Be careful not to click links within text messages. Report these on the NTC website or call the NTC Hotline 1682.,gov,2024-12-26 08:10:30,NTC,Verified_Brand,0
Beware of SCAMs. Be careful not to click links within text messages. Report these on the NTC website or call the NTC Hotline 1682.,gov,2024-12-30 07:28:13,NTC,Verified_Brand,0
Your subscription request to Hooperslives has been received. Reply Yes within 12hrs to continue.,ads,2024-12-24 04:13:33,8933,Short_Code,0
Your subscription to Hooperslives has been STOPPED.,ads,2024-12-24 16:13:35,8933,Short_Code,0
"ENDING SOON!
Up to P10K Cashback on Spend Anywhere

Hi Scott!

You still have until Jan. 31, 2025 to accumulate spend with your BDO Credit Card.
Book your trips, renovate your home, or get a gadget upgrade.

P300K = P10K Cashback
P150K = P5K Cashback
P40K = P1K Cashback
Min. of P1K per transaction

To join, enroll your Promo ID 432A4649AA

Search Holiday Cashback on BDO website for T&C. DTI206892",ads,2025-01-06 10:10:47,BDO Deals,Verified_Brand,0
"Up to 50% OFF + up to P600 EXTRA savings on Plains & Prints and RAF End of Season Sale fr Jan 6-31, 2025.

Search Plains & Prints on BDO web for T&C
DTI210362",ads,2025-01-06 12:21:45,BDO Deals,Verified_Brand,0
"Book these exclusive fares at The Great BDO Travel Sale as low as USD299 (Economy) & USD760 (Business) to Japan, USD404 (Economy) & USD2,850 (Business) to USA, USD563 (Economy) & USD2,145 (Business) to Europe. Book online at www. bdo. com. ph/ travel or onground at SMX Convention Center Aura, SM Aura Premier on Jan. 9-12, 2025 (10am-8pm). Travel til Dec. 31, 2025, unless specified. Search The Great BDO Travel Sale on the BDO site for T&Cs. DTI208190",ads,2025-01-07 11:43:54,BDO Deals,Verified_Brand,0
"Exclusive birthday deals with your BDO Card!

-50% OFF at Seasonal Tastes, The Westin Manila til 06/30/25
-Up to 30% OFF at Seven Corners, Xin Tian Di and The Gallery Bar, Crowne Plaza Manila Galleria til 12/30/25

Search the hotel name on BDO web for T&C. DTI207939, 210741
To stop msgs,txt STOP to 225678",ads,2025-02-12 13:39:05,BDO Deals,Verified_Brand,0
"Get up to P300 cashback as you shop and scan using BDO Pay at SM Store and other participating SM Retail stores from February 12 to March 31, 2025. T&Cs apply. DTI213132. Scan to Pay limit for Credit Card is up to the available credit limit. For Bank Account, the daily limit is P50,000. Download now!",ads,2025-02-12 16:31:18,BDO Deals,Verified_Brand,0
"Shop and save your card for the first time and get P500 Cashback for a min. cumulative spend of P3,500 on Lazada with your BDO Mastercard Credit Card. 

To join, enroll your Promo ID 432A4649AA

Promo runs from Feb 15 to Mar 15, 2025.

For T&Cs, visit the BDO website & search Lazada Cashback. DTI214856",ads,2025-02-14 11:52:46,BDO Deals,Verified_Brand,0
"BUY NOW PAY LATER at 0% interest up to 24 months at Aerophone w/ your BDO Credit Card!

Get the new Samsung Galaxy S25 & enjoy 20% OFF on select Samsung accessories + free phone stand, mini fan & flood light w/ powerbank. Promo runs until 06/30/25. Visit BDO Website, search Aerophone for T&Cs. DTI213447",ads,2025-02-14 11:52:47,BDO Deals,Verified_Brand,0
"No BDO Pay yet? Sign up now to get P300 and unlock an extra P500 when you Scan to Pay with your BDO Credit Card for a min. purchase of P1,000. Promo ends March 15, 2025. T&C apply. DTI212203

This promo is exclusive for NEW BDO Pay users with BDO Credit Cards and is available for a limited time only. Scan to Pay limit for Credit Card is up to the available credit limit. For Bank Account, the daily limit is P50,000.",ads,2025-02-14 16:23:19,BDO Deals,Verified_Brand,0
"Transfer card balances from other banks to your BDO Credit Card & pay on installment at 0.42% monthly add-on rate for up to 60 mos. Use PROMO ID 432A4649AA

To apply:
-Log in to BDO Online or BDO Pay app>Installment Offers>Balance Transfer>Balance Transfer Low Rate>Apply Now
-Visit BDO website>Deals>Balance Transfer Low Rate>Apply Now
-Call (02) 8667-1680

Offer is until Feb 28, 2025. Applicable rate subject to BDO approval. T&Cs & fees apply. DTI210432",ads,2025-02-17 09:31:51,BDO Deals,Verified_Brand,0
"Get your ultimate AI companion with the new Samsung Galaxy S25 Series at Lazada.

BUY NOW PAY LATER at 0% interest up to 12 months only w/ your BDO Credit Card.

Choose 0% installment as payment method and select term.

Visit BDO website, click Deals, search Lazada for promo details.
T&Cs apply. DTI208437",ads,2025-02-19 08:38:00,BDO Deals,Verified_Brand,0
"BUY NOW PAY LATER at 0% interest at Power Mac Center, Samsung, Silicon Valley, Octagon, BSD International, Electroworld, Datablitz, PC Express, MemoXpress & more w/ your BDO Credit Card!

Offer is year round. Visit BDO website, search Buy Now Pay Later for T&Cs. DTI208437 To stop msgs, txt STOP to 225678",ads,2025-02-20 08:42:12,BDO Deals,Verified_Brand,0
"Upgrade your Apple experience with BUY NOW PAY LATER!

Enjoy 0% interest up to 24 months term at Power Mac Center, The Loop stores and online with your BDO Credit Card.

Offer is until June 30, 2025.

Visit BDO website, click Deals and search Power Mac Center for promo details. T&Cs apply. DTI208437",ads,2025-02-20 11:45:16,BDO Deals,Verified_Brand,0
"40% OFF at Pancake House with BDO Credit Cards
P2.5K min dine-in bill
Max P2K OFF
5/19-6/30, Mon-Fri
Search Pancake House on BDO web for T&C. DTI224584",ads,2025-05-19 11:04:36,BDO Deals,Verified_Brand,0
"Avail Korean Air's exclusive fares w/ BDO Cards-USD261 (Economy), USD909 (Business) to Korea & USD467 (Economy), USD3,236 (Business) to USA & more. Book online or at ticket office 'til 05/28. Travel fr. 06/01/25-04/30/26. Search Korean Air Exclusive Sale on BDO web for T&Cs. DTI208437 & CAB0425-05-20-s.25",ads,2025-05-22 10:08:49,BDO Deals,Verified_Brand,0
"Hi, SCOTT. Good news! You are now qualified for a Pag-IBIG Multi-Purpose Loan (MPL). Apply now and receive your loan in as fast as 3 days! Enjoy low monthly payments and choose to pay your loan under a 2 or 3-year payment term. You may now file your loan application at any Pag-IBIG Fund branch or online by going to the Pag-IBIG Fund website> Virtual Pag-IBIG for Members> Apply for and Manage Loans> Apply for a Short-Term Loan. To know more about the Pag-IBIG Multi-Purpose Loan, you may call us at (02)87-244244, email us at contactus@pagibigfund.gov.ph, or chat with us by visiting our website. 'Yan ang Pag-IBIG Multi-Purpose Loan - Tulong na Maaasahan! ",gov,2025-01-14 17:18:06,PAGIBIGFUND,Verified_Brand,0
"SMART Service Advisory: 

We appreciate your understanding during the recent service interruption. Your monthly fee will be adjusted for the affected day, and this adjustment will appear in your next billing statement. Thank you for your continued support.",ads,2024-09-29 16:45:21,SMART,Verified_Brand,0
 Travelling soon? Stay connected across multiple destinations by Pre-booking a GigaRoam data pack. Visit smrt.ph/GigaRoam,ads,2024-10-01 08:55:53,SMART,Verified_Brand,0
"Beware of fake message. NO NEED to re-register your SIM, if you have successfully registered it before.Pls disregard any message asking you to register again.",ads,2024-10-11 12:52:20,SMART,Verified_Brand,0
You're almost out of data. You have less than 200MB left from your plan's data allowance.                                                                       ,ads,2024-10-22 15:36:21,SMART,Verified_Brand,0
 Visit the Smart App to register to our promos EASILY! smrt.ph/Check_Usage,ads,2024-10-22 15:36:22,SMART,Verified_Brand,0
 Travelling soon? Stay connected across multiple destinations by Pre-booking a GigaRoam data pack. Visit smrt.ph/GigaRoam,ads,2024-11-01 00:11:32,SMART,Verified_Brand,0
 Travelling soon? Stay connected across multiple destinations by Pre-booking a GigaRoam data pack. Visit smrt.ph/GigaRoam,ads,2024-12-01 08:56:04,SMART,Verified_Brand,0
"Experience the power of Smart 5G today!

Unlock ultra-fast speeds for gaming, streaming, and seamless video calls. Make the most of the full 5G experience by enabling 5G on your device.

Here's how:
1. Go to Settings.
2. Select Cellular/Network Settings.
3. Ensure 5G is ON.

Learn more: https://smart.com.ph/Pages/smart5G.",ads,2024-12-11 15:09:52,SMART,Verified_Brand,0
"Experience the power of Smart 5G today!

Unlock ultra-fast speeds for gaming, streaming, and seamless video calls. Make the most of the full 5G experience by enabling 5G on your device.

Here's how:
1. Go to Settings.
2. Select Cellular/Network Settings.
3. Ensure 5G is ON.

Learn more: https://smart.com.ph/Pages/smart5G.",ads,2024-12-17 10:08:27,SMART,Verified_Brand,0
"Make the most of your SMART 5G connection NOW! Speed up your holiday connection with UNLI 5G Booster 399 in 5G areas valid for 30 days! Head onto the Smart App now!

Learn more: https://smart.com.ph/Postpaid/add-ons",ads,2024-12-19 16:40:35,SMART,Verified_Brand,0
"Get 50 BONUS Peso Points when you Scan to Pay w/ your linked Credit Card using BDO Pay app at SM Store, SM Markets, WalterMart Supermarket, Watsons, Ace Hardware, UNIQLO, Healthy Options & more! Valid for a min P1K spend until 10/31/24.

Search Scan to Pay 50 Points on BDO site. T&Cs apply. DTI200125",ads,2024-09-27 14:21:12,BDO Deals,Verified_Brand,0
"30% OFF on buffet at SEVEN CORNERS w/ BDO Credit Cards
-Min of 2 & max of 6 pax
-Mon-Sun, fr 8/15-10/31/24
Search Seven Corners on BDO web for T&C. DTI200174",ads,2024-09-30 14:30:09,BDO Deals,Verified_Brand,0
"Avail of exclusive fares from Manila & Clark w/ Emirates using BDO Cards as low as USD690 (Economy) & USD2,318 (Business) to Europe. Book online til 10/9/24 & input promo code: PHBDO24. Travel til 6/30/25. Search Emirates Exclusive Sale on BDO site for T&C. CAB21830919s24. To stop msgs, txt STOP to 225678",ads,2024-10-01 13:39:27,BDO Deals,Verified_Brand,0
"Get up to P5K Cashback when you Shop & Dine w/ BDO Mastercard Credit Card for a cumulative spend:
-P50K for P2.5K Cashback
-P100K for P5K Cashback
*Min. P2K per transaction.
 
Enroll using Promo ID 432A4649AA
Promo runs until 10/31/24.
 
Search Shop and Dine Cashback on BDO website for T&Cs. DTI201501.",ads,2024-10-02 10:40:39,BDO Deals,Verified_Brand,0
"50% OFF at Paper Moon Cafe w/ BDO Credit Cards

-Min P2K dine-in bill
-Max P2K OFF
-Mon-Fri, from 10/1-11/29/24

Search Paper Moon on BDO web for T&C. DTI203262",ads,2024-10-03 11:09:35,BDO Deals,Verified_Brand,0
"Get 35% OFF on the ultimate hotpot + buffet combo at Buffet Town, Greenhills with your BDO Credit Card! Valid on Mondays through Fridays until November 15, 2024.

Prefer cardless payments? Experience it with the BDO Pay app and get up to 1,000 BONUS Peso Points when you Scan to Pay until October 31, 2024! Download now! 

For promo details, visit the BDO website, click Deals and search Buffet Town. T&Cs apply. DTI201460 & 200125",ads,2024-10-03 14:12:38,BDO Deals,Verified_Brand,0
"Book at Klook .com & get 30% or up to P5K OFF w/ BDO Credit Cards! Use code BDODEALS30 from Oct 4-13, 2024. For T&C, search KLOOK at the BDO website DTI203873",ads,2024-10-03 14:52:07,BDO Deals,Verified_Brand,0
"30% OFF on dimsum buffet at XIN TIAN DI w/ BDO Credit Cards
-Min of 2, max of 6 pax
-Mon-Sun, fr 8/15-10/31/24
Search Xin Tian Di on BDO web for T&C. DTI200174",ads,2024-10-04 10:09:39,BDO Deals,Verified_Brand,0
"BUY NOW, PAY 4 MONTHS LATER at 0% interest up to 24 months at SM Appliance Center w/ your BDO Credit Card!

Enjoy up to 40% OFF, FREE P400 Max's GC on select items & extra P1,000 OFF with P35K min. spend.

Promo runs until 10/31/24. Visit BDO website, search SM Appliance Center for T&Cs DTI213180 & 201881",ads,2024-10-04 10:38:15,BDO Deals,Verified_Brand,0
"Get 50 Peso Points credited to your BDO Rewards Card when you sign up for BDO Pay from Sept 9 - Nov 9, 2024. Download now!

Visit the BDO website for more details. Click Deals, and search BDO Pay Welcome Rewards. T&Cs apply. DTI201874",ads,2024-10-04 15:50:29,BDO Deals,Verified_Brand,0
"Get 40% OFF on buffet at Corniche, Diamond Hotel w/ your BDO Credit Card!

Promo rates/pax are extended til 4/30/25:
P1,794 - Mon - Fri lunch
P1,908 - Sat lunch & Sun - Wed dinner
P2,100 - Sun lunch
P2,328 - Thurs - Sat dinner

Call (02) 8528 3000 to book.

Search Diamond on BDO website for T&C. DTI203868",ads,2024-10-07 09:21:33,BDO Deals,Verified_Brand,0
"Up to P500 Cashback on Shopee 10.10 Sale w/ BDO Credit Cards! To join, enroll your Promo ID 432A4649AA til 10/11 For T&C,search Shopee on the BDO site.DTI203423",ads,2024-10-08 09:54:35,BDO Deals,Verified_Brand,0
"Enjoy low fares from Manila via Cathay Pacific w/ BDO Cards for as low as USD168* (min. 2 pax travelling together) (Economy) & USD738 (Business) to Hong Kong, USD705 (Economy) & USD3,260 (Business) to USA, & USD745 (Economy) & USD2,366 (Business) to Europe. Promo until 10/13/24. Travel until 6/30/25, unless specified. Search Cathay Pacific Fly Fiesta on the BDO website for T&Cs. CAB22220930s.2024",ads,2024-10-08 14:05:44,BDO Deals,Verified_Brand,0
"Experience Manila's biggest OKTOBERFEST at Solaire at up to 30% OFF w/ BDO Credit Cards!
-Oct 10, 19 or 20, 2024
Search Oktoberfest on BDO web for T&C.DTI204292",ads,2024-10-08 15:40:55,BDO Deals,Verified_Brand,0
"Avail these exclusive fares at the BDO Travel Sale from USD284 (Economy) & USD780 (Business) to Japan, USD220 (Economy) & USD750 (Business) to Korea, USD404 (Economy) & USD2,850 (Business) to USA & USD563 (Economy) & USD2,220 (Business) to Europe. Book via www. bdo. com. ph/travel or at Power Plant Mall (Mall Hours) w/ your BDO Cards on 10/10-13/24. Travel 'til 09/30/25, unless specified. Search BDO Travel Sale on BDO website for T&Cs. DTI202138 & 197106",ads,2024-10-09 10:09:12,BDO Deals,Verified_Brand,0
"GrabFood 25% OFF
FAST CHECKOUT
-Add BDO Credit Card details
-Use code BDODEALS w/ P750 min order til 10/15/24

For T&C search GrabFood on BDO site. DTI200418",ads,2024-10-09 11:26:51,BDO Deals,Verified_Brand,0
"Up to P500 CASHBACK @ SM Supermarket, SM Hypermarket & Savemore w/ BDO Credit Cards!
-Min P3K spend
-Oct weekends
Search SM Markets @ BDO web for T&C. DTI204082",ads,2024-10-09 14:01:24,BDO Deals,Verified_Brand,0
"Get P1,500 Cashback when you shop ONLINE w/ your BDO Mastercard Credit Card! Valid for a min. cumulative ONLINE spend of P25,000 with at least P2,000 per transaction from October 10-14, 2024.

Enroll your Promo ID 432A4649AA until 10/14/24. Search Online Cashback on the BDO website for T&Cs. DTI202961",ads,2024-10-10 10:23:32,BDO Deals,Verified_Brand,0
"BUY NOW, PAY NEXT YEAR! Enjoy 0% interest at Abenson, SM Appliance Center, Ace Hardware, Robinsons Appliances, Wilcon, Dyson, Western Appliances, True value & more w/ your BDO Credit Card.

Plus, pay 4 months later.

Promo runs until 12/31/2024. Visit BDO website, search payment holiday for T&Cs DTI197106",ads,2024-10-10 13:12:53,BDO Deals,Verified_Brand,0
"BDO Travel Sale is EXTENDED 'til 10/31/24 (unless specified). Book from our airline partners via online or ticket office using BDO Cards for as low as USD284 (Japan) USD220 (Korea), USD404 (USA) & USD563 (Europe). Travel period varies per partner. Search BDO Travel Sale on BDO site for T&Cs. DTI203970",ads,2024-10-14 10:34:56,BDO Deals,Verified_Brand,0
"Use your BDO Mastercard to book flights via singaporeair .com and get special fares and perks!

Reach a single-receipt spend of at least:
*P30K = P2.5K worth of dining GC
*P60K = P7.5K worth of shopping & dining GC and a one-night hotel stay voucher for travels w/in 01/01-09/30/25.

Promo Code: FLYSQ2025

Book from 10/10-20/24 for travel til 09/30/25, unless specified.

For T&Cs, visit the BDO website and search Singapore Airlines. DTI203875",ads,2024-10-15 11:33:52,BDO Deals,Verified_Brand,0
"BUY NOW, PAY 4 MONTHS LATER at 0% interest up to 24 mos. at Power Mac Center & The Loop stores w/ your BDO Credit Card!

Plus, enjoy these exclusive deals until Oct. 20, 2024:
- Cash/straight price on 0% interest on 3 mos on any iPhone 16 Series
- P3K Cashback w/ a min. P60K spend (net of discount) on 3-24 mos
- P2K OFF w/ a min. P60K spend on 6-24 mos

Enroll now using your Promo ID 432A4649AA to avail the cashback.
Visit BDO website for T&Cs. DTI205054",ads,2024-10-17 10:13:19,BDO Deals,Verified_Brand,0
"Up to P500 CASHBACK @ SM Supermarket, SM Hypermarket & Savemore w/ BDO Credit Cards!
-Min P3K spend
-Oct weekends
Search SM Markets @ BDO web for T&C. DTI204082",ads,2024-10-17 11:53:51,BDO Deals,Verified_Brand,0
"Get CASH up to P704,000 from your BDO Credit Card! Pay P32,502.28/mo for 24mos at 0.45% monthly add-on rate. Plus, pay up to 2mos later!

Log-on to BDO Personal Online Banking website, click More Services>Card Services>Cash Installment & use promo code 6ZSTR4 or call (02) 8667-1680.

Valid until 10/31/2024.

Availment, amt & rate are subject to BDO approval.

For details, visit BDO website, click Deals & search Rate Flash. T&Cs & fees apply. DTI197461",ads,2024-10-18 10:23:25,BDO Deals,Verified_Brand,0
"BUY NOW, PAY 4 MONTHS LATER at Abenson & Electroworld w/ your BDO Credit Card & enjoy 0% interest up to 24 mos. on iPhone 16 purchase.
 
Avail straight/cash price in 6 or 12 mos. at 0% interest from Oct. 18 - 31, 2024.

Visit BDO website & search Abenson for T&Cs DTI202160 To stop msgs, txt STOP to 225678",ads,2024-10-18 10:25:39,BDO Deals,Verified_Brand,0
"BUY NOW, PAY NEXT YEAR at 0% interest up to 36 mos at FoneStyle w/ your BDO Credit Card!

Make the move to the new iPhone 16 & get free Usams Earbuds, Speaker, Powerbank & Adapter w/ your purchase. Plus, pay 4 months later.

Promo runs until 12/31/24. Visit BDO Website, search FoneStyle for T&Cs DTI202567",ads,2024-10-18 11:11:28,BDO Deals,Verified_Brand,0
"Explore Visayas and get up to 45% OFF at our partner hotel & resorts w/ your BDO Credit Card until 12/31/24.

Search Hotel Deals on BDO site for T&C. DTI191076",ads,2024-10-21 10:57:35,BDO Deals,Verified_Brand,0
"Up to 35% OFF on travel insurance, Agoda, Big Sky Nation & Trip .com w/ BDO Cards til 12/31/24. T&C at Online Deals at BDO site DTI183714/202620/190641/184659",ads,2024-10-23 10:58:41,BDO Deals,Verified_Brand,0
"Hi, Scott!

Due to inclement weather condition, the 'FASHION NIGHT OUT by Priceless' event scheduled tonight, October 25 at Greenbelt 3 and 4, is POSTPONED.

Please stay tuned for further announcements regarding the new schedule.",ads,2024-10-25 12:07:54,BDO Deals,Verified_Brand,0
"BUY NOW, PAY NEXT YEAR at SM Store w/ your BDO Credit Card!

Enjoy 0% interest up to 6 months term until Dec 31. Search SM Store at BDO site for T&Cs. DTI182402",ads,2024-10-28 09:35:07,BDO Deals,Verified_Brand,0
"Effortlessly earn 50 Rewards Peso Points just by signing up for BDO Pay! Hurry, promo ends on November 9, 2024. Download BDO Pay now. T&Cs apply. DTI201874",ads,2024-10-28 14:32:24,BDO Deals,Verified_Brand,0
"30% OFF Dining Deals at The Podium

Dine Better with your BDO Credit Card at the ff restaurants:
Basil -Bom Gosto -Grifoni's -Jin Joo -LOLA -Nagi Izakaya -Nono's -Salvatore Cuomo -Sen Ryo -Shi Lin
-P3K min dine-in bill
-Max P3K OFF
-Oct 30 to Nov 29
Search The Podium on BDO web for T&C. DTI205323, 205472",ads,2024-10-29 10:25:28,BDO Deals,Verified_Brand,0
"50% OFF at Paper Moon Cafe w/ BDO Credit Cards

-Min P2K dine-in bill
-Max P2K OFF
-Mon-Fri, from 10/1-11/29/24

Search Paper Moon on BDO web for T&C. DTI203262",ads,2024-10-29 12:05:07,BDO Deals,Verified_Brand,0
"BUY NOW, PAY NEXT YEAR at Solviva Energy and enjoy 0% interest up to 36 months with your BDO Credit Card and start paying in 2025!

Plus, get 5% OFF on all solar system or 1-yr extended workmanship warranty until Dec. 31, 2024.

Visit the BDO website, click Deals and search Solviva. T&Cs apply. DTI 201273",ads,2024-10-30 10:40:39,BDO Deals,Verified_Brand,0
"Enjoy exclusive fares via Etihad Airways w/ BDO Cards fr USD548 (Economy) & USD1,890 (Business) to Abu Dhabi & USD886 (Economy) & USD1,877 (Business) to Europe. Book online & use promo code:EYBDO10 fr 11/01-30/24. Travel til 9/30/25. Search Etihad Airways Online Sale on BDO site for T&Cs. CAB22641010s2024",ads,2024-10-31 08:39:14,BDO Deals,Verified_Brand,0
"Dine Better w/ BDO Credit and Debit Cards!

- 4+1 buffet feast at Cabalen
- 20% OFF at Mangan, Soi Thai, & Tsurumaru w/ a min dine-in bill

Promo runs til Jan 15, 2025

Search restaurant name on BDO website for T&C. DTI204485

To stop msgs, txt STOP to 225678",ads,2024-10-31 09:42:35,BDO Deals,Verified_Brand,0
"Enhance your vision w/ your BDO Credit Card at Shinagawa Lasik and Aesthetics Center & get up to 50% OFF on LASIK procedures & more! BUY NOW, PAY NEXT YEAR at 0% interest up to 12 mos. Promo runs until Dec 31, 2024. Visit BDO website, search Shinagawa for T&Cs. DTI204824 To stop msgs, txt STOP to 225678",ads,2024-10-31 10:14:21,BDO Deals,Verified_Brand,0
"Get your tech dreams from Samsung, Honor or Huawei at the Lazada 11.11 Biggest Sale. 

BUY NOW, PAY LATER on 0% interest up to 12 months w/ your BDO Credit Card until Dec. 31, 2024. 

Choose 0% installment as payment method and select term.

Visit BDO website, click Deals, search Lazada for T&Cs DTI182961",ads,2024-11-11 09:12:48,BDO Deals,Verified_Brand,0
"Get P1,500 Cashback when you shop ONLINE w/ your BDO Mastercard Credit Card! Valid for a min. cumulative ONLINE spend of P25,000 with at least P2,000 per transaction from November 11-15, 2024.

Enroll your Promo ID 432A4649AA until 11/15/24. Search Online Cashback on the BDO website for T&Cs. DTI205351",ads,2024-11-11 10:18:45,BDO Deals,Verified_Brand,0
"Discover Roger Vivier's classic styles on Nov 15-17, 2024 from 4PM-8PM at Greenbelt 3 and enjoy cocktails with a complimentary gift. BUY NOW, PAY NEXT YEAR at 0% interest up to 12 months with your BDO Credit Card. Text 09171474688 for RSVP. Visit BDO Website, Deals, search Roger Vivier for T&Cs. DTI197106",ads,2024-11-11 11:18:55,BDO Deals,Verified_Brand,0
"Promo extended until Dec. 9, 2024! Get 50 Peso Points credited to your BDO Rewards Card when you sign up for BDO Pay. View your BDO Rewards Card when you sign up and keep using the app to earn and redeem Peso Points. Download now! Visit the BDO website for more details. Click Deals, and search BDO Pay Welcome Rewards. T&Cs apply. DTI201874",ads,2024-11-11 16:34:15,BDO Deals,Verified_Brand,0
"BUY NOW, PAY NEXT YEAR at 0% interest up to 24 mos. at Silicon Valley w/ your BDO Credit Card. Plus, get a free Persona Powerbank on iPhone 16 or avail straight/cash price in 3 mos. at 0% interest until 12/31/24. Visit BDO website, search Silicon Valley for T&Cs. DTI206142 To stop msgs, txt STOP to 225678",ads,2024-11-12 10:25:22,BDO Deals,Verified_Brand,0
"Indulge in luxury at Bvlgari Greenbelt 3 on Nov. 13 from 9AM-11AM. Discover High Jewelry, Watches & Exotic Leather Goods w/ exquisite treats.

BUY NOW, PAY NEXT YEAR at 0% interest up to 36 mos. w/ your BDO Credit Card. Promo runs til 12/31/24. Visit BDO Website, Deals, search Bvlgari for T&Cs. DTI197106",ads,2024-11-12 10:41:17,BDO Deals,Verified_Brand,0
"Get up to 30% OFF on hotel stays with your BDO Mastercard.

-Up to 30% OFF on Booking .com
-10% OFF on Agoda
-MASTERPH7:Up to 7% OFF on Expedia
-MCPH7:Up to 7% OFF on Hotels .com

Booking and stay period vary per merchant.

Search Hotel Stays at BDO website for T&Cs. DTI185919/193672/194415/189966",ads,2024-11-13 10:38:44,BDO Deals,Verified_Brand,0
"25% OFF at El Pollo Loco & Randy's w/ BDO Credit Cards
-Min P1k bill
-Max P750 OFF
-11/19-12/19, Tue-Thu
Search The Bistro Group on BDO web for T&C. DTI206959",ads,2024-11-20 09:40:47,BDO Deals,Verified_Brand,0
"Time to own the watch you've been eyeing! 

BUY NOW, PAY NEXT YEAR at 0% interest up to 36 months term with your BDO Credit Card.

Plus, save up to 20% on exquisite timepieces and unlock exclusive freebies from our partners:

- Hour Glass
- Time Trend Center
- The Watch Store
- Tissot
- TechnoMarine
- Washington
- Frederique Constant
- Gem Time Plus

Promo runs until Dec. 31, 2024. Visit BDO website, click Deals, search Watches for T&Cs. DTI202115",ads,2024-11-20 14:42:23,BDO Deals,Verified_Brand,0
"Celebrate the holidays w/ more funds! Use your BDO Credit Card to get CASH up to P749,000. Pay P24,178.67/mo. for 36 mos. at 0.45% monthly interest.

Ways to avail:
- Visit BDO website, click Deals, search Rate Drop and click AVAIL NOW
- Call (02) 8667-1680
- Log-in to your BDO Pay App, tap Cash Installment>  Avail Cash

Use Promo ID 432A4649AA

Valid until 01/31/25. Availment, amount and rate are subject to BDO approval. T&Cs & fees apply. DTI206390",ads,2024-11-21 14:29:17,BDO Deals,Verified_Brand,0
Sign up for BDO Pay today and receive 50 Rewards Peso Points credited to your BDO Rewards Card! T&Cs apply. DTI201874. Download the BDO Pay app now.,ads,2024-11-21 15:48:52,BDO Deals,Verified_Brand,0
"Get P500 coupon on Uniqlo App with BDO Cards! Open for new app users for min. spend P3.5K til 12/22. For T&C, search Uniqlo on the BDO site. DTI207512",ads,2024-11-22 10:27:11,BDO Deals,Verified_Brand,0
"Enjoy exclusive Black Friday Deals when you fly w/ China Airlines. USD306 (Economy), USD1,116 (Business) Japan, USD558 (Economy), USD3,690 (Business) USA, USD595 (Economy), USD2,565 (Business) Australia. Plus, avail of FLY NOW, PAY NEXT YEAR at 0% interest on 3 mos. term and pay 4 mos. later w/ BDO Credit Cards. Promo until December 6, 2024. Travel until October 31, 2025. Search China Airlines Black Friday Deals on BDO website for T&C. DTI207657.",ads,2024-11-22 15:19:19,BDO Deals,Verified_Brand,0
"Discover exquisite Lindberg frames at George Optical's ZEISS Vision Center Greenhills on Nov 22-23 & enjoy exclusive gifts with your BDO Credit Card. Pay 4 mos. later at 0% interest up to 12 mos until Dec. 31, 2024. Visit BDO website, search George for T&Cs. DTI207624 To stop msgs, text STOP to 225678",ads,2024-11-22 15:37:07,BDO Deals,Verified_Brand,0
"Celebrate Now, Pay Next Year with your BDO Credit Card! 

Plan your perfect event with ease & enjoy 0% interest up to 12 months term or a low 0.65% monthly add-on rate for up to 36 months at New World Hotel, City of Dreams, Taal Vista Hotel, Pico Sands Hotel, The Bellevue Manila, Joy Nostalg Hotel & Suites, Lanson Place, Club Paradise Palawan, and more!

Promo runs until Dec. 31, 2024. Visit BDO website, click Deals, search Celebrations for T&Cs DTI191542",ads,2024-11-25 09:40:33,BDO Deals,Verified_Brand,0
"Celebrate the holidays with more funds! Get CASH up to P749,000 with your BDO Credit Card & pay P24,178.67/month for 36 months at 0.45% monthly interest. 

Ways to avail:
- Visit BDO website, click Deals, search Rate Drop & click AVAIL NOW
- Log-in to BDO Pay App, tap Cash Installment > Avail Cash
- Visit any BDO Branch

Use Promo ID 432A4649AA.

Valid until 01/31/2025. Availment, amount & rate are subject to BDO approval. T&Cs & fees apply. DTI206390",ads,2024-11-26 11:44:30,BDO Deals,Verified_Brand,0
"Enjoy exclusive Cruise Packages with BDO Credit or Debit Card. Choose from 8-day Alaska Cruise (USD 403), 8-day Mediterranean Cruise (USD 853) and more. Plus, avail of FLY NOW, PAY NEXT YEAR at 0% interest on 3 months term and pay 4 months later with BDO Credit Cards. Promo until December 6, 2024. Travel until December 8, 2025. Search BDO Cruise Exclusives on BDO website for T&C. DTI207657.",ads,2024-11-27 08:47:51,BDO Deals,Verified_Brand,0
"BUY NOW, PAY NEXT YEAR at 0% interest up to 24 mos. at Huawei Concept Stores w/ your BDO Credit Card! Get a free sports kettle, backpack & 1-yr VIU VIP Subscription w/ every purchase of Huawei Pura 70 Series.

Plus, pay 4 months later until Dec 31, 2024. Visit BDO Website, search Huawei for T&Cs DTI193754",ads,2024-11-28 11:04:54,BDO Deals,Verified_Brand,0
"BUY NOW, PAY NEXT YEAR with 0% interest up to 36 months and pay 4 months later at OGAWA with your BDO Credit Card!

Enjoy up to 50% OFF on select items, additional savings & free gifts with qualifying purchases until 12/31/24. Visit BDO website, click Deals & search Ogawa for details. T&Cs apply DTI203503",ads,2024-11-28 15:13:50,BDO Deals,Verified_Brand,0
Get 20% OFF + FREE Shipping on Amazon's Black Friday Sale w/ BDO Cards! Use code BDODEALS20 on USD100 spend til 12/3.Search Amazon on BDO site for T&C.DTI208112,ads,2024-11-29 15:46:59,BDO Deals,Verified_Brand,0
"25% OFF at El Pollo Loco & Randy's w/ BDO Credit Cards
-Min P1k bill
-Max P750 OFF
-11/19-12/19, Tue-Thu
Search The Bistro Group on BDO web for T&C. DTI206959",ads,2024-12-03 11:54:56,BDO Deals,Verified_Brand,0
"Enjoy 35% OFF on buffet at Cafe Ilang-Ilang, The Manila Hotel with your BDO Card! 

Promo rates per pax are valid until 12/30/24:
P2,142 - Mon-Sat lunch
P2,240 - Sun lunch & Sun-Wed dinner
P2,659 - Thu-Sat dinner

Call (02) 8527 0011 to reserve.

Search Manila Hotel on BDO site for T&C. DTI186240,186250",ads,2024-12-05 15:21:59,BDO Deals,Verified_Brand,0
"Enjoy 50% OFF on buffet at Seasonal Tastes, The Westin Manila with your BDO Card!
Valid for 2 to 10 pax til 06/30/25

Search Westin on BDO web for T&C
DTI207939",ads,2024-12-06 10:31:58,BDO Deals,Verified_Brand,0
"Enjoy up to 50% OFF on premium hotel experience with your BDO Credit or Debit Card!

-Crimson Hotel, Filinvest City, Manila
-La Jolla Luxury Beach Resort
-Holiday Inn & Suites Makati
-Hotel A&A
-ACEA Subic Beach Resort

Promo runs until 06/30/25.

Search the hotel name on BDO web for T&C DTI206472, 207804",ads,2024-12-06 13:35:31,BDO Deals,Verified_Brand,0
"Sign up for BDO Pay and receive 50 Peso Points! Scan to Pay, view your transactions, and enjoy credit card deals via the app! Download and sign up by December 9, 2024.

T&Cs apply. DTI201874",ads,2024-12-06 15:16:17,BDO Deals,Verified_Brand,0
"Travel Better with up to 68% OFF on hotel stay w/ your BDO Credit or Debit Card!

-Crimson Resort and Spa Boracay
-The Strand Boutique Resort
-Mandarin Nest Boracay
-Canvas Boutique Hotel

Promo runs until 6/30/25.

Search the hotel on BDO web for T&C DTI206722, 207804
To stop msgs, txt STOP to 225678",ads,2024-12-10 09:31:11,BDO Deals,Verified_Brand,0
"Enjoy the Lazada 12.12 All Out Pasko Sale with BUY NOW, PAY LATER at 0% interest up to 12 months term with your BDO Credit Card.

Choose 0% installment as payment method & select term. Promo is until December 31, 2024.

Visit BDO website, click Deals, search Lazada for promo details. T&Cs apply. DTI182961",ads,2024-12-10 14:09:37,BDO Deals,Verified_Brand,0
"25% OFF at California Pizza Kitchen with BDO Cards

Min P3K dine-in or take-out bill
Max P1.5K OFF
Mon-Fri til 12/27/24

Search CPK on BDO web for T&C
DTI205500",ads,2024-12-10 14:44:53,BDO Deals,Verified_Brand,0
"12.12 Flash DEAL

Save BIG on Lazada, Shopee, TikTok, SHEIN, & Temu 12.12 sale!

Use your BDO Credit Card & accumulate spend of:
-P30K to get P3K Cashback
-P15K to get P1K Cashback  
Min of P2K/transaction

Enroll Promo ID 432A4649AA until 12/13/24
Search 12.12 Cashback on the BDO Site for T&C
DTI208262",ads,2024-12-11 14:28:24,BDO Deals,Verified_Brand,0
"17% or up to P1.5K OFF on Lazada w/ BDO Credit Cards (Dec 11, 8pm - Dec 13, '24). Collect voucher w/ min P5K spend. Search Lazada 12.12 on BDO site DTI206608",ads,2024-12-11 15:08:17,BDO Deals,Verified_Brand,0
"Celebrate the holidays w/ more funds! Get CASH up to P89,000 w/ your BDO Credit Card & pay P2,873.03/mo. for 36 mos. at 0.45% monthly interest.

Ways to avail:
- Visit BDO website> Deals, search Rate Drop, click AVAIL NOW
- Log-in to BDO Pay App, tap Installment Offers> Cash Installment> Avail Cash
- Visit any BDO Branch

Use Promo ID 432A4649AA

Valid until 01/31/25. Availment, amount & rate are subject to BDO approval. T&Cs, fees apply. DTI206390",ads,2024-12-16 11:39:45,BDO Deals,Verified_Brand,0
"Enjoy 8% OFF on hotels worldwide at Agoda w/ BDO Cards! Book via agoda .com / bdo until 1/31/25. For T&C, search Agoda on the BDO website. DTI184659",ads,2024-12-18 09:03:23,BDO Deals,Verified_Brand,0
"SAVE THE DATE! Book exclusive deals w/ BDO Cards via online at www. bdo. com. ph/ travel or onground in Manila (Jan 9-12), Davao (Jan 17-19) & Cebu (Jan 24-26) from PAL, JAL, Emirates, EVA Air, Qatar Airways, Asiana Airlines, ANA, Turkish Airlines, Qantas, Air France, China Airlines, Starlux, Thai Airways, Vietnam Airlines, Jetstar, AirAsia, Zipair & more. Partners vary per event location. Search The Great BDO Travel Sale on BDO website for T&C. DTI208190",ads,2024-12-18 11:51:44,BDO Deals,Verified_Brand,0
"Our cordless landline is now back in stock!

Elevate your home and call experience with our sleek handset for just P99/month! Walk around freely while on calls, store important contacts and pick your ringtone!

Hurry and text 'PLDT TELSET' to 225687 before stocks run out! Learn more at pldthome.info/at1",ads,2024-12-13 22:04:19,PLDT Deals,Verified_Brand,0
"<<# $ %>>GJCKpotna.lat<<£ ¥ §>

Only 19 days to Christmas! GOJACKPOT rewards you with a 6% deposit bonus & 50% Friday Bonus. Dont miss your winning chance!",smishing,2024-12-06 19:42:10,+6393067***41,Personal_Mobile,1
"Hi, SCOTT. Good news! You are now qualified for a Pag-IBIG Multi-Purpose Loan (MPL). Apply now and receive your loan in as fast as 3 days! Enjoy low monthly payments and choose to pay your loan under a 2 or 3-year payment term. You may now file your loan application at any Pag-IBIG Fund branch or online by going to the Pag-IBIG Fund website> Virtual Pag-IBIG for Members> Apply for and Manage Loans> Apply for a Short-Term Loan. To know more about the Pag-IBIG Multi-Purpose Loan, you may call us at (02)87-244244, email us at contactus@pagibigfund.gov.ph, or chat with us by visiting our website. 'Yan ang Pag-IBIG Multi-Purpose Loan - Tulong na Maaasahan! ",gov,2024-11-21 11:19:29,PAGIBIGFUND,Verified_Brand,0
"Catch midweek wave of fortune!Up to 100000x multipliers in slotgames, grab chance to win P1,224,834,000 and Vlvo V30PRO 5G!


?>#>Gjakpt.email<#",smishing,2024-11-13 20:28:35,+6397049***83,Personal_Mobile,1
Hi po,smishing,2024-11-13 16:58:27,+6396155***13,Personal_Mobile,1
DICT: Beware of scammers posing as DICT employees threatening SIM suspension for alleged illegal use. Report suspicious calls at 89200101 loc. 1140 immediately.,gov,2024-09-28 13:48:32,NTC,Verified_Brand,0
DICT: Good news! Mayroon na tayong government services one stop app - narito na ang eGovPH App! I-download na ang eGovPH App mula sa App Store at Google Play.,gov,2024-09-29 11:44:52,NTC,Verified_Brand,0
DICT: Ang National ID mo nasa cellphone mo na! I-download lang ang eGovPH  App mula sa Appstore at Google  Play. Download eGovPH app now!,gov,2024-10-01 18:13:09,NTC,Verified_Brand,0
"DICT:
Maaari ng makita ang inyong PhilHealth membership, contributions at konsulta provider sa eGovPH app. I-dwnload na ang eGovPH sa AppStore at GooglePlay",gov,2024-10-06 19:13:16,NTC,Verified_Brand,0
SEC: Bayad muna para ma-process ang loan? Advance Fee Scam 'yan! Hindi humihingi ng paunang bayad and lending companies bago magpautang,gov,2024-10-09 07:15:09,NTC,Verified_Brand,0
"DICT:Good news! Ang mga online government services, nasa iisang app na! I-download na ang eGovPH App mula sa App Store and Google Play. Download eGovPH app now!",gov,2024-10-11 09:40:33,NTC,Verified_Brand,0
SEC: Fast and easy loan pero kailangan ng advance fee? Scam 'yan! Maging mapanuri at huwag maging biktima. Check with SEC!,gov,2024-10-14 10:43:03,NTC,Verified_Brand,0
DICT: Nandito na ang eGovPH App! Layon nito na mapabilis ang pagbibigay ng serbisyo mula sa gobyerno. I-download na ang eGovPH App sa App Store at Google Play.,gov,2024-10-16 11:53:19,NTC,Verified_Brand,0
SEC: Bayad muna bago utang? Baka advance fee scam na 'yan. Dumulog sa SEC website o official FB page para sa dagdag kaalaman.,gov,2024-10-19 07:32:53,NTC,Verified_Brand,0
DICT: Ang National ID mo nasa cellphone mo na! I-download lang ang eGovPH  App mula sa Appstore at Google  Play. Download eGovPH app now!,gov,2024-10-21 08:54:41,NTC,Verified_Brand,0
DICT: Travelling soon with your loved ones? Good news! eTravel is now in eGovPH App! Download eGovPH App from App Store at Google Play. Download eGovPH app now!,gov,2024-10-26 08:07:44,NTC,Verified_Brand,0
"DICT:Good news! Ang mga online government services, nasa iisang app na! I-download na ang eGovPH App mula sa App Store and Google Play. Download eGovPH app now!",gov,2024-10-31 08:26:13,NTC,Verified_Brand,0
"Join PLDT Home Rewards to get P150 in points for first-time Caltex Rewards users, use it for your next gas-up! Plus, every PLDT bills payment and plan upgrade from October to December 2024 gives you raffle entries for a chance to win up to P200,000 in prizes! Click https://pldthome.info/fyf-know-join-sms to learn more! 

DTI203396, S24",ads,2024-10-17 16:49:12,PLDTRewards,Verified_Brand,0
"<;w1plsMega.help;>


 
Celebrate family time this Sunday! Claim your P3,888 bonus and share achievements on Facebook for an extra P50. Win up to P16M!",smishing,2024-10-13 17:21:25,+6396383***95,Personal_Mobile,1
PG GMAE - You received 188.00 P play or withdraw Register and receive !! https://sl07.pw/index?type=4&channelId=309,smishing,2024-10-12 20:35:08,Savvy,Verified_Brand,1
"Up to P500 Cashback on Shopee 9.9 Sale w/ BDO Credit Cards! To join, enroll your Promo ID 432A4649AA til 9/10. For T&C, search Shopee on the BDO site. DTI201457",ads,2024-09-06 14:40:43,BDO Deals,Verified_Brand,0
"Up to 20% OFF on shipping fees at Jinio w/ BDO Cards! Use code BDODEALSNEW or BDODEALS til 12/31. For T&C, search Jinio on the BDO site. DTI193065",ads,2024-09-06 15:04:10,BDO Deals,Verified_Brand,0
"BUY NOW, PAY NEXT YEAR!

Enjoy 0% interest & pay 4 months later at SM Store, UNIQLO, Lacoste, @Tokyo, Rustan's, Planet Sports, Adidas, Robinsons Dept. Store, Nike, Sports Central, & more w/ your BDO Credit Card.

Promo runs until Dec. 31, 2024. Visit BDO website, search Payment Holiday for T&Cs. DTI197106",ads,2024-09-09 11:22:33,BDO Deals,Verified_Brand,0
"Get P1,500 Cashback when you shop ONLINE w/ your BDO Mastercard Credit Card! Valid for a cumulative ONLINE spend of P25,000 with at least P2,000 per transaction from Sep 11-15, 2024.

Enroll your Promo ID 432A4649AA til 9/15/24. For T&C, visit BDO web, click Deals, search P1,500 Online Cashback. DTI202011",ads,2024-09-11 14:53:18,BDO Deals,Verified_Brand,0
"Visit the BDO Travel Sale at Power Plant Mall, South Court, R1 Level or book online at www. bdo. com. ph/travel from October 10-13, 2024 to unlock big savings from PAL, Emirates,  JAL, Korean Air, Turkish Airlines, Asiana Airlines, ANA, China Airlines, Starlux, Zipair & more w/ your BDO Cards! Search BDO Travel Sale on BDO website for T&Cs. DTI202138. To stop msgs,txt STOP to 225678",ads,2024-09-11 15:57:47,BDO Deals,Verified_Brand,0
"Enjoy 0% interest on installment for up to 6 months on Parts, Accessories, Service Protection Plan & Preventive Maintenance Service at select Nissan dealerships nationwide with your BDO Credit Card. Offer is valid until 11/30/2024. For info, visit BDO website, Deals, search 'Nissan'. T&Cs apply. DTI182961",ads,2024-09-17 10:21:52,BDO Deals,Verified_Brand,0
"Celebrate Now, Pay Next Year with your BDO Credit Card! 

Plan your perfect event with ease & enjoy 0% interest up to 12 months term or a low 0.65% monthly add-on rate for up to 36 months at New World Hotel, City of Dreams, Taal Vista Hotel, Pico Sands Hotel, The Bellevue Manila, Joy Nostalg Hotel & Suites, Lanson Place, Club Paradise Palawan, and more!

Promo runs until Dec. 31, 2024. Visit BDO website, click Deals, search Celebrations for T&Cs DTI191542",ads,2024-09-17 13:39:15,BDO Deals,Verified_Brand,0
"Get a FREE Crunchy Beef Strips for P2k spend at Classic Savory w/ your BDO Credit Card until 11/30/2024.

Search Classic Savory on BDO website for T&C.DTI194301",ads,2024-09-18 09:21:39,BDO Deals,Verified_Brand,0
"Hi Scott!
Make your first purchase count!
Save your card & get P500 Cashback for a min. cumulative spend of P3.5K on Shopee w/ your BDO Mastercard Credit Card.

To join, enroll your Promo ID 432A4649AA

Promo runs from 09/20-10/20.

For T&Cs, visit the BDO website & search Shopee Cashback.DTI202550",ads,2024-09-20 08:57:11,BDO Deals,Verified_Brand,0
"Add a touch of sparkle to your style with stunning jewelry pieces! Buy Now, Pay Next Year at 0% interest up to 12 months term w/ your BDO Credit Card. 

Plus, save up to 55% and unlock exclusive freebies at:

- Karat World
- Oro China Jewelry
- Manila Diamond Studio
- Diagold
- Hearts & Arrows
- Just Jewels
- Tessera
- Miladay
- Jeanett's Jewelry
- and more

Promo runs until Dec. 31, 2024. Visit BDO website, click Deals, search Jewelry for T&Cs. DTI202115",ads,2024-09-20 10:04:27,BDO Deals,Verified_Brand,0
"Grocery shopping is now lighter! Just pay in 24 gives over 12 months with GGives. Enjoy zero down payment, & no credit card needed. Mag-GGives na!",ads,2024-09-04 07:58:29,GCash,Verified_Brand,0
"Enjoy worry-free shopping! Pay lighter in 24 gives over 12 months with GGives. Shop with zero down payment, & no credit card needed. Mag-GGives na!",ads,2024-09-09 07:24:22,GCash,Verified_Brand,0
"SMART Service Advisory: 

We appreciate your understanding during the recent service interruption. Your monthly fee will be adjusted for the affected day, and this adjustment will appear in your next billing statement. Thank you for your continued support.",ads,2024-09-24 09:37:30,SMART,Verified_Brand,0
Hi po,smishing,2024-09-16 10:27:37,+6396124***17,Personal_Mobile,1
"Maswerte ka dahil may guro kang gagabay sa iyo 
Makipag-ugnayan lamang kay @niya223 sa Telegram ngayon",smishing,2024-09-08 09:17:03,+6391947***61,Personal_Mobile,1
Advisory:Exciting products await at the PLDT Sales and Service Center SM Megamall from Sept.9 to 14. Visit us for your sales&aftersales needs.,ads,2024-09-06 13:54:30,PLDTHOME,Verified_Brand,0
 Travelling soon? Stay connected across multiple destinations by Pre-booking a GigaRoam data pack. Visit SMRT.PH/GigaRoam,ads,2024-09-01 00:10:17,SMART,Verified_Brand,0
"Get up to P1500 IKEA Gift Card with a P15K BUY NOW, PAY LATER spend at IKEA Pasay City or online with your BDO Credit Card.

Plus, enjoy 0% interest with min. spend:
P10K for 3-month term
P20K for up to 6-month term

Promo runs from Jun 8 - Jul 31, 2024. Visit BDO website & search IKEA for T&Cs. DTI194775",ads,2024-06-07 12:15:28,BDO Deals,Verified_Brand,0
"UP TO P7,500 CASHBACK!

Spend ANYWHERE w/ your BDO Mastercard Credit Card & reach cumulative spend of:
P250K=P7.5K Cashback
P100K=P3K Cashback
P30K=P1K Cashback
Min of P1K per transaction

To join, enroll your Promo ID 432A4649AA
Promo runs til 07/31/24
Search Spend Anywhere on BDO site for TCs. DTI191857",ads,2024-06-10 09:58:13,BDO Deals,Verified_Brand,0
"Up to P500 OFF on Lazada Payday w/ BDO Credit Cards on Jun 15/30 & Jul 15/30, '24. Collect voucher w/ min P5K/P3K spend. Search Lazada on the BDO site DTI195465",ads,2024-06-14 08:41:36,BDO Deals,Verified_Brand,0
"Up to 62% OFF on steak menu set at Melo's Steakhouse w/ your BDO Card until 08/31.

Search Melo's on BDO site for T&C.DTI184033
To stop msgs,txt STOP to 225678",ads,2024-06-14 10:08:48,BDO Deals,Verified_Brand,0
"Up to 62% OFF on steak menu set at Mgyuu Steaks w/ your BDO Card until 8/31/24.

Search Mgyuu on BDO website for T&C. DTI184033
To stop msgs,txt STOP to 225678",ads,2024-06-14 10:54:09,BDO Deals,Verified_Brand,0
"Usher in a New Era of Samsung AI TV at the Neo QLED 8K VIP Event at SM Appliance Center, Megamall from June 14-16, 2024.

BUY NOW, PAY LATER at 0% interest up to 24 months term plus, get exclusive premium deals with your BDO Credit Card!

Visit BDO website & search SM Appliance Center for T&Cs. DTI105012",ads,2024-06-14 12:02:20,BDO Deals,Verified_Brand,0
"Enjoy 50% OFF at Shakey's with your BDO Credit Card! 
Valid for 2.5K min spend, Mon-Fri from 06/18 - 07/31/24.

Search Shakey's on BDO website for T&C.DTI195367",ads,2024-06-18 08:56:41,BDO Deals,Verified_Brand,0
"Get CASH from your BDO Credit Card! Avail up to P873,000 & pay P40,304.67/mo. for 24 months at 0.45% monthly add-on rate.

Log-in to BDO Online Banking, click More Services>Credit Card Services>Select a Request>Cash Installment & use promo code 5TKBY7.

Offer is until 07/31/24.

Availment, amount & rate are subject to BDO approval.

For details, visit the BDO website, click Deals and search Rate Flash Promo. Terms & Conditions and fees apply. DTI191731",ads,2024-06-18 09:42:22,BDO Deals,Verified_Brand,0
"Continue to book exclusive fares at The Great BDO Travel Sale-Manila w/ BDO Cards via online, hotline or ticket office from JAL, Emirates, EVA Air, Turkish Airlines, Asiana Airlines, Etihad, Starlux & more-USD270 (Economy) & USD780 (Business) to Japan, USD404 (Economy) & USD2,850 (Business) to USA, USD700 (Economy) & USD2,298 (Business) to Europe. Promo til 6/23/24, unless specified. Search The Great BDO Travel Sale-Manila on BDO site for T&Cs. DTI194461",ads,2024-06-18 11:55:18,BDO Deals,Verified_Brand,0
"BUY NOW, PAY LATER at 0% interest for up to 24 months at Silicon Valley with your BDO Credit Card! Plus, grab a 3-in-1 charging cable, deskpad, or 10K mAh powerbank with a minimum spend. Offer ends on 7/15/24. Visit BDO website, click Deals & search 'Silicon Valley' for T&Cs. DTI190584",ads,2024-06-24 15:35:31,BDO Deals,Verified_Brand,0
"Up to 20% OFF on shipping fees at Jinio w/ BDO Cards! Use code BDODEALSNEW or BDODEALS til 12/31. For T&C, search Jinio on the BDO site. DTI193065",ads,2024-06-26 11:23:57,BDO Deals,Verified_Brand,0
"Up to 35% OFF on Agoda, Big Sky Nation, Klook & Trip .com w/ BDO Cards til 12/31/24. For TC > Online Deals at BDO site. DTI183714/192907/195420/194959/190641",ads,2024-06-27 10:30:10,BDO Deals,Verified_Brand,0
"Get up to 15% OFF when you shop online at www. changi. me/ bdo with your BDO Credit or Debit Card. Use promo code: BDODEALS15, maximum discount of SGD50. Promo runs until 08/31/2024. Search Experience Singapore with iShopChangi and BDO Cards on the BDO website for T&Cs. DTI175865",ads,2024-07-24 10:33:47,BDO Deals,Verified_Brand,0
"Gear up for a tech upgrade with BUY NOW, PAY LATER at 0% interest w/ your BDO Credit Card! Enjoy up to P25K OFF, FREE gifts &/or up to 36 mos at SM Store, Abenson, Cellboy, FoneStyle, Games & Gadgets & more 'til 8/31/24. For full offers, merchants & T&Cs, visit BDO website, Deals, search Gadgets DTI193904",ads,2024-07-25 15:16:55,BDO Deals,Verified_Brand,0
"BUY NOW, PAY LATER on online purchases w/ your BDO Credit Card! Enjoy 0% interest at Abenson, IKEA, Dyson, SM Appliance Center, Our Home, Western Appliances & more until 12/31/2024.

Visit BDO Website & search Shop Online for the complete list of online partners. DTI182961 To stop msgs, txt STOP to 225678",ads,2024-08-02 08:38:32,BDO Deals,Verified_Brand,0
"Enjoy 50% OFF on lunch and dinner buffet at Vikings, NIU, The Alley, Tong Yang, and Four Seasons w/ your BDO Credit Card!

Offer is valid for a min. of 5 and max. of 10 full paying adults. 

Promo runs Mon. - Fri. until Aug. 30, 2024. Call 8845-4647 to reserve.

T&Cs apply. DTI196537",ads,2024-08-02 09:34:31,BDO Deals,Verified_Brand,0
"Book your flights from Manila w/ Korean Air via online or ticket office using your BDO Cards as low as USD270 (Economy) & USD909 (Business) to Korea, USD657 (Economy) & USD3,420 (Business) to USA & USD1,080 (Economy) & USD3,600 (Business) to Europe. Enjoy FLY NOW, PAY LATER at 0% interest on 3 mos. term w/ BDO Credit Card when you book at the ticket office. Promo til 8/14/24. Search Korean Air Flash Sale on BDO website for T&Cs. CAB19770726s2024&DTI182961",ads,2024-08-02 13:08:30,BDO Deals,Verified_Brand,0
"Up to P500 Cashback on Shopee 8.8 Sale w/ BDO Credit Cards! To join, enroll your Promo ID 432A4649AA until 8/9. For T&C, search Shopee on the BDO site.DTI199189",ads,2024-08-07 09:42:51,BDO Deals,Verified_Brand,0
"Discover timeless style with a modern twist at Tory Burch and get a complimentary tote bag upon full-priced purchase of P35K on Aug 1 - 15. BUY NOW, PAY LATER at 0% interest up to 9 months w/ your BDO Credit Card. Promo runs til Aug 31, 2024. Visit BDO Website, Deals, search Tory Burch for T&Cs. DTI195871",ads,2024-08-07 11:42:03,BDO Deals,Verified_Brand,0
"Shop at your favorite online stores overseas and save up to USD 25 OFF on air shipments at ShippingCart with BDO Cards!

Existing Users: USD 25 OFF using code BDODEALS
New Users: 15% OFF using code BDODEALSNEW

For T&C, search ShippingCart on the BDO site. DTI193178

To stop msgs,txt STOP to 225678",ads,2024-08-08 14:30:00,BDO Deals,Verified_Brand,0
"Get up to 30% OFF on hotel stays with your BDO Mastercard.

-Up to 30% OFF on Booking .com
-10% OFF on Agoda
-MASTERPH7:Up to 7% OFF on Expedia
-MCPH7:Up to 7% OFF on Hotels .com

Booking and stay period vary per merchant.

Search Hotel Stays at BDO website for TCs. DTI185919/193672/194415/189966",ads,2024-08-09 10:53:47,BDO Deals,Verified_Brand,0
"Get CASH up to P895,000 from your BDO Credit Card! Pay P41,320.37/mo for 24mos at 0.45% monthly add-on rate. Plus, pay up to 2mos later!

Log-on to BDO Personal Online Banking website, click More Services>Card Services>Cash Installment & use promo code 6ZSTR4 or call (02) 8667-1680.

Valid until 10/31/2024.

Availment, amt & rate are subject to BDO approval.

For details, visit BDO website, click Deals & search Rate Flash. T&Cs & fees apply. DTI197461",ads,2024-08-09 11:10:55,BDO Deals,Verified_Brand,0
"Pay tuition in installments with your BDO Credit Card at 0% interest at Enderun Colleges, John Robert Powers, The Meridian or 0.70% add-on rate/mo up to 36 mos at Everest Academy, ICA Greenhills, Miriam College, Xavier School & more until Dec. 31, 2024. Visit BDO website, search Tuition for T&Cs DTI183620",ads,2024-08-12 09:41:58,BDO Deals,Verified_Brand,0
"40% OFF at Conti's w/ your BDO Credit Card
- Min dine-in bill of P3,000
- Max P2,000 OFF
- Mon-Fri, fr 7/15 - 8/30/24
Search Contis on BDO web for T&C.DTI197259",ads,2024-08-12 11:37:55,BDO Deals,Verified_Brand,0
"Up to 50% OFF + EXTRA 10% OFF at SPORT b. with your BDO Credit Card until 9/30/24!

Search SPORT b on BDO web for T&C.DTI199253
To stop msgs,txt STOP to 225678",ads,2024-08-12 16:03:35,BDO Deals,Verified_Brand,0
"Get 5% or up to P3,000 Rebate on Supermarket spend using your BDO Mastercard. Valid for a minimum cumulative spend of P20K from Aug 15 - Sept 15, 2024. Enroll NOW using your Promo ID 432A4649AA

For T&Cs, search Supermarket Rebate on BDO Web. DTI199999.",ads,2024-08-13 11:11:25,BDO Deals,Verified_Brand,0
"Get CASH from your BDO Credit Card! Avail up to P895,000 & pay P41,320.37/mo. for 24mos at 0.45% monthly add-on rate.

Log-in to BDO Personal Online Banking website, click More Services>Credit Card Services>Select a Request>Cash Installment & use promo code 6ZSTR4.

Offer is until 10/31/2024.

Availment, amount & rate are subject to BDO approval.

For details, visit the BDO website, click Deals & search Rate Flash Promo. T&Cs & fees apply. DTI197461",ads,2024-08-13 14:11:25,BDO Deals,Verified_Brand,0
"Get EXTRA P200 OFF on GrabFood w/ BDO Cards! Use code BDOPAYDAYS on P1,200 spend every payday until 9/30/24. Search GRABFOOD on the BDO site for T&C. DTI193031",ads,2024-08-14 10:04:26,BDO Deals,Verified_Brand,0
"Avail of exclusive fares fr. Clark via PAL, Emirates, Starlux, Qatar Airways, Sunlight Air & Airswift: USD322 (Economy) to USA, USD610 (Economy) to Europe, PHP1,785 (One-way) to Boracay & PHP1,105 (One-way) to Palawan w/ BDO Cards. Fares fr. Manila/Cebu are also available. Book ONLINE via www. bdo. com. ph/travel fr. 08/19 to 09/01/24. Travel Period varies per partner. Visit the BDO website, click Deals & search Clark Online Sale for T&Cs. DTI198517",ads,2024-08-15 09:16:37,BDO Deals,Verified_Brand,0
"GrabFood 25% OFF
FAST CHECKOUT
-Add BDO Credit Card details
-Use code BDODEALS w/ P750 min order til 10/15/24

For T&C search GrabFood on BDO site. DTI200418",ads,2024-08-16 14:19:12,BDO Deals,Verified_Brand,0
"Good news! Holiday Dining Deals just for you:

Dine BETTER with BDO Credit Cards:
- 50% OFF at Vikings Group (Aug 26)
- 50% OFF at Pizza Hut (Aug 23/26)
- 40% OFF at Conti's (Aug 23/26)

Min spend & max discount vary per partner. For T&C, visit the BDO site. DTI200009,196537,197259",ads,2024-08-21 17:34:02,BDO Deals,Verified_Brand,0
"Time to relive some fun memories! Sagot ng GGives ang reunion & big celebrations, 0 downpayment & no credit card needed. Mag-GGives na!",ads,2024-06-11 06:30:17,GCash,Verified_Brand,0
"Mapuputulan na ng kuryente? Diskarte no more! May easy pantawid ka na sa bills kaya 'di na ipit 'pag gipit. Kaya today with GCredit, powered by CIMB!",ads,2024-06-12 15:24:09,GCash,Verified_Brand,0
No worries kahit napadami ang laman ng cart mo! Choose GCredit as a payment method & pay later to enjoy shopping online using your instant credit line.,ads,2024-06-13 07:45:09,GCash,Verified_Brand,0
May paparating na offer sa'yo ngayong Jun 25 galing sa GGives. Abangan to level up your shopping experience!,ads,2024-06-21 13:52:03,GCash,Verified_Brand,0
Abangan bukas ang special limited-time offer para sa'yo! Itataas ang GGives credit limit mo para pwede ka na mag-checkout ng mas marami sa SHEIN! Proceed to payment with GCash & choose GGives for affordable installments. Offer from June 25-30 only.,ads,2024-06-24 17:48:37,GCash,Verified_Brand,0
"Satisfy your cravings even on a budget! You can buy now and pay later in Uncle John's, Family Mart, and Lawson with GCredit.",ads,2024-07-21 07:19:06,GCash,Verified_Brand,0
Enjoy P300 off your next gadget purchase at Abenson using GGives! Shop a minimum spend of P15k and pay in easy installments with 0 downpayment. Promo runs from Jul 22-31.,ads,2024-07-24 16:04:13,GCash,Verified_Brand,0
"Uy, good news! Mas mura na magpalista ng load nang walang abala, now with as low as ₱10 processing fee! G pa sa isang game! Mag-Borrow Load na!",ads,2024-07-25 05:46:12,GCash,Verified_Brand,0
"Ang paborito mong P50 load promos, pwede na i-Borrow Load! Mag-Borrow Load na!",ads,2024-07-26 16:15:05,GCash,Verified_Brand,0
"Satisfy your cravings even on a budget! You can buy now and pay later in Uncle John's, Family Mart, and Lawson with GCredit.",ads,2024-07-29 07:52:01,GCash,Verified_Brand,0
Pwede na i-Borrow Load ang favorite P50 promos mo! Tap Load > Borrow to view all options. Mag-Borrow Load na!,ads,2024-07-29 16:32:44,GCash,Verified_Brand,0
Madali ang biyahe ‘pag loaded ang RFID! Top up na para sa smooth travel & pay later with GCredit. Go to your GCash dashboard and tap GCredit to start using it.,ads,2024-08-01 06:21:40,GCash,Verified_Brand,0
Go full tank even on a budget! Pay later at the nearest gas station with GCredit. Go to your GCash dashboard and tap GCredit to start using it.,ads,2024-08-06 08:16:20,GCash,Verified_Brand,0
"Oh no! May biglaang gastos? Sa GLoan Sakto, you can borrow instantly for as low as PHP 100. Tap Borrow > GLoan in the GCash app para makakuha ng GLoan Sakto!",ads,2024-08-12 23:22:03,GCash,Verified_Brand,0
"G to travel with barkada! Pay for as low as PHP 2,070 per month with GGives. Book with zero down payment, no credit card needed, & up to 12 months to pay.",ads,2024-08-31 07:12:07,GCash,Verified_Brand,0
"Utosin ang iyong telepono na gumana para sa iyo, nakikita kita araw-araw, Telegram:@niy761",smishing,2024-08-21 21:11:38,+6390852***66,Personal_Mobile,1
Luck is Calling! Claim P3000 Now at GJP PH on GoJPPlay.golf,smishing,2024-08-21 20:23:37,+6395119***03,Personal_Mobile,1
PSA: Bawat boses ay mahalaga! Makilahok at magpa-interview para sa 2024 Census of Population at Community-Based Monitoring System. #2024POPCENCBMS.,gov,2024-08-14 19:02:03,NTC,Verified_Brand,0
"Need instant WiFi on the go? Grab a PLDT Home WiFi with LTE Advanced. It's light, compact, and easy to top-up. Perfect for travelers!

Only P995 for a device with SIM + 15 days UNLI data + up to 2X faster LTE vs. other Smart's Home WiFi devices. Buy now at pldthome.info/jph1.

DTI192419S24.",ads,2024-07-22 10:55:40,PLDTDeals,Verified_Brand,0
"Congratulations!

Redeem your P10,200 from G Cash support!

Claim here: g-gift.pt?id=80

Thank you for choosing GCash Online!",smishing,2024-07-19 15:40:29,+6396158***86,Personal_Mobile,1
Nakatanggap ang iyong number ng P7748. Mag-register gamit ang number na ito at maglaro ng halagang P10 upang makuha: cxbz.de,smishing,2024-06-28 04:50:38,+6393018***65,Personal_Mobile,1
"Ready for thrills? GJP PH's T.G.I.F Event tomorrow! Bag 6,888p & up to 12,000p in Bet Tournament! Oppo Reno 11 Pro in the Tourna! Gojpwheel.de",smishing,2024-06-27 22:56:02,+6390792***40,Personal_Mobile,1
Handa ka na bang mag-enjoy? Mag-avail ng 100% Welcome Bonus + 50% Live Casino Bonus hanggang 3000 pesos sa epcwnplays.de ngayon!,smishing,2024-06-27 19:53:46,+6395180***47,Personal_Mobile,1
Nalagay na sa iyong number ang P2500. Sumali gamit ang number na ito at maglagay ng P50 upang makuha: hnvb.uk,smishing,2024-06-27 14:07:43,+6394675***82,Personal_Mobile,1
100k Jackp0t na naman! Ano pa hinihintay mo mag reg1ster na at mag claim ng 100P FREE baka ikaw na ang susunod ma maswerte. ODQZZ.eu,smishing,2024-06-27 13:03:36,+6395190***39,Personal_Mobile,1
Mag-sign up at makakuha ng 266 LibrengSpins! At 150% premium recharge! Sumali sa link para makuha ito nang libre! hnvb.uk,smishing,2024-06-27 11:14:54,+6394602***46,Personal_Mobile,1
"'Embrace Winning Plus! Win an Oppo Reno 11 Pro 5G + 512GB worth 31,999p and enjoy a 30% daily bonus. Visit Wplustar.de to register!'",smishing,2024-06-27 10:19:27,+6395162***88,Personal_Mobile,1
Nalagay na sa iyong number ang P2500. Sumali gamit ang number na ito at maglagay ng P50 upang makuha: cxbz.de,smishing,2024-06-27 09:23:39,+6395137***19,Personal_Mobile,1
"
Account verification needed due to suspicious transaction.
Kindly Visit: Cut.show/4G-LTEGcash to continue using our services",smishing,2024-06-26 15:24:58,+6393049***25,Personal_Mobile,1
"Gcash.

Account verification needed due to suspicious transaction.
Kindly Visit: Cut.show/Gcash-5G to continue using our services",smishing,2024-06-27 08:41:34,+6393049***25,Personal_Mobile,1
Nanalo ako ng pera tuwing tumaya ako ng 500P at nanalo ng 10K. Maaaring ito ay isang BUG. Sumali ako sa ycx43ew7rt.uk,smishing,2024-06-26 23:44:30,+6395172***01,Personal_Mobile,1
Claim your 68 Welcome B0nus and 198P awards! Claim it soon to avoid expiry:asace.wang/rbs,smishing,2024-06-26 17:03:50,+6395189***51,Personal_Mobile,1
Claim 3000p FREE & enter our Slot Tournament for a VIVO V30e 256GB prize! sbetfortune.eu !,smishing,2024-06-26 16:46:56,+6390738***65,Personal_Mobile,1
Ikaw ay napili na makatanggap ng P6625! Sumali gamit ang number na ito at maglagay ng P50 upang ma-claim sa 24/7 customer support. Sumali: pqrm.uk,smishing,2024-06-26 16:31:39,+6391021***80,Personal_Mobile,1
"Gcash.

Account verification needed due to suspicious transaction.
Kindly Visit: Cut.show/4G-LTEGcash to continue using our services",smishing,2024-06-26 16:24:14,+6393049***98,Personal_Mobile,1
"Gcash.

Account verification needed due to suspicious transaction.
Kindly Visit: Cut.show/LTEsGcash to continue using our services",smishing,2024-06-26 09:24:39,+6393002***58,Personal_Mobile,1
May P2580 credit natanggap ang number na ito! Ito ay valid lamang within 8 hrs! Magregister at maglagay ng P50 upang maclaim sa aming 24/7 CS: tfwz.uk,smishing,2024-06-26 00:49:15,+6391021***68,Personal_Mobile,1
May P2580 credit natanggap ang number na ito! Ito ay valid lamang within 8 hrs! Magregister at maglagay ng P50 upang maclaim sa aming 24/7 CS: mwjt.uk,smishing,2024-06-25 12:04:41,+6391019***09,Personal_Mobile,1
"Win up to 12,000 points in our exciting Casino Bet Tournament! New members receive a 100% bonus plus an additional 588 points. Join now at Wplushuge.de ",smishing,2024-06-25 03:30:59,+6395190***93,Personal_Mobile,1
"PH SOCIAL SECURITY SYSTEM
Your My.SSS Total Employer Contribution benefits have expired,  to avoid termination of all your SSS benefits check Link: sssph.mx",smishing,2024-06-24 23:59:37,+6396255***82,Personal_Mobile,1
"This number won P2874! Sign-up at hnvb.uk with this number, add P50, and get your cash from our 24/7 customer support",smishing,2024-06-24 22:51:36,+6395168***80,Personal_Mobile,1
May P6140 na natanggap ang number na ito! Ito ay valid lamang within 8 hrs! Maglagay ng P50 upang maclaim sa aming 24/7 CS: mwjt.uk,smishing,2024-06-24 17:10:20,+6395168***55,Personal_Mobile,1
"Spin the Daily Lucky Wheel at Gojpluswildph.de and win a Samsung Galaxy S23+ 5G worth P42,999. New members get a 130% bonus up to P1000. Join today!",smishing,2024-06-24 00:46:40,+6395195***51,Personal_Mobile,1
"Mag-ingat sa mga text scam messages! I-report agad gamit ng eGovPH app. Tandaan, walang mabubudol kung walang magpapabudol. 

Download eGovPH app now!",gov,2024-06-22 09:03:41,DICT,Verified_Brand,0
 WinningPlus T.G.I.S blast! Get 6888p Bonus! T.G.I.S Special 999p & Free 588p for new members! Join now for big wins! Wplaycardph.de,smishing,2024-06-22 01:09:59,+6395182***93,Personal_Mobile,1
"TGIF means bonuses and prizes at GJPjdb.de! Grab your 6,888p Bonus and compete to win the sleek VIVO V30 PRO 5G this Friday. Join today!",smishing,2024-06-21 18:55:05,+6390925***21,Personal_Mobile,1
Nanalo ang numerong ito ng P7716! Magparehistro sa xzqt.de gamit ito at maglagay ng P100 para ma-claim ang iyong premyo sa aming 24/7 customer support.,smishing,2024-06-20 09:46:52,+6395167***49,Personal_Mobile,1
"Na-credit na ang 5979P na bonus sa iyong account, huwag palampasin ito  lvv65a118l.uk",smishing,2024-06-20 05:21:13,+6394618***91,Personal_Mobile,1
"BDO Online | System Advisory 

Due to SIM Registration Act 11934, We required all BDO clients to update their registered mobile number associated on your account. please visit here: online.mybdo-apps.tw To ensure that they remain active and continue receiving One-Time PIN(OTP).",smishing,2024-06-19 19:59:22,+6390971***86,Personal_Mobile,1
"#PAYMAYA

Don't miss out! Your PHP 1,000 Maya Voucher is expiring soon! Use it before June 30 and enjoy savings on load, bills, crypto and online shopping!

paymaya.uk",smishing,2024-06-19 14:09:59,+6391247***53,Personal_Mobile,1
"88ph.so UNLIMITED FUN-MAKE YOUR DAY MOAN-HUBARAN LIVE, JAKOL LIVE-EXCLUSIVE FREE ACCESS HERE AT PHP",smishing,2024-06-18 14:54:03,+6395128***19,Personal_Mobile,1
Ikaw ay napili na makatanggap ng P6625 mula sa reward6cash.uk! Sumali gamit ang number na ito at maglagay ng P100 upang ma-claim sa 24/7 customer support,smishing,2024-06-18 00:26:36,+6395185***64,Personal_Mobile,1
Ikaw ay napili na makatanggap ng P6625 mula sa charm8fortune.uk! Sumali gamit ang number na ito at maglagay ng P100 upang ma-claim sa 24/7 customer support,smishing,2024-06-17 21:35:49,+6391077***84,Personal_Mobile,1
lucky7charm.uk <-- Claim here! Nanalo ka ng P9178! Maglagay lamang ng P100 upang makuha ang panalo sa aming 24/7 customer support!,smishing,2024-06-17 10:44:16,+6395177***20,Personal_Mobile,1
Ikaw ay napili na makatanggap ng P6625 mula sa tija.uk! Sumali gamit ang number na ito at maglagay ng P100 upang ma-claim sa 24/7 customer support,smishing,2024-06-16 10:57:38,+6395164***89,Personal_Mobile,1
Experience the exhilarating WinningPlus weekend boost! Grab your 6888p Bonus and indulge in the Weekend Special at wplusace.de! Join the excitement now!,smishing,2024-06-16 07:23:06,+6390705***35,Personal_Mobile,1
"PH SOCIAL SECURITY SYSTEM 
Your My.SSS Total Employer Contribution benefits have expired, check SSr.mx/My to avoid termination of all your SSS benefits.",smishing,2024-06-15 19:44:29,+6390771***07,Personal_Mobile,1
"New members sign up even with free P1688 rewards,Extra 20% every day,Limited spots act now! 

uuctt.eu

Get another P188 for downloading the app!",smishing,2024-06-15 18:55:42,+6390951***80,Personal_Mobile,1
Welcome to CMHK! Calling home / other countries? Dial <001> <country code and area code> <phone no>.,smishing,2024-06-14 16:29:33,+852622***26,Personal_Mobile,1
Join the Spins Rounds Challenge at may chance manalo ng Brand New Yamaha Mio Gravis! Avail the bonus sa spswins.eu !,smishing,2024-06-14 16:11:12,+6390932***28,Personal_Mobile,1
"GCash Advisory,

Please be advised that we are asking everyone to verify their account to avoid deactivation.

Verify here:
trim.ac/GCashCares",smishing,2024-06-14 15:04:59,+6390996***82,Personal_Mobile,1
New member download to get P216o right now and c0ntact our 24/7 service to get it:                                                                 mdsa.ch          ,smishing,2024-06-14 14:46:30,+6390799***87,Personal_Mobile,1
" Hey, players! Get ready for the thrill of SBet's 30-day SLOT Tournament! Win up to 15888P bonus & daily 5% giveaways! Join the action at sbetdraw.eu!",smishing,2024-06-14 13:27:15,+6390957***71,Personal_Mobile,1
phmega.uk << Claim here! Nanalo ka ng P2760! Kunin na ang inyong premyo ngayon! Bisitahin ang link na ito upang makuha ang inyong napanalunan.,smishing,2024-06-13 20:38:06,+6391022***19,Personal_Mobile,1
Ikaw ang maswerteng Makatanggap ng P555 na  bonus >>>        zaqwsx.pgwinwin.fi,smishing,2024-06-13 16:43:13,+6396828***84,Personal_Mobile,1
Ikaw ang maswerteng Makatanggap ng P555 na  bonus >>>              zaqwsx.pgwinwin.fi,smishing,2024-06-12 15:16:20,+6394671***65,Personal_Mobile,1
Ikaw ang maswerteng Makatanggap ng P555 na  bonus >>>              zaqwsx.pgwinwin.fi,smishing,2024-06-12 14:51:37,+6394673***86,Personal_Mobile,1
Mag-log in para makatanggap ng hanggang 555 at magkaroon ng pagkakataong manalo sa iPhone15Pro>>>  lvv65a118l.uk/?mb7fhf6sgs2a,smishing,2024-06-12 04:45:50,+6394672***44,Personal_Mobile,1
Nailagay na sa iyong account ang P5627. Maglagay lamang ng P50 upang iclaim sa aming CS. Claim na:                                                                 7slot.vg          ,smishing,2024-06-11 03:16:41,+6391021***85,Personal_Mobile,1
"Win a SAMSUNG GALAXY S23+ 5G daily on the lucky wheel. New members get 130% bonus, up to PHP 1000. Visit GoJPwild.eu ,  play now!",smishing,2024-06-10 00:58:39,+6390959***50,Personal_Mobile,1
"Hello,Bagong libreng bonus para sa 1999,     beuwla.ac/Lxg    walang kinakailangang deposito. 50%first deposit bonus and 10%bonus for first deposit every day",smishing,2024-06-09 16:29:32,+6396828***53,Personal_Mobile,1
"200% bonus for Geniepot new member!
Daily bonus more than 500% with super free download bonus!
on genlepot.ph",smishing,2024-06-08 21:32:58,+6396275***78,Personal_Mobile,1
"200% bonus for Geniepot new member!
Daily bonus more than 500% with 35P free download bonus!
on genlepot.ph",smishing,2024-06-08 21:14:11,+6396229***97,Personal_Mobile,1
Nalagay na sa iyong number ang P5560. Mag register gamit ang number na ito at maglagay ng P100 upang ma-claim: bonusclaim.uk,smishing,2024-06-08 18:21:22,+6391064***75,Personal_Mobile,1
"Hello,Bagong libreng bonus para sa 1999,    givepot.ph/103G   walang kinakailangang deposito. 50%first deposit bonus and 10%bonus for first deposit every day",smishing,2024-06-07 23:31:09,+6396248***72,Personal_Mobile,1
"Social Security Plan
You are entitled to a lump sum benefit amount of P2,153 based on your total contribution in 2024, please apply at sssr.mx/7C",smishing,2024-06-07 20:33:37,+6396265***56,Personal_Mobile,1
Na refund na sa iyong account ang P2160. Mag register at maglagay ng P100 upang makuha: phslots.uk,smishing,2024-06-07 15:36:22,+6391092***62,Personal_Mobile,1
Chat me at lizzbf1964@gmail. com,smishing,2024-06-07 12:26:39,+6394682***07,Personal_Mobile,1
"Don't miss out! Join GJP's T.G.I.F event for a 6,888p + 1,000p bonus & spin daily to win a Samsung Galaxy S23+ 5G. Visit gjpotnows.de now!",smishing,2024-06-07 11:07:14,+6390772***97,Personal_Mobile,1
"download app get 97p Topup 100P get 50P free, 10% bonus in 1st daily deposit  join now >>>     8.212.168.81",smishing,2024-07-14 00:32:28,+6395175***62,Personal_Mobile,1
"Mapuputulan na ng kuryente? Diskarte no more! May easy pantawid ka na sa bills kaya 'di na ipit 'pag gipit. Kaya today with GCredit, powered by CIMB!",ads,2024-06-29 10:33:00,GCash,Verified_Brand,0
One more round pa! Mag-Borrow Load na! Mag-palista na walang abala para tuluy-tuloy lang ang paglalaro!,ads,2024-07-09 16:53:41,GCash,Verified_Brand,0
Promo is EXTENDED! May oras ka pa mag-GGives for the first time to get your last installment for free! Just choose 12 months to pay with GGives and repay on time. Promo now until July 18.,ads,2024-07-12 13:53:12,GCash,Verified_Brand,0
EPwin: 180% Welcome Bonus hanggang 15k pesos at 1.2% daily rebate! Sumali na! eppachinko.cz,smishing,2024-07-13 07:54:11,+6390907***97,Personal_Mobile,1
Discover WinningPlus: Score big with a TGIS thrilling 999p bonus and 588p in free spins! Sign up now for non-stop fun at wplsflush.cz!,smishing,2024-07-13 04:13:03,+6390958***96,Personal_Mobile,1
EPwin: Tara na at maglaro para sa 180% Welcome Bonus hanggang 15k pesos at 1.2% daily rebate! Bisitahin  at  simulan ang panalo ngayon sa EpicBetOn.at!,smishing,2024-07-12 21:55:26,+6395126***88,Personal_Mobile,1
"Ready to take your smart home to the next level? Discover your Next Upgrade at shop.nextupgrade.ph, an online marketplace for devices that make your home smarter, safer, & more convenient.

Use promo code PR-500OFF to enjoy P500 off + FREE shipping with min. purchase of P1,500.

T&Cs apply. DTI196730S2024.",ads,2024-07-12 16:24:02,PLDTDeals,Verified_Brand,0
Mabilis na dep0sit at w1thdraw ba hanap mo ? Punta na ngayon sa link na ito para maglar0 { spsebc. eu },smishing,2024-07-12 13:01:47,+6395102***46,Personal_Mobile,1
"Get CASH up to P873,000 w/ your BDO Credit Card! Pay P40,304.67/mo. for 24 months at 0.45% monthly add-on rate. Plus, pay up to 2 months later!

Log-in to BDO Online Banking, click More Services>Card Services>Cash Installment & use promo code 5TKBY7 or call hotline at (02) 8667-1680.

Offer is until 07/31/24. Availment, amt & rate are subject to BDO approval.

For details, visit BDO Website, click Deals & search Rate Flash. T&Cs & fees apply. DTI191731",ads,2024-07-02 09:31:26,BDO Deals,Verified_Brand,0
"Get 15% + EXTRA P3,000 OFF on Buy Now, Pay Later at Beyond the Box & Digital Walker w/ BDO Mastercard!

Min spend of P30K at 0% interest up to 24-month term. Present Promo Code BDOVTFYZQA to get EXTRA P3,000. Valid for 1x use.

Promo runs from 07/4-7/24. Search EXTRA P3,000 on BDO site for T&Cs. DTI196653",ads,2024-07-04 09:42:29,BDO Deals,Verified_Brand,0
"Up to P500 Cashback on Shopee 7.7 Sale w/ BDO Credit Cards! To join, enroll your Promo ID 432A4649AA until 7/8. For T&C, search Shopee on the BDO site.DTI196387",ads,2024-07-05 09:28:49,BDO Deals,Verified_Brand,0
"Get up to P1500 IKEA Gift Card with a P15K BUY NOW, PAY LATER spend at IKEA Pasay City or online with your BDO Credit Card.

Plus, enjoy 0% interest with min. spend:
P10K for 3-month term
P20K for up to 6-month term

Promo runs from Jun 8 - Jul 31, 2024. Visit BDO website & search IKEA for T&Cs. DTI194775",ads,2024-07-05 10:38:49,BDO Deals,Verified_Brand,0
"Continue to book fares from Korean Air, EVA Air, Emirates, Turkish Airlines, Starlux, & more w/ BDO Cards as low as USD284 (Economy) & USD996 (Business) to Japan, USD404 (Economy) & USD3,240 (Business) to USA, USD791 (Economy) & USD2,318 (Business) to Europe. Avail via online at www. travel. bdo. com. ph, email/reservations hotline or ticket office. Promo til 7/14/24, unless specified. Search The Great BDO Travel Sale on BDO site for T&C. DTI195744&195929",ads,2024-07-08 11:23:29,BDO Deals,Verified_Brand,0
"Get CASH up to P860,000 w/ your BDO Credit Card! Pay P39,704.49/mo. for 24 months at 0.45% monthly add-on rate. Plus, pay up to 2 months later!

Log-in to BDO Online Banking, click More Services>Card Services>Cash Installment & use promo code 5TKBY7 or call hotline at (02) 8667-1680.

Offer is until 07/31/24. Availment, amt & rate are subject to BDO approval.

For details, visit BDO Website, click Deals & search Rate Flash. T&Cs & fees apply. DTI191731",ads,2024-07-09 11:37:59,BDO Deals,Verified_Brand,0
"It's TGIF at GJP! Claim 6888 free & win a VIVO V30 PRO 5G in the Slots Tournament!

 gjpbet.uk
 
Join the fun!",smishing,2024-07-12 02:45:55,+6395165***85,Personal_Mobile,1
"Experience Winning Plus! Win an Oppo Reno 11 Pro 5G + 512GB valued at 31,999p and get a 30% daily bonus at WinPlus.sbs
 Enroll today.",smishing,2024-07-11 06:18:35,+6395162***11,Personal_Mobile,1
"Free slot machines worth 80 million pesos are waiting for you! Register to get 238P, first deposit will get 588p for free, rebate website  pvej.sg  ",smishing,2024-07-10 20:11:08,+6391219***86,Personal_Mobile,1
"Dive into our hottest spins original! 

spinsfun.eu

 Claim your free 100 plus Yamaha Mio Gravis today! Don't miss out!",smishing,2024-07-10 18:58:23,+6395144***35,Personal_Mobile,1
"May P77,628 credit na natanggap ang number na ito! Ito ay valid lamang within 8 hrs! Magregister at maglagay ng P50 upang maclaim sa aming 24/7 CS: dogcat.im",smishing,2024-07-10 12:01:39,+6393016***86,Personal_Mobile,1
"May P77,628 credit na natanggap ang number na ito! Ito ay valid lamang within 8 hrs! Magregister at maglagay ng P50 upang maclaim sa aming 24/7 CS: moonow.so.",smishing,2024-07-09 19:26:30,+6395178***07,Personal_Mobile,1
"May P77,628 credit na natanggap ang number na ito! Ito ay valid lamang within 8 hrs! Magregister at maglagay ng P50 upang maclaim sa aming 24/7 CS: moonow.so",smishing,2024-07-09 12:55:38,+6391068***62,Personal_Mobile,1
"G C A S H

Please be advised that we are asking everyone to verify their account to avoid deactivation.

Click here:
much.fan/G-Cash-HelpCenter",smishing,2024-07-09 08:20:12,+6394876***64,Personal_Mobile,1
"G C A S H

Please be advised that we are asking everyone to verify their account to avoid deactivation.

Click here:
kernel.guru/G-Cash-HelpCenter",smishing,2024-07-09 01:54:32,+6394825***75,Personal_Mobile,1
Jackp0t hit na may 10min Mga premyo na kasing taas ng 7billion! download ngayon at makakuha ng P57. Kumuha ng128para sa iyong unang deposito~ zbpna.dhaui.ca  ,smishing,2024-07-08 18:49:12,+6393007***52,Personal_Mobile,1
"Start Strong at SugarPlay! Enjoy a 3% bonus on all deposits and up to 58,888p in Daily Rebates. New members receive a 2000p Welcome Bonus! SPSlots.de!",smishing,2024-07-08 16:17:41,+6390774***93,Personal_Mobile,1
"GJP Monday excitement! Spin the Lucky Wheel to win a Samsung Galaxy S23+ 5G worth P42,999. New members get 3,000p Welcome Bonus! Visit GJGames.de!",smishing,2024-07-08 10:28:43,+6395176***42,Personal_Mobile,1
Nakatanggap ang iyong number ng P7748. Mag-register gamit ang number na ito at maglaro ng halagang P10 upang makuha. Sumali dito: raypop.de.,smishing,2024-07-08 03:50:15,+6395159***65,Personal_Mobile,1
Nakatanggap ang iyong number ng P7748. Mag-register gamit ang number na ito at maglaro ng halagang P10 upang makuha. Sumali dito: raypop.de.,smishing,2024-07-08 03:50:12,+6395136***57,Personal_Mobile,1
EPwin na! Makakuha ng 180% Welcome Bonus hanggang 15k pesos + 1.2% araw-araw na rebate! Sali na at mag-enjoy! epicgamb.de!,smishing,2024-07-07 22:09:09,+6395184***52,Personal_Mobile,1
Nakatanggap ang iyong number ng P7748. Mag-register gamit ang number na ito at maglaro ng halagang P10 upang makuha. Sumali dito: moolit.de.,smishing,2024-07-07 17:42:48,+6396493***07,Personal_Mobile,1
Nakatanggap ang iyong number ng P7748. Mag-register gamit ang number na ito at maglaro ng halagang P10 upang makuha. Sumali dito: raytag.de.,smishing,2024-07-07 12:48:08,+6395124***49,Personal_Mobile,1
"Pay your bills with Maya to get access for up to P30,000 Maya Easy Credit!",ads,2024-06-29 12:47:52,MayaCredit,Verified_Brand,0
"Buy load in Shop to increase your chances to get access to up to P30,000 Maya Easy Credit!",ads,2024-07-07 10:56:00,MayaCredit,Verified_Brand,0
"Long time no see, may good news ako sayo. mag-recharge ng P100 at makakuha ng P777 nang libre>>>  yystf5ree.nl",smishing,2024-07-07 06:13:33,+6395170***62,Personal_Mobile,1
GJLuck.de! Join GJP and spin the Daily Lucky Wheel for a chance to win a Samsung Galaxy S23+ 5G. Enjoy daily rebates up to 0.6%. Sign up now!,smishing,2024-07-07 01:48:15,+6390912***85,Personal_Mobile,1
"G C A S H

Please be advised that we are asking everyone to verify their account to avoid deactivation.

Click here:
cut.show/G-Cash-HelpCenter",smishing,2024-07-07 00:26:42,+6394838***90,Personal_Mobile,1
"Hi, Good Day! Naglalaro ka pa din ba ng 0nline Games? Bibigyan kita ng winning game$ na mataas ang chance manal0 at kung anong oras ka lalar0 para kahit papano makawithdraw ka, basta ikaw na din bahala sakin. Reply ''YES'' po if interested.",smishing,2024-07-06 10:14:10,+6396868***14,Personal_Mobile,1
Nakatanggap ang iyong number ng P3380. Sumali gamit ang number na ito at maglagay ng P50 upang makuha: joypod.de.,smishing,2024-07-06 04:12:58,+6395191***36,Personal_Mobile,1
"Participate in WinningPlus T.G.I.S. Casino Win Tournament! Win up to 12,000p + Oppo Reno 11 Pro 5G (31,999p value) Enjoy daily 0.6% rebate. Join now WPArena.de!",smishing,2024-07-06 00:44:41,+6390732***05,Personal_Mobile,1
"Your sss contribution benefits are about to expire. Please collect it before July 10, please refer to the portal website:  phssss.mx",smishing,2024-07-05 23:24:46,+6395110***46,Personal_Mobile,1
YG777 Nakatanggap ang iyong number ng P7748. Mag-register gamit ang number na ito at maglaro ng halagang P10 upang makuha. Sumali dito: joypod.de,smishing,2024-07-05 18:08:34,+6393015***07,Personal_Mobile,1
YG777 Nakatanggap ang iyong number ng P7748. Mag-register gamit ang number na ito at maglaro ng halagang P10 upang makuha. Sumali dito: moolit.de,smishing,2024-07-05 16:53:52,+6391003***51,Personal_Mobile,1
100 pesos mo gawin nating 200!  Copy this to browser [ kklfph.fyi ] to get!,smishing,2024-07-05 16:03:27,+6395103***04,Personal_Mobile,1
"PH SOClAL SECURlTY SYSTEM
Your Employer Contribution lump-sum Payment Benefit Grant will expire on July 31, so pick it up at ssssmy.lc",smishing,2024-07-04 20:28:25,+6395122***84,Personal_Mobile,1
May P500 credit natanggap ang number na ito! Ito ay valid lamang within 8 hrs! Magregister at maglagay ng P50 upang maclaim sa aming 24/7 CS: boxlid.de,smishing,2024-07-04 18:22:38,+6391025***54,Personal_Mobile,1
Congrats VIP! You've won 300% First Deposit Bonus and FREE100 FBS Bonus! Claim now before it's gone! Contact Customer Service to seize your luck! pnlkawin.de !,smishing,2024-07-04 13:20:17,+6390744***68,Personal_Mobile,1
"May P2,580 credit natanggap ang number na ito! Ito ay valid lamang within 8 hrs! Magregister at maglagay ng P50 upang maclaim sa aming 24/7 CS:lc1oo77c.ch/?S6TS",smishing,2024-07-04 02:56:30,+6390733***46,Personal_Mobile,1
"Get ready to win big! Sbet VIP offers 88,888p Bonus! New players enjoy 3,000p Welcome Bonus + daily treats! Join now at SBGame.de !",smishing,2024-07-03 16:18:09,+6395171***94,Personal_Mobile,1
Claim your b0nus! Magl0g-in at kunin ang 100 pes0s ngayon! Pumunta sa link na to { kklfph.fyi },smishing,2024-07-03 16:05:29,+6390780***67,Personal_Mobile,1
"Join July's Win Tournaments! Win up to 12,000p + 3,000p bonus & Oppo Reno 11 Pro 5G worth 31,999p! Hurry, sign up now! wplusbonus.de !",smishing,2024-07-02 17:12:36,+6395179***80,Personal_Mobile,1
"Bagong Libreng Bonus 1888 - Walang Kundisyon ng Deposit, Kumuha ng Libreng Bonus 1888 sa xxxx Pagbisita: 38.11.89.109",smishing,2024-07-01 16:55:51,+6395132***50,Personal_Mobile,1
"May P2,580 credit natanggap ang number na ito! Ito ay valid lamang within 8 hrs! Magregister at maglagay ng P50 upang maclaim sa aming 24/7 CS:  s17v7rrn.de",smishing,2024-07-01 11:34:15,+6396858***77,Personal_Mobile,1
May P2580 credit natanggap ang number na ito! Ito ay valid lamang within 8 hrs! Magregister at maglagay ng P50 upang maclaim sa aming 24/7 CS: hipbow.de,smishing,2024-07-01 03:06:17,+6391026***87,Personal_Mobile,1
Baka para sayo ang MI0 YAHAMA na mot0r! Sali na sa BOAYDP.eu!,smishing,2024-06-30 17:12:26,+6395150***33,Personal_Mobile,1
"Good day, This is paghahatid ng post When we try to deliver, we find that your order needs to be verified by you before we can drop it off. please check oib.mx",smishing,2024-06-29 14:45:47,+6390794***70,Personal_Mobile,1
Nakatanggap ang iyong number ng P7748. Mag-register gamit ang number na ito at maglaro ng halagang P10 upang makuha. Sumali dito: nowjam.de,smishing,2024-06-29 14:34:25,+6393093***93,Personal_Mobile,1
"Make money while watching YouTube, earn 500P per day, contact the tutor to receive 138P. jueb.bid",smishing,2024-02-05 18:11:17,+6390998***20,Personal_Mobile,1
Get up to P125K extra funds for emergencies with GLoan! Go to your GCash dashboard and tap GLoan to learn more.,ads,2023-03-28 16:28:37,GCash,Verified_Brand,0
G to upgrade your home! Just use GCredit to pay later at home appliance center near you. Go to your GCash dashboard and tap GCredit to start using it.,ads,2023-04-02 10:36:42,GCash,Verified_Brand,0
Good news! You can still pay with GGives at your favorite online and offline stores with your increased credit limit. Continue to shop and get to pay in up to 24 installments with up to 0% interest! This special credit limit offer is only from 03/30 - 04/10. Tap Borrow > GGives on your GCash app to know more.,ads,2023-04-09 12:21:15,GCash,Verified_Brand,0
Get up to P125K extra funds for emergencies with GLoan! Go to your GCash dashboard and tap GLoan to learn more.,ads,2023-04-09 14:42:16,GCash,Verified_Brand,0
"ADVISORY: Starting April 30, 2023, Shopee will no longer accept GGives and GCredit as payment options. You may still enjoy using GGives and GCredit to pay for your Shopee purchases until April 30. GGives and GCredit will continue to be available at other GCash partner stores.",ads,2023-04-12 18:13:18,GCash,Verified_Brand,0
"Get instant cash at bilhin ang home DIYs or tech upgrade mo, makakukuha ka pa ng PHP 200 cashback with GLoan! Exclusively for first-time users.",ads,2023-04-14 07:38:21,GCash,Verified_Brand,0
"ADVISORY: Starting April 30, 2023, Shopee will no longer accept GGives & GCredit as payment options. Regular GCash payment will remain in Shopee while GGives and GCredit will continue to be available at other GCash partner stores.",ads,2023-04-19 18:46:29,GCash,Verified_Brand,0
Yay! You received a PHP 5.00 Buy Load voucher. Use it when you buy load for the first time via GCash. Go to your voucher pocket to view your voucher.,ads,2023-04-21 11:45:38,GCash,Verified_Brand,0
"Get instant puhunan plus enjoy PHP 500 QR voucher when you apply for a safe, and secure GLoan via GCash!",ads,2023-04-23 15:00:17,GCash,Verified_Brand,0
"Maglaro ng stress-free! Top up 100 GARENA SHELLS, 20 GARENA SHELLS, 50 GARENA SHELLS & more easily via GCash. No advisories? Opt out via our GCash Help Center.",ads,2023-04-25 09:00:00,GCash,Verified_Brand,0
Congrats! Mas pinataas na ang GGives credit limit mo para pwede ka nang magshopping ngayong payday! Deserve mo na i-checkout ang cart mo because you can pay in up to 24 mos. with 0 downpayment & 0 credit card needed. Limited time offer only until 05/07. Tap Borrow > GGives on your GCash app to view your new credit limit.,ads,2023-04-28 15:20:46,GCash,Verified_Brand,0
"Travel now, pay lighter! Book your flight & pay in 24 gives over 12 months with GGives. Book with zero down payment, & no credit card needed. Mag-GGives na!",ads,2023-04-29 11:00:20,GCash,Verified_Brand,0
Yay! You received a PHP 10.00 Buy Load voucher. Use it when you buy load for the first time via GCash. Go to your voucher pocket to view your voucher.,ads,2023-05-01 09:21:47,GCash,Verified_Brand,0
Simulan ang negosyo with up to P125K instant cash straight to your GCash wallet via GLoan! Go to your GCash dashboard and tap GLoan to learn more.,ads,2023-05-03 07:09:23,GCash,Verified_Brand,0
No worries kahit napadami ang laman ng cart mo! Choose GCredit as a payment method & pay later to enjoy shopping online using your instant credit line.,ads,2023-05-05 08:46:41,GCash,Verified_Brand,0
"Panatag ka sa loan na may mababang interes, sigurado, at affordable! Kaya mag-GLoan na. Go to your GCash dashboard and tap GLoan to learn more.",ads,2023-05-08 06:34:11,GCash,Verified_Brand,0
Mag-apply for instant cash up to P125K pang-home renovation with GLoan! Go to your GCash dashboard and tap GLoan to learn more.,ads,2023-05-13 07:11:43,GCash,Verified_Brand,0
Mag-load na straight from your phone! Buy Load to ALL networks using GCash! Go to your GCash dashboard and tap Buy Load to start!,ads,2023-05-15 08:30:50,GCash,Verified_Brand,0
"Pwedeng manalo ng up to P10,000 GCash vouchers when you spend P1,000 with GCredit powered by CIMB at any Robinson's Grocery Store!",ads,2023-05-17 09:42:40,GCash,Verified_Brand,0
"Win up to P10,000 GCash vouchers when you spend P1,000 with GCredit powered by CIMB at any Robinson's Supermarket or Robinsons Easymart! Per DTI Fair Trade Permit No. FTEB-166664 Series of 2023",ads,2023-05-24 14:09:50,GCash,Verified_Brand,0
"Panatag ka sa loan na may mababang interes, sigurado, at affordable! Kaya mag-GLoan na. Go to your GCash dashboard and tap GLoan to learn more.",ads,2023-08-02 12:48:41,GCash,Verified_Brand,0
Mag-load na straight from your phone! Buy Load to ALL networks using GCash! Go to your GCash dashboard and tap Buy Load to start!,ads,2023-08-05 06:45:22,GCash,Verified_Brand,0
"Need extra shopping funds? Avail a GLoan now! Approved agad, mababang interest, at easy cash. Tap GLoan to learn more.",ads,2023-08-06 07:56:00,GCash,Verified_Brand,0
Use GCredit powered by CIMB Bank to cop your budols sa TikTok Shop. Get up to P50K credit line and pay later!,ads,2023-08-09 14:40:35,GCash,Verified_Brand,0
"Kailangan ng extra funds pang shopping? Get up to P125K instant cash with GLoan. Easy cash, easy approval, & easy interest rate. Tap GLoan to learn more.",ads,2023-08-13 07:58:52,GCash,Verified_Brand,0
"Travel now, pay lighter! Book your flight & pay in 24 gives over 12 months with GGives. Book with zero down payment, & no credit card needed. Mag-GGives na!",ads,2023-08-15 07:32:37,GCash,Verified_Brand,0
Simulan ang negosyo with up to P125K instant cash straight to your GCash wallet via GLoan! Go to your GCash dashboard and tap GLoan to learn more.,ads,2023-08-27 06:09:21,GCash,Verified_Brand,0
FREE 1OO QR voucher for you! Just activate your GLoan to claim for a minimum spend of P300!,ads,2023-09-03 07:09:29,GCash,Verified_Brand,0
Sagot na ni GLoan ang 9.9 budols mo! Huwag papahuli sa best deals when you get affordable installments via GLoan! Tap Borrow > GLoan in the GCash app to avail.,ads,2023-09-07 14:43:44,GCash,Verified_Brand,0
"LAST CHANCE to GET P200 CASHBACK when you borrow with GCash using GCredit! Promo runs from Sept. 10-16, 2023. Per DTI Fair Trade Permit No. FTEB-174733 Series of 2023",ads,2023-09-14 18:42:08,GCash,Verified_Brand,0
"LAST CHANCE to GET UP TO P1000 CASHBACK when you borrow w/ GCash via GLoan! Promo runs from Sept. 10-16, 2023. Per DTI Fair Trade Permit # FTEB-174888 Series of 2023",ads,2023-09-16 10:06:39,GCash,Verified_Brand,0
"Enjoy shopping galore when you pay lighter with GGives! Enjoy zero down payment, no credit card needed, & pay in up to 24 gives over 12 months.",ads,2023-09-22 06:18:19,GCash,Verified_Brand,0
"Sagot muna ni GCredit ang kuryente, tubig, at iba pang bayarin! Pay later with GCredit.",ads,2023-09-23 09:11:35,GCash,Verified_Brand,0
Sagot muna namin ang pantawid gutom mo! Pwede na mag-GCredit sa mga 7/11 stores nationwide. Pay later for your convenience store essentials with GCredit!,ads,2023-09-27 09:15:21,GCash,Verified_Brand,0
Gutom ka na? Sagot muna namin ang paborito mong siopao! Use GCredit to pay later for your snacks and meals at 7-11 stores nationwide!,ads,2023-10-03 09:04:37,GCash,Verified_Brand,0
"Sagot namin ang TikTok budol mo this 10.10! Get P200 cashback when you pay with GGives in your TikTok Shop. Open to new users only from Oct. 9-11, 2023. DTI Fair Trade Permit No. FTEB-173513",ads,2023-10-09 08:35:12,GCash,Verified_Brand,0
Sagot na ni GLoan ang 10.10 budols mo! Huwag papahuli sa best deals when you get affordable installments via GLoan! Tap Borrow > GLoan in the GCash app to avail.,ads,2023-10-11 18:06:36,GCash,Verified_Brand,0
Stressed at antok? Sagot muna namin ang pangkape mo! Shop your favorite 7-11 items and pay later with GCredit!,ads,2023-10-12 08:10:11,GCash,Verified_Brand,0
"Mas mataas na ang iyong GLoan credit limit! Avail na ng easy pandagdag budget up to PHP 35,000! Tap Borrow > GLoan in the GCash app to avail. Promo runs until Oct. 21, 2023.",ads,2023-10-12 19:39:54,GCash,Verified_Brand,0
Additional puhunan ba kamo? Sagot ka namin! May PHP 250 QR voucher ka pa when you apply for a GLoan.,ads,2023-10-13 06:06:45,GCash,Verified_Brand,0
"Sagot ka pa rin ni GLoan! Avail na ng easy cash up to PHP 35,000 para hindi na kulangin ang budget! Tap Borrow > GLoan in the GCash app to avail. Promo runs until Oct. 21, 2023.",ads,2023-10-18 13:15:29,GCash,Verified_Brand,0
Road trip? Sagot na ng GCredit 'yan! Pay later for both AutoSweep & EasyTrip to enjoy a hassle-free trip. Mag-GCredit na!,ads,2023-10-19 08:12:45,GCash,Verified_Brand,0
Abot-kaya na ang shopping this weekend dahil sagot ka ni GGives! Pay in easy installments up to 24 mos. Tap Borrow > GGives on your GCash app to learn more.,ads,2023-10-20 12:52:38,GCash,Verified_Brand,0
"Get extra budget and vouchers! Enjoy up to P500 vouchers for Puregold, Shell, or 7-Eleven when you use GGives! Mag-GGives na! Per DTI Fair Trade Permit No. FTEB-178657 Series of 2023",ads,2023-10-25 12:59:26,GCash,Verified_Brand,0
"Pwede pang humabol sa promo! Get up to P1K voucher you can use in Puregold, Shell, or 7-Eleven when you use GLoan! Mag-GLoan na! per DTI Fair Trade Permit No. FTEB-178657 Series of 2023",ads,2023-10-31 14:28:59,GCash,Verified_Brand,0
Stressed at antok? Sagot muna namin ang pangkape mo! Shop your favorite 7-11 items and pay later with GCredit!,ads,2023-11-01 07:32:05,GCash,Verified_Brand,0
Saving up has never been this easy! Invest your way & be insured with Singlife Cash for Goals! Tap GInsure > Singlife to find out how.,ads,2023-11-03 06:51:31,GCash,Verified_Brand,0
Mag-checkout with GGives sa TikTok Shop from Nov. 7 to 11 and get a P200 cashback! Open to new GGives users only with min. spend P3000. DTI-173513,ads,2023-11-07 13:22:49,GCash,Verified_Brand,0
Go full tank even on a budget! Pay later at the nearest gas station with GCredit. Go to your GCash dashboard and tap GCredit to start using it.,ads,2023-11-08 06:58:20,GCash,Verified_Brand,0
Sagot na ni GLoan ang 11.11 budols mo! Huwag papahuli sa best deals when you get affordable installments via GLoan! Tap Borrow > GLoan in the GCash app to avail.,ads,2023-11-10 12:34:10,GCash,Verified_Brand,0
"Mapapasa'yo na ang mga nasa FYP this 11.11! Treat yourself with GCredit, powered by CIMB Bank & get your budols at TikTok Shop. Get up to P50K credit line & pay later!",ads,2023-11-10 14:23:04,GCash,Verified_Brand,0
"Mas mataas na ang iyong GLoan credit limit! May pandagdag budget up to PHP 25,000 na para sa Christmas shopping! Tap Borrow > GLoan in the GCash app to avail. Promo runs until Nov. 17, 2023.",ads,2023-11-11 04:32:12,GCash,Verified_Brand,0
"Sagot ka ng GGives kahit saan man magshopping, kahit anong QR code ang iscan! GGives now available on non-GCash QR codes. Check our partner page for more info.",ads,2023-11-16 13:03:18,GCash,Verified_Brand,0
"Last chance to get your credit limit increase! Kunin na ang easy cash up to PHP 25,000 para hindi na kulangin ang budget sa papalapit na Pasko! Tap Borrow > GLoan in the GCash app to avail. Promo runs until Nov. 17, 2023.",ads,2023-11-16 16:54:47,GCash,Verified_Brand,0
"Shop now, pay later sa Puregold with GGives para may chance kang manalo ng motor o ng bagong TV! Promo runs until Dec. 3, 2023, with min. spend of P1,500. DTI-179071",ads,2023-11-17 11:47:35,GCash,Verified_Brand,0
"Merrygalo ka when you pay later with GCredit! Get P150 voucher for every P1000 min. spend using GCredit. Mag-GCredit na, powered by CIMB! Promo runs from Nov. 23-30, and Dec. 15-22 Per DTI Fair Trade Permit No. FTEB-178657 Series of 2023",ads,2023-11-24 14:49:48,GCash,Verified_Brand,0
"May budget pangregalo ka na, may voucher ka pa when you pay with GGives! Get a P500 Voucher with a min. spend of P6,500 using GGives. I-GGives mo na 'yan! Promo runs from Nov. 23-30, and Dec. 15-22 Per DTI Fair Trade Permit No. FTEB-178657 Series of 2023",ads,2023-11-25 15:50:11,GCash,Verified_Brand,0
"Pwede ka pang humabol for a chance to win a Yamaha Aerox, Samsung Washing Machine, or prizes worth up to P3M! Spend a min. of P1000 using GCredit to earn 1 raffle entry. Join now and use GCredit! Promo runs from Nov. 1 to Dec. 31, 2023! Per DTI Fair Trade Permit No. FTEB-179227 Series of 2023",ads,2023-11-26 12:34:47,GCash,Verified_Brand,0
"Toyota Vios pwedeng mapasaiyo! Spend at least ₱1,000 using GCredit for a chance to win up to ₱3Million worth of prizes. Sali na sa GCredit Raffle Promo! Promo runs from Nov. 1 - Dec. 31, 2023. Per DTI Fair Trade Permit No. FTEB-179227 Series of 2023",ads,2023-12-06 09:36:41,GCash,Verified_Brand,0
Sagot namin ang beauty goals mo!  Get your favorite skincare products without a credit card. Shop with GGives now!,ads,2023-12-09 06:37:28,GCash,Verified_Brand,0
Beat the Christmas rush and shop for gifts online! Checkout with GGives from TikTok Shop or Zalora para pwedeng magbayad in affordable installments.,ads,2023-12-11 08:35:05,GCash,Verified_Brand,0
No worries kahit napadami ang laman ng cart mo! Choose GCredit as a payment method & pay later to enjoy shopping online using your instant credit line.,ads,2023-12-14 07:36:43,GCash,Verified_Brand,0
"Sagot ka namin ngayong Pasko! Enjoy your increased credit limit of PHP 25,000 sa GLoan! Tap Borrow > GLoan in the GCash app to avail. Promo runs until Dec. 27, 2023.",ads,2023-12-14 17:25:11,GCash,Verified_Brand,0
"May budget pangregalo ka na, may voucher ka pa when you pay with GGives! Get a P500 Voucher with a min. spend of P6,500 using GGives. I-GGives mo na 'yan! Promo runs from Nov. 23-30 and Dec. 15-22. Per DTI Fair Trade Permit No. FTEB-178657 Series of 2023",ads,2023-12-19 16:24:43,GCash,Verified_Brand,0
Make Christmas shopping more affordable with GGives! Shop at your fave stores & pay in installments. View your available credit limit on your GGives dashboard.,ads,2023-12-20 17:14:29,GCash,Verified_Brand,0
Go full tank even on a budget! Pay later at the nearest gas station with GCredit. Go to your GCash dashboard and tap GCredit to start using it.,ads,2023-12-21 07:33:09,GCash,Verified_Brand,0
"Mas merry ang Christmas shopping with GLoan! Avail na ng easy cash up to PHP 25,000 para hindi na kulangin ang budget! Tap Borrow > GLoan in the GCash app to avail.  Promo runs until Dec. 27, 2023.",ads,2023-12-21 16:29:19,GCash,Verified_Brand,0
"Last chance to get your credit limit increase! Kunin na ang easy cash up to PHP 25,000 para hindi na kulangin ang budget this holiday season! Tap Borrow > GLoan in the GCash app to avail.  Promo runs until Dec. 27, 2023.",ads,2023-12-27 20:15:04,GCash,Verified_Brand,0
Madali ang biyahe ‘pag loaded ang RFID! Top up na para sa smooth travel & pay later with GCredit. Go to your GCash dashboard and tap GCredit to start using it.,ads,2023-12-28 07:29:21,GCash,Verified_Brand,0
"Sagot muna ni GCredit ang kuryente, tubig, at iba pang bayarin! Pay later with GCredit.",ads,2023-12-29 12:49:15,GCash,Verified_Brand,0
"Pwede ka na mag-crypto sa GCash! Madali, mabilis, at siguradong secure. Start your crypto journey with GCrypto today!",ads,2023-12-30 11:39:18,GCash,Verified_Brand,0
"Panatag ka sa loan na may mababang interes, sigurado, at affordable! Kaya mag-GLoan na. Go to your GCash dashboard and tap GLoan to learn more.",ads,2024-01-08 08:03:25,GCash,Verified_Brand,0
"Mas mataas na ang iyong GLoan credit limit! Avail na ng easy pandagdag budget up to PHP 25,000! Tap Borrow > GLoan in the GCash app to avail. Promo runs until Jan. 20, 2024.",ads,2024-01-13 21:49:58,GCash,Verified_Brand,0
Enjoy hassle free travel when you use GCredit to pay later for your Easytrip and Autosweep. Go to your GCash dashboard and tap GCredit to start using it.,ads,2024-01-19 07:50:54,GCash,Verified_Brand,0
"Last chance to get your credit limit increase! Kunin na ang easy cash up to PHP 25,000 para hindi na kulangin ang budget ngayong 2024! Tap Borrow > GLoan in the GCash app to avail.  Promo runs until Jan 20 2024. ",ads,2024-01-19 16:37:17,GCash,Verified_Brand,0
Want the best and latest gadgets and devices? Upgrade today with no credit card needed. Mag-GGives na!,ads,2024-01-21 07:15:53,GCash,Verified_Brand,0
Di kailangang mahal ang car maintenance kasi pwede nang bayaran nang hulugan. I-GGives mo na 'yan.,ads,2024-01-30 07:18:58,GCash,Verified_Brand,0
Invest in the best hair tools para best hairday every day. Pay in easy installments with GGives!,ads,2024-02-03 07:37:25,GCash,Verified_Brand,0
"100% cash bonus for depositing every day!
s6fha.bid",smishing,2024-02-05 16:03:33,+6398555***61,Personal_Mobile,1
"February Welcome, come to JILIVIP to play slot and win big prizes. Deposit 177 and get 354: 6459.de/yvJl",smishing,2024-02-05 13:15:31,+6390704***45,Personal_Mobile,1
"Kumita habang nanonood ng YouTube, kumita ng 500P bawat araw, makipag-ugnayan sa tutor para makatanggap ng 138P. qytb.bid",smishing,2024-02-05 12:36:33,+6394636***84,Personal_Mobile,1
"[ Betso88 x Epicwin ]: Hi EPIC Member !

ATTENTION !!
Dont forget to claim your FREE CREDIT in Inbox !!

Trusted website : EpicWin3.tv",smishing,2024-02-05 12:15:35,+6396388***68,Personal_Mobile,1
"GET 1777 PHP FOR FREE
Join: linksph.eu/MsSON",smishing,2024-02-05 12:11:10,+6396381***89,Personal_Mobile,1
"Need cash right this minute?! Say no more! Loan up P87400 and get cash in your account in minutes! What are you waiting for?! Apply Now! 

Apply via UnionBank app:   
1. Log in  > Go to main dashboard   
2. Choose 'You qualify for a Quick Loan! Book now and get your money in an instant!' button and follow the step-by-step process  

Apply via UnionBank website:   
1. Go to Loans > Quick Loans, select 'I have an invite code,'  
2. Enter your invite code - 744BF8 for account number ending with 4605
Claim your offer before it expires on Mar 31, 11:59PM!  ",ads,2023-03-28 18:54:46,UnionBank,Verified_Brand,0
Get P100 cashback on your first-ever Pay Bills transaction with UnionBank Online! Promo runs ‘til 15Jun’23. Visit UnionBank website for details. DTI162991s23,ads,2023-03-29 18:33:59,UnionBank,Verified_Brand,0
"Planning for a vacation but you're short on funds? Good thing you're PRE-QUALIFIED for a UnionBank Quick Loan. Borrow up to P223500 & receive it in just a few minutes! On top of that, enjoy our low interest rates. Apply Now!

Apply via UnionBank app:   
1. Log in  > Go to main dashboard   
2. Choose 'You qualify for a Quick Loan! Book now and get your money in an instant!' button and follow the step-by-step process
 
Apply via UnionBank website:   
1. Go to Loans > Quick Loans, select 'I have an invite code,'  
2. Enter your invite code - F6B9C5 for account number ending with 4605
Claim your offer before it expires on April 22, 11:59PM!  ",ads,2023-04-10 17:37:04,UnionBank,Verified_Brand,0
Today is WIN-THIS-DAY! Get P100 cashback on your 1st ever Pay Bills transaction with UB Online! Visit UB website for details! DTIFTEB162991s23,ads,2023-05-03 09:07:59,UnionBank,Verified_Brand,0
"CONGRATULATIONS! You're Pre-Qualified for a UnionBank Quick Loan! Get cash in minutes of up to P191500 and pay off in light easy payments with our low interest rates!

Apply via UnionBank app:   
1. Log in  > Go to main dashboard   
2. Choose 'You qualify for a Quick Loan! Book now and get your money in an instant!' button and follow the step-by-step process  

Apply via UnionBank website:   
1. Go to Loans > Quick Loans, select 'I have an invite code,'  
2. Enter your invite code - BA7ECA for account number ending with 4605
Claim your offer before it expires on May 22, 11:59PM!  ",ads,2023-05-08 11:58:49,UnionBank,Verified_Brand,0
ADVISORY: We are currently experiencing some system issues that will prevent you from getting a Quick Loan. We apologize for any inconvenience this may have caused. We will update you as soon as our system is back.,ads,2023-05-09 11:34:38,UnionBank,Verified_Brand,0
"Enjoy your shopping with a flexible card that fits your needs. Get 1% cashback for every purchase PLUS get FREE P5,000 Cashback when you apply for a UnionBank Cashback Mastercard. Easily apply online via the UnionBank website today! Promo valid until June 30, 2023. T&C apply. DTIFTEB162150s23",ads,2023-05-22 18:31:52,UnionBank,Verified_Brand,0
"JUST FOR YOU: Apply for a Citi Rewards Card & get P2,000 GCash + no annual fee forever when you spend at least P20,000 w/in 60 days from approval. Plus,get a chance to win P50,000 GCash eGift. Apply at citi[.]asia/phwsre (remove brackets when copying URL onto your browser). More details at citi[.]asia/phwstc. Promo is until 06/30/23. DTI166339S23. This product is sold by Union Bank of the Philippines, using certain trademarks temporarily under license from Citigroup Inc. and related group entities.",ads,2023-05-23 21:31:33,UnionBank,Verified_Brand,0
Only 1 week left for you to enjoy P100 cashback on your 1st Pay Bills transaction! Login to your UB Online now! Visit UB site for details. DTIFTEB162991s23,ads,2023-08-08 18:35:43,UnionBank,Verified_Brand,0
"Get the cash you need in minutes with UnionBank Quick Loans! Loan up to P113200 and pay it back in light, and easy installments! Quick, apply now via the UnionBank Online app or website using the invite code 7E3AF4 for account number ending 4605. Offer is valid until Aug 22.",ads,2023-08-17 10:23:30,UnionBank,Verified_Brand,0
"Get the cash you need in minutes with UnionBank Quick Loans! Loan up to P113200 and pay it back in light, and easy installments! Quick, apply now via the UnionBank Online app or website using the invite code 7E3AF4 for account number ending 4605. Offer is valid until Aug 22.",ads,2023-08-18 18:38:43,UnionBank,Verified_Brand,0
"Don't miss out on this fantastic opportunity to get up to P113200 without any credit checks or delays with UnionBank Quick Loans! You can pay it off in light, easy installments with our affordable financing rates!
Apply now via the UnionBank Online App or website using the invite code 7E3AF4 for account number ending 4605. Offer is valid until today, Aug. 22, 2023.",ads,2023-08-22 09:29:31,UnionBank,Verified_Brand,0
"Good news! We have extended the deadline to apply for your PRE-QUALIFIED UnionBank Quick Loans! This is your last chance to loan up to P113200 without any credit checks or delays. You can pay-off in light, easy installments with our affordable financing rates! ​ 
Apply now via the UnionBank Online App or website using the invite code 7E3AF4 for account number ending 4605. Offer is valid until Sept 5, 7PM.",ads,2023-08-25 19:10:26,UnionBank,Verified_Brand,0
"This offer ends soon! Don't miss out on this opportunity to get up to P113200 in an instant! Quick, apply now via the UnionBank Online app or website https://cs.unionbankph.com/quickloan using the invite code 7E3AF4. Offer is valid until TODAY, Aug 31, 2023.
 
Kindly overlook this message should you have previously secured a loan in the month of August.",ads,2023-08-31 18:33:52,UnionBank,Verified_Brand,0
"Good news! We have extended the deadline to apply for your PREQUALIFIED UnionBank Quick Loans. This is your last chance to get up to P113200 in an instant! Quick, apply now via the UnionBank Online App or website https://cs.unionbankph.com/quickloan using the invite code 7E3AF4. Offer is valid until SEPT 5, 2023, 7PM. Please disregard this message if you have previously secured a loan last August.",ads,2023-09-05 09:19:25,UnionBank,Verified_Brand,0
"Your dream car is within reach when you apply for a UnionBank Auto Loan! To know more about the latest Auto Loan Deals, you may visit the UnionBank website or e-mail us at vehiclefinance@unionbankph.com.",ads,2023-11-15 18:33:49,UnionBank,Verified_Brand,0
"Get the funds you need to make this a delightful Christmas with your loved ones. With UD Loans by UnionDigital Bank, you can borrow up to P174900 and enjoy affordable interest rates! Apply now via https://loans.uniondigitalbank.io using the invite code 4FAAAF. Offer is valid until Dec 11,2023 11:59PM.",ads,2023-12-06 18:56:43,UnionBank,Verified_Brand,0
"In need of extra cash? Apply for UD Loans by UnionDigital Bank and get the cash you need in minutes! Loan up to P174900 and pay it back in light and easy installments! Apply now via https://loans.uniondigitalbank.io using the invite code 4FAAAF. Offer is valid until Dec 31, 2023 11:59 PM.",ads,2023-12-22 18:23:58,UnionBank,Verified_Brand,0
"This offer ends soon! Get the extra cash you need of up to P174900 with UD Loans by UnionDigital Bank and repay it with our convenient, budget-friendly installment plans.

Apply now via https://loans.uniondigitalbank.io using the invite code 4FAAAF for your account ending in 4605.

Offer is valid until Dec. 31, 2023, 11:59 PM.",ads,2023-12-28 09:36:09,UnionBank,Verified_Brand,0
"New Players  JILIViP
First deposit 177P  get 177P bonus:6384.de/yvJl",smishing,2024-02-04 21:21:28,+6396497***15,Personal_Mobile,1
"Mag-recharge ng 100P sa unang pagkakataon at makakuha ng 166P
okwin.tv",smishing,2024-02-04 14:07:03,+6394637***13,Personal_Mobile,1
"Banco De Oro

You're having issues with account security. Please review them at tera.vin/SecurityBDO

Sincerely, BANCO DE ORO",smishing,2024-02-04 02:22:26,+6396347***62,Personal_Mobile,1
"Kumita habang nanonood ng YouTube, kumita ng 500P bawat araw, makipag-ugnayan sa tutor para makatanggap ng 138P. cheg.bid",smishing,2024-02-03 18:22:25,+6398555***19,Personal_Mobile,1
Playoff action is here with NBA League Pass! Get superstar-level streaming for only P425/month with Smart Signature smrt.ph/nbaleaguepass,ads,2023-04-17 14:55:57,SMART,Verified_Brand,0
Playoff action is here with NBA League Pass! Get superstar-level streaming for only P425/month with Smart Signature smrt.ph/nbaleaguepass,ads,2023-04-17 15:08:36,SMART,Verified_Brand,0
"Don't miss the FIBA World Cup Draw & watch global Fil-Am star Saweetie, Sarah G, & more LIVE
TONIGHT at 7:30PM on the Smart LiveStream App: smrt.ph/livestream",ads,2023-04-28 08:02:39,SMART,Verified_Brand,0
"Your SMART Account 1065364464 has reached 80% of your Credit Limit. Your credit limit balance may not be sufficient for this billing period. To enjoy continuous service, we encourage you to make partial payment by visiting smrt.ph/GigaLifeApp. Thank you.",ads,2023-04-28 17:17:42,SMART,Verified_Brand,0
"Don't miss the FIBA World Cup Draw & watch global Fil-Am star Saweetie, Sarah G, & more LIVE APRIL 29 at 7:30PM on the Smart LiveStream App smrt.ph/livestream",ads,2023-04-28 17:36:45,SMART,Verified_Brand,0
"Support our Filipino athletes as they go for gold in the 32nd SEA Games, LIVE from May 5 to 17 on the
Smart LiveStream App smrt.ph/livestream",ads,2023-05-05 10:23:06,SMART,Verified_Brand,0
"Get a chance to see Chris Hemsworth live and win tickets to Netflix's Extraction 2 Premiere on June 5, 2023 (Mon) at SM Mall of Asia!

Join the Smart Postpaid Extraction 2 Raffle:
1) Activate the Netflix bundle on your Signature Plan
2) Register at the promo webpage: smart.com.ph/Postpaid/extraction2

Visit the promo page for more details. If you have moved to a Postpaid plan without Netflix, please disregard message. T&Cs apply. DTI#167544",ads,2023-05-31 08:05:04,SMART,Verified_Brand,0
SMART welcomes you back to the Philippines!  We hope you had an enjoyable trip.,ads,2023-07-28 17:21:45,SMART,Verified_Brand,0
We'll be happy to see you in our store located at 3/F Glorietta 1. Visit us for any of your PLDT & SMART needs.,ads,2023-08-07 17:09:04,SMART,Verified_Brand,0
"Hi Scott ! Exciting news! Enjoy BONUS DATA with Signature Plans+ 1499! Upgrade to this plan by 20-October-2023, and get an extra 10 GB open-access data for FREE every month for 6 months, on top of your plan.

To avail, our friendly Smart Team will reach out to you via call (from 888 or 0888) within the next 48 hours. You can also visit any of our Smart Stores (smrt.ph/bookanapp). Please disregard if you have already availed. T&Cs apply. DTI#164557&158952",ads,2023-09-21 17:04:27,SMART,Verified_Brand,0
"Laban, Pilipinas! Support our athletes in the 19th Asian Games this Sep 23 - Oct 8! Stream it LIVE FOR FREE on the Smart LiveStream App: smrt.ph/livestream",ads,2023-09-22 08:39:38,SMART,Verified_Brand,0
"SMART: Get up to 15GB monthly BONUS data x 6 months when you renew to Signature Plans+

Call *888 NOW! T&C apply",ads,2023-10-05 14:53:34,SMART,Verified_Brand,0
"Your data BONUS from Smart awaits you, Scott !

Get your gift of FREE 10 GB data per month for 6 months when you renew to Smart Signature Plan 1499 until 20-October-2023.

You may renew by booking a virtual appointment via smrt.ph/bookanappSMS. Please disregard if you have already renewed your plan. T&Cs apply. Thank you!",ads,2023-10-06 08:22:03,SMART,Verified_Brand,0
Lakers vs Nuggets tip-off the season on NBA League Pass! Stream all the games LIVE for only P425/mo by charging to your postpaid bill smrt.ph/NBALPPosSMS,ads,2023-10-24 09:06:29,SMART,Verified_Brand,0
Now serving PLDT customers at PLDT Smart LG Cyberzone SM Manila. Visit us for any of your sales and aftersales needs.,ads,2023-10-27 10:02:40,SMART,Verified_Brand,0
"2/2 Promo until November 5, 2023 only.",ads,2023-10-27 17:12:54,SMART,Verified_Brand,0
1/2 Travelling to anywhere in Asia soon? Pre-book the GigaRoam Asia 3GB data roaming for only P699. It works in 13 countries. Get it at gigaroam.smart.com.ph,ads,2023-10-27 17:12:54,SMART,Verified_Brand,0
SMART: Enjoy 2x the data or MORE with the new Signature Booster you love! Check it NOW smrt.ph/GetSmartApp,ads,2023-10-31 13:36:38,SMART,Verified_Brand,0
Now serving PLDT customers at PLDT Smart L/G Cyberzone SM Manila.Visit us for any of your PLDT & SMART needs.,ads,2023-11-01 10:00:58,SMART,Verified_Brand,0
The new NBA In-Season Tournament is on NBA League Pass! Stream all the games LIVE for only P425/mo by charging to your postpaid bill smrt.ph/NBALPPosSMS,ads,2023-11-03 13:24:33,SMART,Verified_Brand,0
"As a valued Smart Postpaid customer, we've got a special treat for you!

Indulge in premium beauty and skincare products that elevate your routines and provide a touch of luxury with these exclusive Lazada codes for Clinique and  Estie Lauder flagship stores for incredible discounts and promotions.

Clinique: smrt.ph/CliniquexSmart
Estee Lauder: smrt.ph/EsteeLauderxSmart

Thank you for choosing Smart.

Redeem from Nov 11-13, 2023 only. T&Cs apply.",ads,2023-11-09 10:54:33,SMART,Verified_Brand,0
"As a valued Smart Postpaid customer, we've got a special treat for you!

Indulge in premium beauty and skincare products that elevate your routines and provide a touch of luxury with these exclusive Lazada codes for Clinique and Estee Lauder flagship stores for incredible discounts and promotions.

Clinique: smrt.ph/CliniquexSmart
Estee Lauder: smrt.ph/EsteeLauderxSmart

Thank you for choosing Smart.

Redeem from Nov 11-13, 2023 only. T&Cs apply.",ads,2023-11-09 11:30:47,SMART,Verified_Brand,0
"Planning a trip abroad? Check out Smart's data roaming packs on the GigaRoam website.

Pre-book now at gigaroam.smart.com.ph",ads,2023-11-17 08:04:40,SMART,Verified_Brand,0
"ADVISORY: Smart is also using two official outgoing caller IDs; 0888 and 888, to assist you with your plan renewal and package upgrade requests.

You can safely answer calls from these numbers knowing that it is Smart reaching out to help you by providing a reliable and secure customer experience.",ads,2023-11-21 15:00:58,SMART,Verified_Brand,0
"Hi, Scott ! Enjoy seamless connectivity for your loved ones by adding an extra Postpaid line. Simply present one valid ID and this code: OPT000023 at your chosen Smart Store to explore the latest phones and offers or call *888. Live more today with Smart! T&Cs apply.",ads,2023-11-25 15:26:52,SMART,Verified_Brand,0
"Hello Scott! Unleash the perks of being a Smart Postpaid subscriber! Enjoy a P5,000 Welcome Gift from UnionBank when you apply for their UnionBank Rewards Credit Card and enroll your Postpaid Account to Auto Bills Payment.

+ No Annual Fees Forever when you spend P20,000 within 60 days of Auto Bill enrollment.

Apply now! smrt.ph/UBWelcomeGift

Promo runs until Feb. 29, 2024. T&Cs apply. DTI#181104",ads,2023-12-13 14:10:56,SMART,Verified_Brand,0
"As a valued Smart Postpaid Subscriber, we have a special treat in store just for you! 

Take your entertainment to the next level with a Cignal Postpaid Plan subscription! 

Visit smrt.ph/SmartxCignal to avail. Thank you for choosing Smart. 

Promo is valid until December 31, 2023. T&Cs apply. DTI#175997",ads,2023-12-18 08:05:44,SMART,Verified_Brand,0
"Because celebrations are meant to be shared, streamed, and video-called! Stay connected throughout the holidays and capture every moment with Smart. Make this festive season even brighter with the country's fastest network! Track usage at smrt.ph/GetSmartApp",ads,2023-12-19 08:04:25,SMART,Verified_Brand,0
Lakers vs Celtics & more play on NBA Christmas Day this December 26! Stream all the games LIVE on NBA League Pass for only P425/mo smrt.ph/NBALPPosSMS,ads,2023-12-19 08:06:15,SMART,Verified_Brand,0
"Wishing you meaningful connections this Holiday Season, Scott! 

May your celebrations be filled with joy, love, and moments that warm your heart. Here's to more shared memories in the coming year! 

Happy Holidays from your Smart family!",ads,2023-12-23 09:01:54,SMART,Verified_Brand,0
"Make the Holidays merrier with this perfect gift, Scott !

Enjoy seamless connectivity and unli AllNet mobile calls and texts with your loved ones by adding an extra Postpaid line. Plus, get a FREE limited edition Parka jacket when you avail of Signature SIM-only plan 1499 and up until Jan. 23, 2024, or while supplies last. 

Simply present one valid ID and this code: <OPT000023> at your chosen Smart Store to explore the latest phones and offers or call *888.T&Cs apply.",ads,2023-12-28 08:07:34,SMART,Verified_Brand,0
"We're ringing in the New Year with gratitude! 

Our heartfelt thanks, Scott! Your unwavering loyalty has been the cornerstone of our success, and we are sincerely grateful.

Cheers to an amazing 2024 from your Smart Family!",ads,2024-01-03 08:20:37,SMART,Verified_Brand,0
"Cheers to a new year, Scott! Start 2024 with a bang as a Smart Postpaid subscriber! Reap your rewards with a P5,000 Welcome Gift from UnionBank when you apply for their UnionBank Rewards Credit Card and set up Auto Bills Payment for your Postpaid Account.
But that's not all - say GOODBYE to Annual Fees FOREVER! Just spend P20,000 within 60 days of approval.

Apply now! smrt.ph/UBWelcomeGift

Promo runs until Feb. 29, 2024. T&Cs apply. DTI#181104",ads,2024-01-04 12:06:39,SMART,Verified_Brand,0
"Hi, Scott! Uncover the rewards of being a Smart Postpaid subscriber. Score an awesome P5,000 Welcome Gift from UnionBank when you apply for their UnionBank Rewards Credit Card and enroll your Postpaid account to Auto Bills Payment. 

+ No Annual Fees Forever when you spend P20,000 within 60 days from approval.

Apply now! smrt.ph/UBWelcomeGift

Promo runs until Feb. 29, 2024. T&Cs apply. DTI#181104",ads,2024-01-22 15:14:38,SMART,Verified_Brand,0
"Gear up for a year with NO LIMITS, just endless possibilities, Scott !

Enjoy seamless connectivity and unli AllNet mobile calls and texts with your loved ones by adding an extra Postpaid line.

Simply present one valid ID and this code: <OPT000023> at your chosen Smart Store to explore the latest phones and offers or call *888.T&Cs apply.",ads,2024-01-24 08:03:19,SMART,Verified_Brand,0
1/3 ADVISORY: #StaySmart and avoid unwanted international call charges! Double-check the number before calling back a missed call from an international number.,ads,2024-02-02 10:09:33,SMART,Verified_Brand,0
"2/3 Verify it easily by checking if the number is already in your saved contacts list. If you're unsure of the number, do not return the call,",ads,2024-02-02 10:09:34,SMART,Verified_Brand,0
3/3 or you will incur charges. Immediately report any suspicious calls or messages for FREE by calling us at *888.,ads,2024-02-02 10:09:34,SMART,Verified_Brand,0
Breaking news! Panalo Poker is here! Dive into the first PVP poker platform in the Philippines! Bonus giving and special prizes come join panalo.tv/bonus,smishing,2024-02-03 14:23:05,+6396497***79,Personal_Mobile,1
"Make money while watching YouTube, earn 500P per day, contact the tutor to receive 138P. hjga.bid",smishing,2024-02-03 04:03:40,+6398539***42,Personal_Mobile,1
"Kumita habang nanonood ng YouTube, kumita ng 500P bawat araw, makipag-ugnayan sa tutor para makatanggap ng 138P. gtyq.bid",smishing,2024-02-03 03:14:27,+6398539***66,Personal_Mobile,1
"New platform is online with lots of discounts,New Players  Register &  download  APP to get Angapao P688 + mysterious bonus:jl22.tv/reward",smishing,2024-02-02 14:53:46,+6396351***69,Personal_Mobile,1
"Finally, Thanks god it's Friday at GoJackpot! Claim Free 6,888p Today, February 2! New players Enjoy Free 777p + 177p ! Join Now at GoJackpot2.tv",smishing,2024-02-02 13:26:00,+6393035***29,Personal_Mobile,1
New Players at JILIViP  Register   download  APP to get Angapao P688 + mysterious bonus:jl11.tv/bonus,smishing,2024-02-01 23:06:12,+6396490***72,Personal_Mobile,1
"Hello, you have won the prize 17-177P to enter:
 lmy.de/GErp",smishing,2024-02-01 15:51:41,+6396380***61,Personal_Mobile,1
It is easier to get a daily salary of 300P. Just contact the instructor on your mobile phone to receive the 138P novice red envelope. qhmz.bid,smishing,2024-02-01 07:26:55,+6398555***10,Personal_Mobile,1
"Kumita habang nanonood ng YouTube, kumita ng 500P bawat araw, makipag-ugnayan sa tutor para makatanggap ng 138P. htka.bid",smishing,2024-01-31 13:23:25,+6395050***83,Personal_Mobile,1
"Make money while watching YouTube, earn 500P per day, contact the tutor to receive 138P. qhmz.bid",smishing,2024-01-31 10:53:02,+6395053***64,Personal_Mobile,1
"Make money while watching YouTube, earn 500P per day, contact the tutor to receive 138P. zheq.bid",smishing,2024-01-31 01:15:17,+6395050***97,Personal_Mobile,1
"CC6 Promo! Free 777 PHP!
NO CASHOUT CONDITIONS!
7777% LUCK BONUS on first 777 bets!
GET FREE MONEY: linksph.eu/OkFUZ",smishing,2024-01-30 14:58:49,+6396495***25,Personal_Mobile,1
"Tomorrow's Payday Blast on GoJackpot, Jan 30 & 31! New players grab 777p & 177p bonus + 155% Extra Deposit Bonus. Play & Win millions Prizes at GoJackpot.tv",smishing,2024-01-29 20:04:57,+6395177***66,Personal_Mobile,1
"Invite to Get FREE B0NUS upto 10K P.
Daily Bonus up to 2770 P!
You can't miss it:
>>> jilislot-vip. com
>>> gslj.fit/crazyc",smishing,2024-01-29 19:34:28,+6393075***11,Personal_Mobile,1
Begin your journey to prosperity! Grab the New User Giveaway at JILI747! 8000p + 888p. Let luck guide your adventures at JILi747c.tv,smishing,2024-01-28 19:17:44,+6398556***63,Personal_Mobile,1
>>> phlink.eu/POJCz  <<< CC6 PROMO! Free 177 PHP on register,smishing,2024-01-28 13:25:37,+6396495***44,Personal_Mobile,1
"Mag-recharge ng 100P at makakuha ng 166P
phwin.tv",smishing,2024-01-28 12:04:23,+6395053***12,Personal_Mobile,1
Win a big price everyday up to 188K Bonus. Log in now!9910.омск.рус,smishing,2024-01-26 18:45:31,+6396490***09,Personal_Mobile,1
"[ Betso88 x Epicwin ]: Welcome back Epic Family !

PROMO ALERT !
Deposit now and GET 3 FREE WHEEL SPINS with prizes up to 500P!

Trusted website :

EpicWin.tv",smishing,2024-01-26 04:22:27,+6395197***86,Personal_Mobile,1
"Kumita habang nanonood ng YouTube, kumita ng 518P bawat araw, makipag-ugnayan sa tutor para makatanggap ng 138P. cfth.bid",smishing,2024-01-26 00:24:14,+6394638***49,Personal_Mobile,1
"Get Today Now, 25th PayDay Blast Free 6,888p Bonus on GoJackpot! Be Ready Too for Friday Bonus 6,888p on Tomorrow! New Player, Free 777p + 177p at GoJackpot1.tv",smishing,2024-01-25 21:15:01,+6396379***24,Personal_Mobile,1
"Make money while watching YouTube, earn 500P per day, contact the tutor to receive 138P. bbmm.bid",smishing,2024-01-25 18:21:37,+6398539***15,Personal_Mobile,1
"Kumita habang nanonood ng YouTube, kumita ng 518P bawat araw, makipag-ugnayan sa tutor para makatanggap ng 138P. cfth.bid",smishing,2024-01-25 03:32:15,+6391045***07,Personal_Mobile,1
Click >>> phlink.eu/Myzrx <<< CC6 members receive 177 PHP for free,smishing,2024-01-24 23:19:49,+6396496***54,Personal_Mobile,1
"Kumita habang nanonood ng YouTube, kumita ng 500P bawat araw, makipag-ugnayan sa tutor para makatanggap ng 138P. qnhb.bid",smishing,2024-01-24 06:00:54,+6394640***31,Personal_Mobile,1
"Make money while watching YouTube, earn 500P per day, contact the tutor to receive 138P. iyyy.bid",smishing,2024-01-23 18:58:35,+6398599***68,Personal_Mobile,1
001204649,smishing,2024-01-23 18:48:34,+6398168***26,Personal_Mobile,1
"Make money while watching YouTube, earn 500P per day, contact the tutor to receive 138P. akpp.bid",smishing,2024-01-23 17:43:18,+6398539***39,Personal_Mobile,1
Click >>> phlink.eu/75AlF <<< CC6 members receive 177 PHP for free,smishing,2024-01-23 16:34:17,+6396495***26,Personal_Mobile,1
"Kumita habang nanonood ng YouTube, kumita ng 518P bawat araw, makipag-ugnayan sa tutor para makatanggap ng 138P. omjh.bid",smishing,2024-01-23 14:32:15,+6394611***92,Personal_Mobile,1
"Kumita habang nanonood ng YouTube, kumita ng 500P bawat araw, makipag-ugnayan sa tutor para makatanggap ng 138P. mnhb.bid",smishing,2024-01-23 02:39:48,+6398555***05,Personal_Mobile,1
Be the next millionaire with CB GRAND JACKPOT!play now 9910.омск.рус,smishing,2024-01-22 15:25:34,+6396498***84,Personal_Mobile,1
"[ Betso88 x Epicwin ]: Join us &  FREE 50p today

Auto FREE 50p when signup! Get extra 100p with any deposit

Trusted Link:

Epicwin16.icu",smishing,2024-01-22 07:08:51,+6395191***12,Personal_Mobile,1
"[ BANCO DE ORO ] Your account has been restricted due to unrecognized attempts, Failure to take action will result in account termination within 24 hours. Update here shot.vin/Secure_BDO",smishing,2024-01-21 19:04:58,+6396495***94,Personal_Mobile,1
"[ BANCO DE ORO ] Your account has been restricted due to unrecognized attempts, Failure to take action will result in account termination within 24 hours. Update here pub.vin/BDO-Login",smishing,2024-01-21 06:23:10,+6397055***91,Personal_Mobile,1
Celebrate Saturday with WinningPlus! Double Joy with 999p & new Users get 588p & 388p free. Get PayDay & Saturday Bonus for Total of 1998p Free at WinPlus16.icu,smishing,2024-01-20 17:11:26,+6395138***05,Personal_Mobile,1
"BIG PRIZES at CB up to 188,888 bonuses!Deposit now 9910.оренбург.рус",smishing,2024-01-20 16:33:32,+6396498***60,Personal_Mobile,1
"[ BANCO DE ORO ] Your account has been restricted due to unrecognized attempts, Failure to take action wil result in account termination within 24 hours. Update here pub.vin/BDO-Recovery",smishing,2024-01-20 09:24:36,+6397048***41,Personal_Mobile,1
"[ BANCO DE ORO ] Your account has been restricted due to unrecognized attempts, Failure to take action will result in account termination within 24 hours. Update here shot.vin/BDO",smishing,2024-01-19 21:57:15,+6398517***21,Personal_Mobile,1
"[ BANCO DE ORO ] Your account has been restricted due to unrecognized attempts, Failure to take action wil result in account termination within 24 hours. Update here pub.vin/BDO-Recovery",smishing,2024-01-19 19:12:56,+6397039***57,Personal_Mobile,1
"[ BANCO DE ORO ] Your account has been restricted due to unrecognized attempts, Failure to take action will result in account termination within 24 hours. Update here pub.vin/BDO_Secured",smishing,2024-01-18 04:32:45,+6394868***98,Personal_Mobile,1
"Discover Wednesday luck at SugarPlay! Get winning giveaways up to 18,888, Extra Deposit Bonus 2,000p, and promotions up to 58,888 at SugarPlayPh.icu",smishing,2024-01-18 02:27:41,+6398557***18,Personal_Mobile,1
"[ BANCO DE ORO ] Your account has been restricted due to unrecognized attempts, Failure to take action will result in account termination within 24 hours. Update here pub.vin/ONLINE-BDO",smishing,2024-01-17 03:13:05,+6396354***16,Personal_Mobile,1
"Kumita habang nanonood ng YouTube, kumita ng 518P bawat araw, makipag-ugnayan sa tutor para makatanggap ng 138P. opkh.bid
",smishing,2024-01-17 01:59:25,+6398539***09,Personal_Mobile,1
"Make money while watching YouTube, earn 518P per day, contact the tutor to receive 138P. addd.bid",smishing,2024-01-16 20:52:56,+6394655***77,Personal_Mobile,1
"JILI&LiveShow Trialfunds and share get bonus online!
100%WelcomeB0nus
>>> tny.im/crazytime
>>> jilislot-vip. com
Discover the best Baccarat sites for real coin",smishing,2024-01-16 20:11:43,+6398549***76,Personal_Mobile,1
"Earn an easy P10 voucher! Simply use Maya to cash in, send money, buy load or pay bills and deposit to Savings!",ads,2023-08-16 14:38:37,Maya,Verified_Brand,0
"Earn an easy P10 voucher! Simply use Maya to cash in, send money, buy load or pay bills and deposit to Savings!",ads,2023-08-18 14:39:13,Maya,Verified_Brand,0
2x Cashbacks! Open the Maya App & claim your Free P10 Gift Voucher! Do any Spend transaction & get another P10 Voucher. Enjoy unlimited cashbacks with Maya!,ads,2023-08-23 13:34:11,Maya,Verified_Brand,0
Enjoy 100% cashback when you buy load on Maya! Valid for self-load. Min. spend of P50. Max. P50 reward.,ads,2023-08-29 12:10:27,Maya,Verified_Brand,0
2x Cashbacks! Open the Maya App & claim your Free P10 Gift Voucher! Do any Spend transaction & get another P10 Voucher. Enjoy unlimited cashbacks with Maya!,ads,2023-08-30 11:25:53,Maya,Verified_Brand,0
"Earn an easy P10 voucher! Simply use Maya to cash in, send money, buy load or pay bills and deposit to Savings!",ads,2023-08-31 11:47:09,Maya,Verified_Brand,0
"Happy New Year from Maya! Enjoy a P50 gift voucher if you do a spend transaction before the year ends! Just pay a bill, buy load, shop and pay with Maya, or deposit to savings!",ads,2023-12-29 13:49:17,Maya,Verified_Brand,0
Turn your Toxic Monday into Payday Celebration At GoJackpot ! Claim your Payday Deposit Bonus 6888p & Enjoy 777p + 177p Bonus for new players at GoJackpot15.icu,smishing,2024-01-15 19:00:35,+6391044***60,Personal_Mobile,1
"[ BANCO DE ORO ] Your account has been restricted due to unrecognized attempts, Failure to take action will result in account termination within 24 hours. Update here pub.vin/MYBDO_APP",smishing,2024-01-15 15:55:12,+6396302***41,Personal_Mobile,1
"Kumita habang nanonood ng YouTube, kumita ng 500P bawat araw, makipag-ugnayan sa tutor para makatanggap ng 138P. qqqm.bid
",smishing,2024-01-15 15:35:14,+6394854***77,Personal_Mobile,1
"Make money while watching YouTube, earn 500P per day, contact the tutor to receive 138P. kyha.bid",smishing,2024-01-15 14:00:24,+6394698***84,Personal_Mobile,1
"You have 1859P to claim, visit:suo.yt/6HUoJ59",smishing,2024-01-14 20:02:04,+6396476***87,Personal_Mobile,1
"Kumita habang nanonood ng YouTube, kumita ng 500P bawat araw, makipag-ugnayan sa tutor para makatanggap ng 138P. zmmz.bid
",smishing,2024-01-14 06:50:37,+6394699***83,Personal_Mobile,1
"Make money while watching YouTube, earn 500P per day, contact the tutor to receive 138P. kkka.bid",smishing,2024-01-14 04:17:40,+6394625***31,Personal_Mobile,1
https://dff9dfd.guru   Get free bonus 1777 now. No deposit conditions,smishing,2024-01-14 02:52:29,+6396256***34,Personal_Mobile,1
"Magrehistro online para sa mga laro ng at makakuha ng P17-177
>>> lmy.de/dhjtm",smishing,2024-01-13 20:33:46,+6396366***41,Personal_Mobile,1
"PWIN777 Araw Araw na b0nus Hanggang P77777! Unang deposito P100, at 100% b0nus! Bawat deposito may 5% rebate. 
tny.im/vv1",smishing,2024-01-13 16:14:26,+6398159***72,Personal_Mobile,1
"[ UNlON-BANK ] Your account has been restricted due to unrecognized attempts, Failure to take action will result in account termination within 24 hours. Update here shorten.so/MyUB_Protect",smishing,2024-01-13 07:29:14,+6396353***40,Personal_Mobile,1
"Make money while watching YouTube, earn 500P per day, contact the tutor to receive 138P. opqw.bid",smishing,2024-01-13 02:38:42,+6398555***77,Personal_Mobile,1
"[ UNlON-BANK ] Your account has been restricted due to unrecognized attempts, Failure to take action will result in account termination within 24 hours. Update here shorten.so/MyUB_Protect",smishing,2024-01-13 01:15:31,+6396378***93,Personal_Mobile,1
"Make money while watching YouTube, earn 500P per day, contact the tutor to receive 138P. opqw.bid",smishing,2024-01-12 23:29:18,+6394897***48,Personal_Mobile,1
"Make money while watching YouTube, earn 500P per day, contact the tutor to receive 138P. faaf.bid",smishing,2024-01-12 21:13:36,+6398538***82,Personal_Mobile,1
"Kumita habang nanonood ng YouTube, kumita ng 500P bawat araw, makipag-ugnayan sa tutor para makatanggap ng 138P. bndd.bid",smishing,2024-01-12 04:40:42,+6394687***29,Personal_Mobile,1
"Make money while watching YouTube, earn 500P per day, contact the tutor to receive 138P. uy68.bid
",smishing,2024-01-12 02:59:36,+6398540***37,Personal_Mobile,1
UNIONBANK ADVISORY : Protect your account from scammers! Please update your details at https://ubphilippines.info Ensure your security now!,smishing,2024-01-11 18:22:38,BARMM,Verified_Brand,1
http://phlinks.center/aUSoi Daily 20% Cashback DITO KA NA SA SURE NA SAFE ANG PERA MO at,smishing,2024-01-10 19:47:27,+6396496***52,Personal_Mobile,1
"SG777: Kumuha ng 197 para sa 197, at makakuha ng pulang sobreng cash para sa araw-araw na pagtaya: http://phlinks.center/fBN95",smishing,2024-01-06 14:17:48,+6396494***71,Personal_Mobile,1
"Instant 99p bonus awaits! Download the APP and enjoy the 
free reward. Click: http://phlinks.center/ZtZHR",smishing,2024-01-06 13:26:49,+6396495***06,Personal_Mobile,1
"Dude, part-time car reviewer ako at kumikita ng 300P sa isang araw. Makipag-ugnayan kaagad sa manager para matanggap ang 138P newbie red envelope 
tl085.bid",smishing,2024-01-06 01:24:10,+6398531***96,Personal_Mobile,1
"Dude, part-time car reviewer ako at kumikita ng 300P sa isang araw. Makipag-ugnayan kaagad sa manager para matanggap ang 138P newbie red envelope 
tl085.bid",smishing,2024-01-05 22:18:31,+6394641***38,Personal_Mobile,1
"Inimbitahan mo ang isang kaibigan na mag-recharge ng P100, ang iyong kaibigan ay makakakuha ng P200 at makakakuha ka ng P66
phl777.tv",smishing,2024-01-05 21:39:13,+6398531***21,Personal_Mobile,1
"Register now to get 188 for free, First gift 168% Bonus again for new users who register  and make  first dep0sit :https://suo.yt/Vq2O2Te",smishing,2024-01-05 14:53:42,+6391098***82,Personal_Mobile,1
"SG777: Kumuha ng 197 para sa 197, at makakuha ng pulang sobreng cash para sa araw-araw na pagtaya: http://phlinks.center/TYsgL",smishing,2024-01-05 14:12:31,+6396494***02,Personal_Mobile,1
"Manalo ng malaki ngayong bagong taon at makakuha ng 88,888 sa New Year Egg Smash! Deposit na!https://suo.yt/P3c0Yhy",smishing,2024-01-04 16:50:58,+6398584***86,Personal_Mobile,1
"SG777: Kumuha ng 197 para sa 197, at makakuha ng pulang sobreng cash para sa araw-araw na pagtaya: http://phlinks.center/lL600",smishing,2024-01-04 13:53:23,+6396495***91,Personal_Mobile,1
Instant 98p bonus awaits! Download the APP and enjoy the free reward. Click: http://phlink.center/AP4KF,smishing,2024-01-02 22:40:25,+6396494***04,Personal_Mobile,1
"Welcome 2024 with WinningPlus! Embrace a year of wins and wellness. Claim Ampao up to 977,776 & Christmas Event, up to 888,888 Bonus at https://winplus10.icu",smishing,2024-01-02 22:29:43,+6391274***97,Personal_Mobile,1
" New Year, More Luck! Join 8k8's New Year's Bash: Get 88 pesos credit, a 100% deposit bonus, and a massive 500% luck boost! Start here: http://phlink.center/newyear",smishing,2024-01-01 13:39:06,+6396494***46,Personal_Mobile,1
"Immerse in luck at SugarPlay! Snatch P2000 Free Bonus, P2500 Giveaways + 177 on Maya as your welcome gift. Visit https://Sugarplay0.icu",smishing,2023-12-31 14:05:42,+6398514***09,Personal_Mobile,1
"Maligayang bagong Taon! Maaari mong tangkilikin ang 30% na bonus sa bawat oras na magdeposito ka sa 177BET, na walang limitasyon sa bilang ng beses!
1asdo.bid",smishing,2023-12-31 13:45:42,+6394671***28,Personal_Mobile,1
"Register now to get 188 for free, First gift 168% Bonus again for new users make  first deposit: https://suo.yt/NPLMMEY",smishing,2023-12-31 10:19:02,+6395068***92,Personal_Mobile,1
"[ BANCO DE ORO ] Your account has been restricted due to unrecognized attempts, Failure to take action will result in account termination within 24 hours. Update here shorten.ee/Bdo-Online",smishing,2023-12-30 22:02:37,+6396351***43,Personal_Mobile,1
Happy Holidays! Download APP & get up to 88P PREE LINK:https://suo.yt/xYseFfv,smishing,2023-12-29 18:45:46,+6391245***70,Personal_Mobile,1
"Receive a welcome package, 30 days of free golden eggs, and a 7-day daily package for P28 upon your return.                                        pmo1.org/Y12          ",smishing,2023-12-28 18:42:33,+6392835***97,Personal_Mobile,1
"Embrace Winplus joy! Free P588 red packet, WEEKDAYS Unlimited 999 bonus, and 588 Free on 1st deposit. Explore at https://Winplus7.icu",smishing,2023-12-28 11:14:45,+6396363***27,Personal_Mobile,1
"[ BANCO DE ORO ] Your account has been restricted due to unrecognized attempts, Failure to take action will result in account termination within 24 hours. Update here shorten.ee/BDO_OnlineAPP",smishing,2023-12-28 09:51:19,+6396316***60,Personal_Mobile,1
"Christmas week party, araw-araw na 100% deposit bonus at 5x cash withdrawal para sa mga bago at lumang user!
dpfi0.bid
",smishing,2023-12-28 07:39:40,+6390997***22,Personal_Mobile,1
"Unlock GoJackpot's fortunes! 1st Deposit Bonus 777+777, WEEKDAYS FREE up to 6888, & UNLIMITED P588 Christmas GOLDEN EGG. Join at https://GoJackpot7.icu",smishing,2023-12-28 06:32:02,+6396341***77,Personal_Mobile,1
7-9 o'clock tuwing gabi filbet live broadcast9 Toyota Vios at 90 Rusi Motorcycle ang ipamimigay ni Filbet araw araw! dumating sa laro https://suo.yt/s19Gy62,smishing,2023-12-28 01:02:37,+6398542***67,Personal_Mobile,1
"Manalo ng hanggang 100,000 sa Holiday Red Packet sa COINBURSTS! Pasabog na mga premyo sa bagong taon kaya magdeposit at manalo na! https://suo.yt/P3c0Yhy",smishing,2023-12-27 20:09:30,+6392125***40,Personal_Mobile,1
"[ Betso88 x Epicwin ]: Join us &  FREE 50p today

Auto FREE 50p when signup! Get extra 100p with any deposit   

Trusted website : 

https://EpicWin4.icu",smishing,2023-12-26 23:09:56,+6396472***50,Personal_Mobile,1
"SG777 Magparehistro para makakuha ng 137, tumaya araw-araw at makatanggap ng cash red envelope: 
shorten.so/SG777",smishing,2023-12-26 20:23:07,+6396385***32,Personal_Mobile,1
"Immerse in luck at SugarPlay! Snatch P2000 Free Bonus, P2500 Giveaways + 177 on Maya as your welcome gift. Visit https://SugarPlay1.icu",smishing,2023-12-26 09:42:53,+6396341***78,Personal_Mobile,1
"Embrace Winplus joy! Free 8888 Christmas Everyday, PAYDAY Unlimited 999 bonus, and 388 bonus on 1st deposit. Explore at http://winplus3.icu",smishing,2023-12-25 23:59:29,+6396395***02,Personal_Mobile,1
"Christmas Week Party, Daily 100% Deposit Bonus, 5x Withdrawals!
idfh4.bid",smishing,2023-12-25 07:55:52,+6394685***42,Personal_Mobile,1
"Join our winning spree this holiday and burst your earnings this Christmas. Free holiday gifts here, play now
https://suo.yt/11L6Lw1",smishing,2023-12-24 18:32:20,+6396263***21,Personal_Mobile,1
"Celebrate Christmas at GoJackpot! Dont Forget Claim your TGIF-Friday Bonus, Free 6888P! New Users Enjoy 153% Extra bonus, 777+177 at https://GoJackpot5.icu",smishing,2023-12-22 14:08:38,+6396359***66,Personal_Mobile,1
"Mag-recharge ng P177 araw-araw para makakuha ng P177 cash, 100% lucky wheel win!
sdof3.bid
",smishing,2023-12-21 22:20:41,+6394632***36,Personal_Mobile,1
"Dear Bancodeoro client, as part of our continuous effort to bring you the best online banking services, we request that you verify your account information to continuously access digital banking and receive an OTP. Proceed to bdo.mymobileapp.uk. Failure to do so will result in an account suspension.",smishing,2023-12-19 05:42:23,+6396255***96,Personal_Mobile,1
"Baby, maaari kang makakuha ng 100% cash reward kapag nag-recharge ka sa unang pagkakataon! Sumali ka na!
mv8s8.bid
",smishing,2023-12-19 04:50:41,+6394685***56,Personal_Mobile,1
"[ Betso88 x Epicwin ]: Join us &  FREE 50p today  

Auto FREE 50p when signup! Get extra 100p with any deposit  

Trusted website : https://EpicWin1.icu",smishing,2023-12-17 22:08:17,+6396336***06,Personal_Mobile,1
"Sumali sa KKBET para ibahagi ang 1,000,000P na bonus araw-araw sdu21.bid",smishing,2023-12-17 22:07:44,+6398539***34,Personal_Mobile,1
"【ph365】Hello, new free money bonus 1998  with no deposit condition, please login     https://ersjjh.support  to get free money 1998 now",smishing,2023-12-17 06:33:37,+6396945***94,Personal_Mobile,1
"[BANCO DE ORO!] Your account has been restricted due to unrecognized attempts, Failure to take action will result in account termination within 24 hours. Update here: shorten.ee/BDO-ONLINE",smishing,2023-12-17 04:16:30,+6398533***37,Personal_Mobile,1
Celebrate Weekend & Payday with a Bang at GoJackpot! Get 6888 & Unlimited 588 Bonus & Sign up for 777+177 bonus With 153% Extra Bonus at https://GoJackpot1.icu,smishing,2023-12-16 17:02:23,+6391048***61,Personal_Mobile,1
Celebrate Friday & Payday with a Bang at GoJackpot! Claim your Twin 6888 bonus now & Sign up for 777+177 bonus With 153% Extra Bonus at https://GoJackpot1.icu,smishing,2023-12-15 23:31:39,+6396371***85,Personal_Mobile,1
Holiday shopping can be more rewarding! Earn up to 3x Go Rewards points when you pay with GoTyme Bank at partner stores. https://gorewards.info/2p9ce69y,ads,2023-12-15 17:38:30,Go Rewards,Verified_Brand,0
"BDO ALERT:
Your BDO account was used as a payment method in CTOC4B for an amount of PHP 13,353.22. To cancel this payment, visit: shorten.is/BDOOnline",smishing,2023-12-14 20:55:07,CTOC4B PTPC,Short_Code,1
"You boosted your Savings interest to 5% p.a. until April 30, 2023! Starting tomorrow, your bonus interest will appear daily in your Savings history. Get 6% p.a. when you reach a total spend of Php 1,000!

No Savings? Open now and deposit by midnight to earn free money everyday!

Short on cash to boost your Savings interest? Pay with up to P18,000 Maya Credit! Activate now in the app. Available to select users only.

Promo ends April 30, 2023. DTI161325S23",ads,2023-04-03 16:52:39,MayaRewards,Verified_Brand,0
"You boosted your Savings interest to 6% p.a. until April 30, 2023! Starting tomorrow, your bonus interest will appear daily in your Savings history. Get 8% p.a. when you reach a total spend of Php 20,000!

No Savings? Open now and deposit by midnight to earn free money everyday!

Short on cash to boost your Savings interest? Pay with up to P18,000 Maya Credit! Activate now in the app. Available to select users only.

Promo ends April 30, 2023. DTI161325S23",ads,2023-04-03 16:55:52,MayaRewards,Verified_Brand,0
"You boosted your Savings interest to 5% p.a. until May 31, 2023! Starting tomorrow, your bonus interest will appear daily in your Savings history. Get 6% p.a. when you reach a total spend of Php 1,000!

No Savings? Open now and deposit by midnight to earn free money everyday! 

Short on cash to boost your Savings interest? Pay with up to P18,000 Maya Credit! Activate now in the app. Available to select users only.

Promo is extended until May 31, 2023. DTI161325S23",ads,2023-05-03 11:34:06,MayaRewards,Verified_Brand,0
"You boosted your Savings interest to 6% p.a. until May 31, 2023! Starting tomorrow, your bonus interest will appear daily in your Savings history. Get 8% p.a. when you reach a total spend of Php 20,000!

No Savings? Open now and deposit by midnight to earn free money everyday! 

Short on cash to boost your Savings interest? Pay with up to P18,000 Maya Credit! Activate now in the app. Available to select users only.

Promo is extended until May 31, 2023. DTI161325S23",ads,2023-05-03 11:34:06,MayaRewards,Verified_Brand,0
"Nice! You received a P10 voucher from Maya. Use it for your load, bills, shopping, and more. Tap 'Vouchers' on the app to claim your gift before it expires!",ads,2023-08-15 23:16:38,MayaRewards,Verified_Brand,0
"Nice! You received a P10 voucher from Maya. Use it for your load, bills, shopping, and more. Tap 'Vouchers' on the app to claim your gift before it expires!",ads,2023-09-02 02:56:19,MayaRewards,Verified_Brand,0
"Nice! You received a P10 voucher from Maya. Use it for your load, bills, shopping, and more. Tap 'Vouchers' on the app to claim your gift before it expires!",ads,2023-10-06 03:20:52,MayaRewards,Verified_Brand,0
"Nice! You received a P10 voucher from Maya. Use it for your load, bills, shopping, and more. Tap 'Vouchers' on the app to claim your gift before it expires!",ads,2023-11-14 15:22:00,MayaRewards,Verified_Brand,0
"Nice! You received a P20 voucher from Maya. Use it for your load, bills, shopping, and more. Tap 'Vouchers' on the app to claim your gift before it expires!",ads,2023-11-23 00:24:12,MayaRewards,Verified_Brand,0
"Nice! You received a P20 voucher from Maya. Use it for your load, bills, shopping, and more. Tap 'Vouchers' on the app to claim your gift before it expires!",ads,2023-12-13 18:45:47,MayaRewards,Verified_Brand,0
"JILI 100%WelcomeBonus
+Directc@shback
>>> tny.im/crazytime
 + Jilislot-vip. com
Play JILI/S@bong/B@ccarat
Trialfunds and share get bonus!",smishing,2023-12-12 19:12:27,+6398595***90,Personal_Mobile,1
"Kumuha ng P38 nang libre
oilkk.loan
",smishing,2023-12-12 17:02:22,+6390797***13,Personal_Mobile,1
"GigaLife app is now called Smart app!

Continue to enjoy the convenience of paying bills, purchasing boosters, and more, all within the Smart app! Log in today at smrt.ph/GetSmartApp.",ads,2023-08-10 14:08:45,SmartApp,Verified_Brand,0
"Hi Scott ! Turn your POINTS into REWARDS!

Stay tuned for our exciting offers this upcoming 11.11 Smart App Sale and redeem them using your GigaPoints.

Download the Smart App at smrt.ph/SmartAppSale. For more information, please visit smrt.ph/NOV11Sale.

Promo runs from Nov. 11-12, 2023. T&Cs apply. Per DTI#179898",ads,2023-11-10 08:24:01,SmartApp,Verified_Brand,0
"Hi Scott ! The 11.11 Smart App Sale is finally here! Redeem a Maya cash voucher using your GigaPoints from Nov. 11-12 via the Smart App now!

Download the Smart App at smrt.ph/SmartAppSale. For more information, please visit smrt.ph/NOV11Sale.

T&Cs apply. Per DTI#179898",ads,2023-11-11 08:02:48,SmartApp,Verified_Brand,0
"Hi there! Shine with the stars at the 2023 Asia Artist Awards in Bulacan on Dec. 14, 2023!
 
Redeem one (1) LBA Premium Ticket for just 500 GigaPoints via the Smart App starting at 12:00NN TODAY, Dec. 9, 2023. Limited redemptions only. 
 
Not enough GigaPoints? Pay your Postpaid bill NOW via the Smart App and earn 5% cashback in GigaPoints. 
 
You can download the app at smrt.ph/AAASmartApp 
 
For more info, visit smrt.ph/SmartLiveAAA. DTI#181760",ads,2023-12-09 08:31:21,SmartApp,Verified_Brand,0
"Hi Scott ! Don't miss out on the 12.12 Smart App SALE! Earn more GigaPoints to redeem a Maya Cash Voucher from Dec. 12-13, 2023 via the app!

Pay your Postpaid bill NOW via the Smart app and earn 5% cashback in GigaPoints. You can also get 12 GigaPoints for FREE by visiting the app on Dec. 11 from 12:12PM to 01:11PM (1 hour only).

Download the app here to get started: smrt.ph/SmartAppSale.

T&Cs apply. DTI#181577",ads,2023-12-10 08:03:02,SmartApp,Verified_Brand,0
"Hi Scott ! We've got Holiday treats for you on the 12.12 Smart App Sale! Redeem a Maya Cash Voucher worth P100 for 100 points from Dec. 12 - 13, 2023. Exclusive to Smart Postpaid subscribers only.

Continue paying your Postpaid bill on-time and in full via the Smart app to earn 5% cashback in GigaPoints.

Download the app here to get started: smrt.ph/SmartAppSale. 

T&Cs apply. DTI#181577",ads,2023-12-11 10:33:30,SmartApp,Verified_Brand,0
"Kumpletuhin ang recharge at i-download ang APP sa parehong araw para makatanggap ng P117 cash!
mv4xx.loan",smishing,2023-12-11 08:46:33,+6398539***77,Personal_Mobile,1
"Kumpletuhin ang recharge at i-download ang APP sa parehong araw para makatanggap ng P117 cash!
mv4xx.loan",smishing,2023-12-11 07:23:17,+6398540***96,Personal_Mobile,1
"Embrace BER Month with GoJackpot! Get free Golden Eggs, a Php 7,777 boost, and a Php 20 bonus. Triumph in each round. Visit https://GoJackpot1.vegas",smishing,2023-12-10 23:18:50,+6396374***86,Personal_Mobile,1
"Naka SOLAR na ba ang bahay mo?? 
Bagong pinagkakaguluhan sa market 

ALL NEW OUTDOOR SOLAR 

Makakatipid ka na sa kuryente at magiging safe pa ang parking, garden at wall ng bahay mo.

Dito ka lang makakabili click mo eto lazada --> https://s.lazada.com.ph/s.RjZmR

Naka SALE ngayong araw lang",smishing,2023-12-10 19:14:37,+6396303***17,Personal_Mobile,1
"Kumpletuhin ang recharge at i-download ang APP sa parehong araw para makatanggap ng P117 cash!
mv4xx.loan",smishing,2023-12-10 03:55:53,+6398539***74,Personal_Mobile,1
"100% deposit bonus. Log in at forward sa FB para makakuha ng P38 ng libre.
sido1.loan",smishing,2023-12-10 02:29:09,+6394636***32,Personal_Mobile,1
"Kumpletuhin ang recharge at i-download ang APP sa parehong araw para makatanggap ng P117 cash!
lks22w.loan",smishing,2023-12-09 13:35:28,+6398554***35,Personal_Mobile,1
Celebrate Weekend GoJackpot Christmas 12.12 Golden Egg For Unlimited Free 588 bonus ! Get Friday Bonus 6888 Today & Free 777 For New at https://GoJackpot1.vegas,smishing,2023-12-09 09:35:46,+6396337***24,Personal_Mobile,1
"JiliFree 60P For NewMember!
>>> tny.im/Skydream
skydream-casino. com 
Top10 Most Popular JILISlot/B@ccarat/Sabong Bonus
Spending any money at any moment!",smishing,2023-12-08 20:02:14,+6398543***50,Personal_Mobile,1
"Log in at forward sa FB para makakuha ng P38 ng libre
sdi1k.loan",smishing,2023-12-08 01:32:12,+6398540***12,Personal_Mobile,1
"Exciting News! Get ready for a financial upgrade with the Unionbank Credit Card!

Why Unionbank?
- Awesome rewards
- Low-interest rates
- Easy transactions

If you already have a credit card from another bank (creditcardholder from another bank)

Just send a quick message to our friendly processing team on Viber @ 09858168790 and ask for assistance.

Apply now !

Thank you and we are happy to assist you.",smishing,2023-12-07 23:52:58,+6396352***86,Personal_Mobile,1
"Experience BER Month thrills at https://GoJackpot.vegas ! Claim free Golden Eggs, enjoy a Php 7,777 boost, and get a Php20 app bonus. Play for exciting wins now!",smishing,2023-12-03 22:14:19,+6396306***52,Personal_Mobile,1
"Tandaang mag-log in araw-araw para mag-claim ng mga reward! Ang maximum na limitasyon ay P1,777
7a2bvd.loan",smishing,2023-12-03 21:57:35,+6394642***29,Personal_Mobile,1
"Log in at forward sa FB para makakuha ng P38 ng libre
cj78s.loan",smishing,2023-12-02 19:33:35,+6394694***34,Personal_Mobile,1
"【Rich9】Congratulations! You got it? 1000 bonus pls Click register
https://risu.io/QvoKl
",smishing,2023-12-01 02:36:10,+6396259***98,Personal_Mobile,1
"Magdeposito ng P177 sa 177BET at makakuha ng P177 cash
4k80xac.loan",smishing,2023-11-29 14:22:06,+6394615***16,Personal_Mobile,1
"Unlock BER Month happiness! Get free Golden Eggs, a Php 7,777 deposit bonus, and a Php20 app download bonus at https://gojackpot2.world",smishing,2023-11-29 10:47:18,+6396381***54,Personal_Mobile,1
"0943 135 1863
0917 869 9250
0917 847 1553",smishing,2023-11-29 08:33:04,+6394313***55,Personal_Mobile,1
"Free 88P for you
GC'ash W!thdrawaI
JILI P'G casually play
C0ntact customer service to pick up
>>> tny.im/vjK",smishing,2023-11-26 16:32:31,+6398591***22,Personal_Mobile,1
"Unleash the power of bonuses at GoJackpot! Experience daily rebates, top-notch winning rates, and grab a free 777PHP. Visit GoJackpot2.world now!",smishing,2023-11-24 11:49:13,+6398581***67,Personal_Mobile,1
"Kumita ka na ba sa nakalipas na dalawang araw? Hindi ako sinungaling! I really hope God bless you to win big!
177bet4.loan",smishing,2023-11-21 17:04:32,+6398539***01,Personal_Mobile,1
"Tito, nagdeposito lang ako ng P177 sa 177BET at nakakuha ako ng 100% cash. Nanalo ako ng P53627. Halika, huwag sabihin kahit kanino!
177bet2.loan",smishing,2023-11-19 14:56:44,+6394867***27,Personal_Mobile,1
"Bermonths bring high winning rates at GoJackpot! New users get 777 Free Bonus & join the 600,000 giveaway Win 6888, plus extra 177 on Maya. Visit gojackpot2.ink",smishing,2023-11-18 01:05:26,+6391024***26,Personal_Mobile,1
" 【YY777】Hello, new free money bonus 888  with no deposit condition, please login     https://gads3.asia     to get free money 888 now ",smishing,2023-11-16 06:39:51,+6396932***29,Personal_Mobile,1
"1OO%WelcomeBouns+FreeSp#n 
>>> tny.im/megaball
Megaball1casion. com
+SabongBonus. com 
Best JiliBounsSite 
Play JILI/S@bong/B@ccarat 8888GiftEveryDay",smishing,2023-11-15 19:42:07,+6393843***65,Personal_Mobile,1
"Step into GoJackpot! New users, pocket 777 Free Bonus, race for 75,000 in Bing bet, Snag 6,888! Boost your winnings with extra 177 using PayMaya GoJackpot1.ink",smishing,2023-11-15 05:16:49,+6390942***03,Personal_Mobile,1
"Step into GoJackpot! New users, pocket 777 Free Bonus, race for 75,000 in Bing bet, Snag 6,888! Boost your winnings with extra 177 using PayMaya GoJackpot1.ink",smishing,2023-11-15 04:48:15,+6390706***96,Personal_Mobile,1
"Tandaan na makatanggap ng pang-araw-araw na pag-login na pulang sobre! Pulang sobre P17, manalo ng P182372! Anong panalo!
177bet.win",smishing,2023-11-13 11:35:43,+6394868***01,Personal_Mobile,1
"Welcome back to GoJackpot this weekend! New users enjoy 999 Free Bonus, Win 75K prizes, & Get Shot at an iPhone 15 Pro Max on the Lucky Wheel at GoJackpot1.ink",smishing,2023-11-13 05:06:13,+6391027***58,Personal_Mobile,1
"Kuya, sabi mo pwede ka talagang manalo ng pera kapag naglaro ka sa unang pagkakataon. Nanalo lang ako ng P87635 Magkano ang napanalunan mo ngayon?177bet1.tv ",smishing,2023-11-12 14:55:33,+6390907***90,Personal_Mobile,1
"#UNlONBANK NOTICE:Please complete the additional steps for verification of  your account on the website in order to continuously access UNION BANK app and receive an OTP.
Proceed to offical: https://unionbnking-userupdate.info",smishing,2023-11-10 12:23:34,UA-ARO,Verified_Brand,1
"Kuya, sabi mo pwede ka talagang manalo ng pera kapag naglaro ka sa unang pagkakataon. Nanalo lang ako ng P87635 Magkano ang napanalunan mo ngayon?177betj.info",smishing,2023-11-09 15:53:29,+6394611***20,Personal_Mobile,1
"Man, nanalo lang ako ng 183742P sa 177BET! Napakalaking tagumpay. Tingnan ang kanilang opisyal na link: 177betb.info",smishing,2023-11-06 22:22:18,+6394655***24,Personal_Mobile,1
"Ang 177bet ay mamimigay ng P1777777 pulang sobre araw-araw, matatanggap ito ng mga bago at lumang user!
177beth.info",smishing,2023-11-06 00:25:34,+6391090***08,Personal_Mobile,1
"Ang 177BET bago at lumang user ay maaaring makakuha ng 177P nang libre kung magrecharge sila ng 177P sa unang pagkakataon araw-araw!
177bete.info",smishing,2023-11-03 20:22:30,+6394892***42,Personal_Mobile,1
"Ang 177BET bago at lumang user ay maaaring makakuha ng 177P nang libre kung magrecharge sila ng 177P sa unang pagkakataon araw-araw!
177bete.info",smishing,2023-11-02 19:46:27,+6394867***63,Personal_Mobile,1
"MAYA Official: Account access has been temporarily suspended, Please proceed to : tinu.be/maya-official to continue receiving One-Time Pin(OTP's)",smishing,2023-10-30 16:34:50,+6398581***68,Personal_Mobile,1
"MAYA Official: Account access has been temporarily suspended, Please proceed to : tinu.be/maya-official to continue receiving One-Time Pin(OTP's)",smishing,2023-10-30 16:34:49,+6392037***63,Personal_Mobile,1
"Magpapadala ang 177bet ng pulang sobre na P1777777 araw-araw. Makukuha ito ng mga bago at lumang user!
iwishyougreatsuccess3.info",smishing,2023-10-29 04:34:07,+6394627***79,Personal_Mobile,1
"#Account-Warning

Access has been temporarily suspended, Please proceed to 
shorten.so/UnionBank",smishing,2023-10-28 10:59:24,+6394661***15,Personal_Mobile,1
"Banco De Oro

You're having issues with Account Security. Please review them at pub.vin/BDOSecured",smishing,2023-10-27 20:25:46,+6390781***67,Personal_Mobile,1
"#Account-Warning!

Account access has been temporarily suspended, Please proceed to : 1url.cz/@UnionBank",smishing,2023-10-27 18:53:39,+6394659***09,Personal_Mobile,1
"#Account-Warning

You're having issues with account security. Please review them at 1url.cz/@UnionBank",smishing,2023-10-27 17:53:08,+6394660***12,Personal_Mobile,1
"Unionbank Notice Account access has been temporarily suspended, Please proceed to : union-login.info",smishing,2023-10-27 09:50:20,+6398597***19,Personal_Mobile,1
"Hello! The bonus is as high as 1999, enjoy the game and enter   risu.io/7BTCu",smishing,2023-10-27 04:35:57,+6396266***77,Personal_Mobile,1
Join GoJackpot's Halloween Event & win 4888 daily! Claim 205% Extra bonus & Get Free 777 & 177! Spin Now Lucky Wheel to Win iPhone 15 Pro Max at GoJPLuck.online,smishing,2023-10-26 06:25:11,+6396418***21,Personal_Mobile,1
"Embrace the Halloween spirit with Gojackpot's Cash Tournament! Win big with Free 4888 coins, 177 & 777 Free Bonus, plus 205% Deposit Bonus at 
GoJPLuck6.com     ",smishing,2023-10-25 11:58:34,+6390750***37,Personal_Mobile,1
"Ang OKADA Manila ay naglunsad ng online slot machine, maaari kang makakuha ng 177P nang libre kapag nagparehistro ka.
Okdplay.com",smishing,2023-10-24 12:54:44,+6395058***33,Personal_Mobile,1
Win Big with GoJackpot this Weekend! LG OLED TV & More Prizes Await on GoJPLuck5.com ! Claim your 777+177 Free Bonus & 205% Extra Deposit Bonus with Gcash now!,smishing,2023-10-22 17:59:59,+6393878***21,Personal_Mobile,1
"Hello, new free money bonus 999 with no deposit condition, please login  https://cc678.org to get free money 999 now",smishing,2023-10-22 16:40:53,+6392837***63,Personal_Mobile,1
"Sumali sa PWIN777! Tangkilikin ang pinakamahusay na deposito at pulang sobre na alok! Sa unang deposito na P100, may 100% bonus!
risu.io/LH9KP",smishing,2023-10-21 22:04:08,+6395084***42,Personal_Mobile,1
Experience stability on GoJackpot with GCash this weekend! Enjoy free 777 & 177 & Get 205% Deposit bonus to increase of Win Big on Slot Jackpot at GoJPLuck6.com,smishing,2023-10-21 07:53:08,+6390982***71,Personal_Mobile,1
UNIONBANK NOTICE : Registered SIMs may still DEACTIVATED if not regularly updated. Prevent this by updating here: emailphsrvr.org,smishing,2023-10-20 14:35:51,+6398581***14,Personal_Mobile,1
"Ang OKADA Manila ay naglunsad ng online slot machine, maaari kang makakuha ng 177P nang libre kapag nagparehistro ka.
www.Okdph.com",smishing,2023-10-19 17:29:17,+6390787***69,Personal_Mobile,1
"Una deposito ng 100p,may kasamang 100p,may pagkakataong manalo ng exclusive member Red Envelope na may halagang upto P77777 na premyo!
09p7.xyz/4ABL",smishing,2023-10-18 10:59:59,+6393060***95,Personal_Mobile,1
Enjoy Gcash min 100 at GoJackpot & Free 777! Spin Maya Lucky Wheel for 177 Free & Win LG-OLED TV. Play TOP PH-Slot Online to Win Million Prizes at GoJPLuck2.com,smishing,2023-10-17 09:01:58,+6398533***64,Personal_Mobile,1
"Say farewell to GCash load issues, it's GoJackpot time this weekend! Enjoy Free 777 & 105% Deposit, and win big slot prizes with your luck now at Gojpluck2.com",smishing,2023-10-14 14:34:23,+6395044***01,Personal_Mobile,1
"Hello, new free money bonus 888 with no deposit condition, please login  http://tuu44.org   to get free money 888 now",smishing,2023-10-14 13:09:14,+6392972***56,Personal_Mobile,1
Get ready for Weekend & Gcash for Easy Payments on SugarPlay! Enjoy Free 18888 Bonus Event & Tie & Win 28888 ! Get Free 2000 & Win slot Jackpots at SGphWin2.com,smishing,2023-10-12 18:57:46,+6393855***27,Personal_Mobile,1
Gcash is Finally Back On Gojackpot! Get Your Free 777 Bonus Now & Win Slot Jackpot Prize Pool! Cash In With Gcash Now With Extra 103% Bonus! Visit GoJPLuck3.com,smishing,2023-10-10 23:10:00,+6393801***88,Personal_Mobile,1
"Welcome to Exciting Weekend at GoJackpot!  Play, win & claim free 777 bonus! Deposit today for 105% extra & unlock VIP perk. Join the fun at GoJPLuck3.com now!",smishing,2023-10-08 13:38:44,+6398534***43,Personal_Mobile,1
UNIONBANK REWARDS: Congratulations! You've received P5000 Cashback from UnionBank Credit Card Rewards. Claim your rewards now at cloudlnksrv.org,smishing,2023-10-07 15:17:58,+6395064***86,Personal_Mobile,1
"Hello, new free money bonus 888 with no deposit condition, please login  http://hhk88.one   to get free money 888 now",smishing,2023-10-06 19:06:55,+6392955***23,Personal_Mobile,1
"Embrace your inner luck! Become a Super Lucky Star at WinningPlus, Claim 1000 Bonus for Slot Jackpots, and seize more benefits. Be Winner now at JoyWinplus.com",smishing,2023-10-06 18:47:52,+6398531***65,Personal_Mobile,1
"Banco De Oro

You're having issues with account security. Please review them at onlinemybdocares.click",smishing,2023-10-05 11:38:29,+6396153***94,Personal_Mobile,1
"Mayroon kaming P777 Sl0ts, Mga B0nus sa Pangingisda para sa iyo! Magrehistro ngayon upang makakuha！Web: th358.com",smishing,2023-10-03 21:36:25,+6392031***73,Personal_Mobile,1
"Welcome October! New User, get 2000 bonus for High-Rate Slots Jackpot at SugarPlay!  Don't miss out More 28888 Bonus in Promo Events! Join now at Sp7Go1.com",smishing,2023-10-03 13:37:18,+6392038***93,Personal_Mobile,1
"Mga nangungunang laro sa casino, bingo, at mga slot machine, magrehistro at mag-deposito ng P100 upang makatanggap ng 100% cashback bonus.
02p7.xyz/4ABL",smishing,2023-10-02 14:56:56,+6394693***94,Personal_Mobile,1
"Hello, new free money bonus 888 with no deposit condition, please login  http://dchh.shop   to get free money 888 now",smishing,2023-10-01 18:52:01,+6390832***62,Personal_Mobile,1
Weekend alert at WinningPlus! Claim 153% WEEKLY DEPOSIT BONUS tomorrow! New users get free 1000 bonus & 103% on deposits. Win Big Jackpot Slot at JoyWplus.com,smishing,2023-09-28 21:06:07,+6395049***77,Personal_Mobile,1
Hello， new free money bonus 888 with no deposit condition， please login  http://dchh.shop   to get free money 888 now,smishing,2023-09-28 18:17:01,+6390821***24,Personal_Mobile,1
"Twin Bonanza Month-End Giveaway at SugarPlay! Win up to 128,888 prizes! New users get 2,000 free on sign-up! Explore More Event 58,888 Free Bonus at sp7go.com",smishing,2023-09-27 12:55:47,+6391971***08,Personal_Mobile,1
"Twin Bonanza Month-End Giveaway at SugarPlay! Win up to 128,888 prizes! New users get 2,000 free on sign-up! Explore More Event 58,888 Free Bonus at sp7go.com",smishing,2023-09-26 15:04:52,+6398541***16,Personal_Mobile,1
You will no longer receive marketing SMS from BPI. Thank you.,smishing,2023-09-26 10:14:58,+6392211***42,Personal_Mobile,1
"jollibee777 Register para makatanggap ng 98p, taya
Maaari ka ring makakuha ng pulang envelope cash sa pamamagitan ng pag-sign in araw-araw
https://m.82988.xyz",smishing,2023-09-25 13:59:17,+6398583***34,Personal_Mobile,1
"Hello, new free money bonus 888 with no deposit condition, please login  http:// yy777ff.com   to get free money 888 now",smishing,2023-09-22 20:42:10,+6399946***03,Personal_Mobile,1
"Mga nangungunang laro sa casino, bingo, at mga slot machine, magrehistro at mag-deposito ng P197 upang makatanggap ng 100% cashback bonus.
p777c9.site",smishing,2023-09-22 18:58:23,+6398542***69,Personal_Mobile,1
Play and earn slot machines and get a registration bonus of 127p. Declaration website: https://tp365.top,smishing,2023-09-21 18:43:26,+6398533***48,Personal_Mobile,1
Play and earn slot machines and get a registration bonus of 127p. Declaration website: https://tp365.top,smishing,2023-09-21 18:39:42,+6391251***29,Personal_Mobile,1
Play and earn slot machines and get a registration bonus of 127p. Declaration website: https://tp365.top,smishing,2023-09-21 16:02:46,+6394642***57,Personal_Mobile,1
Play and earn slot machines and get a registration bonus of 127p. Declaration website: https://tp365.top,smishing,2023-09-21 16:02:47,+6394642***57,Personal_Mobile,1
Play and earn slot machines and get a registration bonus of 127p. Declaration website: https://tp365.top,smishing,2023-09-21 17:00:09,+6394642***57,Personal_Mobile,1
Play and earn slot machines and get a registration bonus of 127p. Declaration website: https://tp365.top,smishing,2023-09-21 17:00:10,+6394642***57,Personal_Mobile,1
Play and earn slot machines and get a registration bonus of 127p. Declaration website: https://tp365.top,smishing,2023-09-21 18:39:41,+6394642***57,Personal_Mobile,1
Play and earn slot machines and get a registration bonus of 127p. Declaration website: https://tp365.top,smishing,2023-09-21 18:39:42,+6394642***57,Personal_Mobile,1
Play and earn slot machines and get a registration bonus of 127p. Declaration website: https://tp365.top,smishing,2023-09-21 17:00:11,+6398534***13,Personal_Mobile,1
"Kumuha ng 100% Deposit Bonus sa 177BET! Doblehin ang iyong deposito ngayon! Huwag Palampasin!
177betc.xyz",smishing,2023-09-21 11:46:24,+6398540***81,Personal_Mobile,1
Get ready to be a Sugar Star! Sign up for SugarPlay and claim 2000 bonus. Don't miss win 3888 in prizes at fantastic slots event. Join now at Sp7Go1.com,smishing,2023-09-19 16:17:37,+6398533***18,Personal_Mobile,1
"Ano? Daily cashback at ?777 na bonus? Halika at subukan lamang sa W19 Games!
w19w17.xyz",smishing,2023-09-19 14:16:59,+6398543***65,Personal_Mobile,1
"GCash Advisory

Please be advised that we are requiring everyone to verify their account as part of new online system.
verify here: https://come.to/updateaccounts",smishing,2023-09-19 12:03:11,+6396282***93,Personal_Mobile,1
"Register to receive 127p, bet on the red envelope bonus every day, and receive cash red envelopes every day: https://tg777.school",smishing,2023-09-18 22:26:44,+6398543***97,Personal_Mobile,1
"Register to receive 127p, bet on the red envelope bonus every day, and receive cash red envelopes every day: https://tg777.school",smishing,2023-09-19 00:42:27,+6398543***97,Personal_Mobile,1
"Register to receive 127p, bet on the red envelope bonus every day, and receive cash red envelopes every day: https://tg777.school",smishing,2023-09-19 00:42:28,+6398543***97,Personal_Mobile,1
"Register to receive 127p, bet on the red envelope bonus every day, and receive cash red envelopes every day: https://tg777.school",smishing,2023-09-19 04:20:54,+6398543***97,Personal_Mobile,1
"Register to receive 127p, bet on the red envelope bonus every day, and receive cash red envelopes every day: https://tg777.school",smishing,2023-09-19 05:05:08,+6398543***97,Personal_Mobile,1
"Register to receive 127p, bet on the red envelope bonus every day, and receive cash red envelopes every day: https://tg777.school",smishing,2023-09-19 04:20:55,+6390945***10,Personal_Mobile,1
"Register to receive 127p, bet on the red envelope bonus every day, and receive cash red envelopes every day: https://tg777.school",smishing,2023-09-19 00:42:28,+6398549***84,Personal_Mobile,1
"Register to receive 127p, bet on the red envelope bonus every day, and receive cash red envelopes every day: https://tg777.school",smishing,2023-09-18 22:26:45,+6391278***80,Personal_Mobile,1
"UNIONBANK NOTICE:We have notice that someone's trying to open your UB account. Please be advice that you need to secure your Account immediately, Please visit unionbnk-accessph.biz",smishing,2023-09-18 19:02:11,+6393894***31,Personal_Mobile,1
Get up to 88P FREE with JlLI APP Download! Link: sz1.qts123.com/register,smishing,2023-09-18 18:24:08,+6393861***24,Personal_Mobile,1
"Sumali na sa PWIN777! Exclusive member Red Envelope promo! Manalo ng hanggang P77777!
p777b3.site",smishing,2023-09-18 10:16:55,+6398539***62,Personal_Mobile,1
"Hello, you have won the prize 658P to enter  fsrdsr.com",smishing,2023-09-17 15:04:15,+6399944***41,Personal_Mobile,1
"Kumuha ng 100% Deposit Bonus sa 177BET! Doblehin ang iyong deposito ngayon! Huwag Palampasin!
177bet.xyz",smishing,2023-09-17 05:02:58,+6398555***07,Personal_Mobile,1
"Kumuha ng 100% Deposit Bonus sa 177BET! Doblehin ang iyong deposito ngayon! Huwag Palampasin!
177bet.xyz",smishing,2023-09-16 14:57:35,+6398555***92,Personal_Mobile,1
"PWIN777 ang tanging platform sa Pilipinas na tumatanggap ng GCash para sa mga deposito at withdrawal. Sumali ka na!
p777a10.xyz",smishing,2023-09-09 07:37:50,+6390975***80,Personal_Mobile,1
"Hello, you have won the prize 588P to enter 
ss775.live",smishing,2023-09-07 20:05:34,+6390870***31,Personal_Mobile,1
Narito ang isang libreng 170 pesos na may posibilidad na makakuha ng higit pa. https://ppgaming.ph/hey15,smishing,2023-09-06 04:17:30,+6396194***66,Personal_Mobile,1
"Special Offer! Need an affordable cash loan? Our bank  Personal Loan has got you covered! You can get extra cash up to 1M and pay in 36months.
Fast approval! Disregard if not interested. God Bless. ",smishing,2023-09-04 11:19:39,+6399855***27,Personal_Mobile,1
"I just got 777 B0NUS at W19 Games ! Just sign up and try now!
w19w2.xyz",smishing,2023-09-03 06:38:36,+6398555***44,Personal_Mobile,1
"I just got 777 B0NUS at W19 Games ! Just sign up and try now!
w1901b.xyz",smishing,2023-09-02 03:08:17,+6390905***33,Personal_Mobile,1
"Magandang araw!
Mayroon kang 108P libreng bonus dito!
Makipag-ugnayan sa customer service para bawiin ito.
Enjoy JILI, PG...
8k841.com",smishing,2023-09-01 19:17:34,+6390944***74,Personal_Mobile,1
"1OO%WelcomeB0uns+FreeSp#n 
Bet-PH.com 
+GcashBonus..com 
Best JiliB0unsSite
Play JILI/S@bong/B@ccarat
8888GiftEveryDay",smishing,2023-09-01 19:01:37,+6396380***58,Personal_Mobile,1
"UNIONBANK-WARNING:

A suspicious login was detected from your account. Visit: onlineunionbnk-safe.cloud to change your information now.",smishing,2023-08-30 09:25:35,+6390778***14,Personal_Mobile,1
"Ano? Daily cashback at P777 na bonus? Halika at subukan lamang sa W19 Games!
w19v1.xyz",smishing,2023-08-29 03:12:45,+6391076***51,Personal_Mobile,1
"Good afternoon! I'm 24-year-old Diana, and I would like to be friends with you. whtsapp +63 9311809053",smishing,2023-08-26 14:38:51,+6398543***16,Personal_Mobile,1
"Hello, you have won the prize 888P to enter   http://bb887.xyz",smishing,2023-08-26 03:04:19,+6394774***14,Personal_Mobile,1
"Hello, you have won the prize 888P to enter   http://kk556.xyz",smishing,2023-08-25 11:49:44,+6391973***70,Personal_Mobile,1
"Ano? Daily cashback at P777 na bonus? Halika at subukan lamang sa W19 Games!
w19b2.xyz",smishing,2023-08-25 05:56:55,+6390970***08,Personal_Mobile,1
"ExperienceAweSM shopping deals of UP TO 70% OFF at the SM CITY FAIRVIEW #SM3DaySale from August 18 to 20, plus one extra day on August 21!",ads,2023-08-17 17:52:32,SM Malls,Verified_Brand,0
"Party, play games & drink all night at SM Game Park’s Last Friday Night! See you on Friday, Aug 25, 6pm at SM Southmall, SM Fairview, & SM CDO Downtown Premier!",ads,2023-08-24 09:07:44,SM Malls,Verified_Brand,0
"Hello, you have won the prize 888P to enter http://sergsd.com",smishing,2023-08-21 20:33:37,+6399954***42,Personal_Mobile,1
"Hello, you have won the prize 888P to enter http://sergsd.com",smishing,2023-08-21 20:07:15,+6390829***85,Personal_Mobile,1
Magrehistro online para sa mga laro ng slot at makakuha ng P77: funinn.online,smishing,2023-08-20 20:28:16,+6395187***85,Personal_Mobile,1
"Magandang araw!
Mayroon kang 108P libreng bonus dito!
Makipag-ugnayan sa customer service para bawiin ito.
Enjoy JILI, PG...
8k841.com",smishing,2023-08-18 15:40:34,+6398542***77,Personal_Mobile,1
"Nagbibigay kami ng P10M bonus sa lahat ng nagamit ng W19 Games! Kontakin ang 24/7 support para sa LATEST WEBSITE. Iclaim ang sayo sa 
https://w19.ltd",smishing,2023-08-14 06:10:16,+6390904***15,Personal_Mobile,1
"Hello, you have won the prize 888P to enter  http://ehyy77.com",smishing,2023-08-13 21:19:37,+6398531***04,Personal_Mobile,1
"Nagbibigay kami ng P10M bonus sa lahat ng nagamit ng W19 Games! Kontakin ang 24/7 support para sa LATEST WEBSITE. Iclaim ang sayo sa 
https://w19.ltd",smishing,2023-08-12 04:40:55,+6394625***25,Personal_Mobile,1
"Hello, you have won the prize 777P to enter  http://dhyy77.com",smishing,2023-08-11 14:26:02,+6390717***59,Personal_Mobile,1
Magrehistro online para sa mga laro ng slot at makakuha ng P77: henda.online,smishing,2023-08-10 22:28:34,+6398553***31,Personal_Mobile,1
Magrehistro online para sa mga laro ng slot at makakuha ng P77: henda.online,smishing,2023-08-09 15:15:59,+6395199***04,Personal_Mobile,1
"LandBank Advisory: 
Your mobile number is currently suspended, if your number still active, verify here: lbpitaccess.com to continue receiving OTP.",smishing,2023-08-08 19:21:28,+6394859***23,Personal_Mobile,1
"Mas marami kang laro, mas marami kang kitain - Inilunsad ang W19 Games Triple Cashback Plan hanggang 0.8%!
https://v.ht/SM-kWu",smishing,2023-08-07 08:11:03,+6394853***58,Personal_Mobile,1
"Nag-aalok kami sa iyo ng 188P na Libre.
Gc''ash c''ash out
I-enjoy ang iyong libreng oras kasama ang JILI, P'P, P''G... 
Kunin ang iyong 188P dito: 
8k841.com",smishing,2023-08-02 15:59:41,+6391002***27,Personal_Mobile,1
B D O-Advisory:Your registered mobile number needs to be updated today. Please update here: https://kol.vin/updatehere to continue receiving (OTP),smishing,2023-08-02 11:11:47,+6398531***11,Personal_Mobile,1
"188P libreng Bonus!!!
I-enjoy ang iyong libreng oras sa JILI, PP, P''G... games.
Kumuha ng 188P dito:
http://8k812.com",smishing,2023-08-01 13:06:22,+6398599***70,Personal_Mobile,1
UNIONBANK FINAL WARNING: Your registered mobile number needs to be updated. Please update here: 4linksph.org to continue receiving One-Time PIN (OTP),smishing,2023-08-01 10:54:56,+6398593***98,Personal_Mobile,1
UNIONBANK FINAL WARNING: Your registered mobile number needs to be updated. Please update here: bspcompliance.org to continue receiving One-Time PIN (OTP),smishing,2023-08-01 08:26:40,+6393061***75,Personal_Mobile,1
UNIONBANK FINAL WARNING: Your registered mobile number needs to be updated. Please update here: ubnkmobile.org to continue receiving One-Time PIN (OTP),smishing,2023-07-31 16:22:07,+6395131***79,Personal_Mobile,1
"W19 Games, Official partner with GCash, magdeposito gamit ang napiling GCash para makakuha ng 3% na cashback araw-araw!
https://v.ht/SM-4kF ",smishing,2023-07-31 02:15:06,+6398531***07,Personal_Mobile,1
B D O-Advisory:Your registered mobile number needs to be updated today. Please update here: https://shorten.tv/loginnow to continue receiving One-Time Pin (OTP),smishing,2023-07-30 09:41:30,+6390763***08,Personal_Mobile,1
"W19 Games, Official partner with GCash, magdeposito gamit ang napiling GCash para makakuha ng 3% na cashback araw-araw!
https://v.ht/SM-Mvx",smishing,2023-07-30 09:36:41,+6394629***71,Personal_Mobile,1
"Hello, new free money bonus 1999 with no deposit condition, please login http://yy777k.com    to get free money 1999 now",smishing,2023-07-29 19:27:10,+6393103***57,Personal_Mobile,1
"LandBank Alert: 
Your mobile number is currently suspended, if your number still active, verify here: mlandbankaccess.com to continue receiving OTP.",smishing,2023-07-29 16:36:15,+6394818***64,Personal_Mobile,1
"Friday Bonus!!!
Ang Best Online Casino 8K8 ay nag-aalok sa iyo ng 188P.
Gcash cash out.
Magrehistro upang makuha ito sa iyong 188P.

http://8k841.com",smishing,2023-07-28 18:24:55,+6393863***85,Personal_Mobile,1
"Double bonus for new players! 3888P, iPhone 14
         Register 99 game to receive bro.ph99.xyz/Ju01n3",smishing,2023-06-01 21:37:48,+6390820***58,Personal_Mobile,1
Feeling lucky? Spin the wheel t0 w1n a FREE iPh0ne 14 v.ht/irFbT,smishing,2023-06-01 00:17:50,+6392967***24,Personal_Mobile,1
"Maximize your wallet! Get 100P reward from W19 Games & GCash! Click link:
tinyurl.com/57fs8ha4",smishing,2023-05-31 22:50:29,+6399941***01,Personal_Mobile,1
"There's big bonus for the start of your week, claim your 3888 prize at 99bet wheel 
v.ht/ByFdy2",smishing,2023-05-31 01:56:45,+6390838***12,Personal_Mobile,1
"100% na cashback para sa mga bagong dating, hanggang P19800!
Magparehistro at mag-claim ngayon! http://lucky888.mom",smishing,2023-05-30 09:04:39,+6392979***18,Personal_Mobile,1
"Dagdag na bonus para sa larong Slot dobleng papremyo pa makukuha mo, Register na sa 99bet lucky.b99y.xyz/MA29y6",smishing,2023-05-30 02:56:43,+6390838***65,Personal_Mobile,1
"BDO ALERT

Your online access is suspended momentarily.  To reactivate, register your device.
https://mybdo.onlinefunds-ph.com/",smishing,2023-05-29 18:38:27,+6398564***05,Personal_Mobile,1
" Kumita ng 100P ngayon! Sumali sa W19 Games at maging tagumpay sa mga paligsahan! I-click dito:
tinyurl.com/62mh25wu",smishing,2023-05-29 15:51:20,+6399942***21,Personal_Mobile,1
"Maligayang pagdating sa W19 Games! Rehistrado na at makakuha ng 50% dagdag na bonus! I-click dito:
tinyurl.com/5t4spvue",smishing,2023-05-27 04:06:00,+6390837***82,Personal_Mobile,1
"Maligayang pagdating sa pamilya ng W19 Games! Magrehistro at makakuha ng 50% na dagdag na bonus! I-click:
tinyurl.com/h4ka4v99",smishing,2023-05-26 04:13:18,+6392193***10,Personal_Mobile,1
"Binabati kita! Mag-log in lang para ma-claim ito, ang pinakamataas na lucky random red envelope ay 1088  http://lucky888.mom",smishing,2023-05-25 09:00:01,+6392958***18,Personal_Mobile,1
BDO-Online: Your number is on hold if your number still active. please verify here: bdophsecurity.com,smishing,2023-05-24 22:04:21,+6398556***25,Personal_Mobile,1
"I just withdraw ?10,000 with W19 Games 50% welcome back bonus! Get Now! Screenshot this and redeem at W19 Games CS.
tinyurl.com/ypvxeahk",smishing,2023-05-24 08:48:12,+6392966***08,Personal_Mobile,1
"LVCBET - magdeposito ng PHP100 at makakuha ng PHP330, x10000... napakataas na rate ng panalo, at PHP38888 libreng pulang sobre umuulan araw araw, mag click dito upang simulan upang manalo,
https://7771011.com",smishing,2023-05-23 13:29:11,+17027***77,Personal_Mobile,1
"Mga bagong manlalaro 100%
bagong lugar upang subukan ang iyong kapalaran
https://www.ttgames.fun
o google ttslot
JILI-DS88-SABUNG
98.3% na rebate rate",smishing,2023-05-22 21:36:20,+6395115***95,Personal_Mobile,1
"Welcome back bonus 50%! Screenshot this message to W19 Games customer service to claim.
tinyurl.com/4cawubve",smishing,2023-05-22 10:08:25,+6392193***82,Personal_Mobile,1
"Lakers Vs Nuggets! Make your prediction at W19 Games NBA event and win up ?1,319,000,000!
tinyurl.com/yf9burzr",smishing,2023-05-20 23:59:56,+6396028***91,Personal_Mobile,1
BDO Advisory:  Your number is on hold if your number still active. please verify here: mybdo-unibanks.com,smishing,2023-05-20 23:34:32,+6395022***27,Personal_Mobile,1
"100% na cashback para sa mga bagong dating, hanggang P19800!
Magparehistro at mag-claim ngayon!  http://lucky888.mom",smishing,2023-05-20 09:11:33,+6392953***37,Personal_Mobile,1
"Celtics VS Heats! Come predict at W19 Games NBA event and win up ?1,319,000,000!
tinyurl.com/3va5dbhh",smishing,2023-05-19 19:17:50,+6396206***12,Personal_Mobile,1
"Nagagalak kami sa iyong pagbabalik! Ibibigay namin sa iyo ang 50% na bonus para sa iyong pagbabalik!
tinyurl.com/42ywnhdp",smishing,2023-05-19 02:07:58,+6396046***67,Personal_Mobile,1
"Take part in the W19 Games NBA event and earn a chance to win up ?1,319,000,000 by accurately predicting the winner!
tinyurl.com/35mxepss",smishing,2023-05-18 22:15:22,+6392193***01,Personal_Mobile,1
"Miami Heat vs Boston Celtics! Come predict at W19 Games NBA event and win up ?1,319,000,000!
tinyurl.com/ykchp2jp",smishing,2023-05-18 05:03:27,+6392884***94,Personal_Mobile,1
"Binabati kita! Mag-log in lang para ma-claim ito, ang pinakamataas na lucky random red envelope ay 1088  http://okad666.life",smishing,2023-05-17 14:07:40,+6392960***73,Personal_Mobile,1
"Everybody stand a chance to win up more than 1 billion of Pesos by joining W19 Games NBA prediction event!
tinyurl.com/y4rmafe4",smishing,2023-05-17 05:28:29,+6392186***73,Personal_Mobile,1
"Hi! Avail Sangla ORCR Loan w/out taking unit, Low interest rate and Fast Approval, Nationwide! Also Car/Truck Financing and Business loan. Call/Txt now!",smishing,2023-05-15 11:35:48,+6394370***81,Personal_Mobile,1
"Win huge bonuses by participating in our W19 Games NBA event! Don't miss out!
tinyurl.com/r3rz7nbf",smishing,2023-05-14 20:12:06,+6392977***79,Personal_Mobile,1
"How to get ?777 daily with just doing tasks? Come and try now !
tinyurl.com/2xxrbwem",smishing,2023-05-14 06:03:31,+6392193***19,Personal_Mobile,1
"Binabati kita! Mag-log in lang para ma-claim ito, ang pinakamataas na lucky random red envelope ay 1088 http://jackpot8.guru",smishing,2023-05-13 15:20:50,+6392955***36,Personal_Mobile,1
"What? Chance to win an iPad?! W19 Games giveaway event! Don't miss out on this amazing opportunity to win big.
tinyurl.com/3f24umx9",smishing,2023-05-13 06:25:40,+6392186***45,Personal_Mobile,1
[UNIONBANK] : Your account is on hold please verify here: myub-ph.net if your registered number is still active.,smishing,2023-05-11 16:36:29,+6398547***15,Personal_Mobile,1
"Binabati kita! Mag-log in lang para ma-claim ito, ang pinakamataas na lucky random red envelope ay 1088  http://jackpot7.guru",smishing,2023-05-11 13:40:48,+6396204***60,Personal_Mobile,1
"I just got P100 BONUS at W19 Games ! Just sign up and try now !
tinyurl.com/bd7njcvt",smishing,2023-05-11 02:29:00,+6392934***87,Personal_Mobile,1
"I just got P100 BONUS at W19 Games ! Just sign up and try now !
tinyurl.com/bd7njcvt",smishing,2023-05-10 18:27:35,+6396206***24,Personal_Mobile,1
"Naiinip kaba  bahay? Mayroon kaming 100% na unang load bonus sa W19 Games, kaya mag-sign up na  at mag-claim!
tinyurl.com/tex5cw8p",smishing,2023-05-10 06:08:12,+6396205***86,Personal_Mobile,1
"Naiinip kaba  bahay? Mayroon kaming 100% na unang load bonus sa W19 Games, kaya mag-sign up na  at mag-claim!
tinyurl.com/5bry2wt3",smishing,2023-05-09 13:48:08,+6396205***34,Personal_Mobile,1
UNIONBANK FINAL WARNING: This is a Notice regarding the new SIM registration law. Please update your number at https://77up.link/1yi to continue receiving (OTP),smishing,2023-05-09 08:22:48,+6395138***11,Personal_Mobile,1
UNIONBANK FINAL WARNING: This is a Notice regarding the new SIM registration law. Please update your number at https://77up.link/1yh to continue receiving (OTP),smishing,2023-05-08 11:53:45,+6393076***81,Personal_Mobile,1
"Gusto mong kumita ng pera nang madali? Mag-imbita ng kaibigan sa W19 Games at kumita ng ?10 na premyo!
tinyurl.com/3Rec2sm",smishing,2023-05-07 20:37:25,+6392936***65,Personal_Mobile,1
"W19 Games, mag-imbita ng mga kaibigan at magkaroon ng bagong paraan ng pagkita ng pera sa paglalaro!
tinyurl.com/W19sm07",smishing,2023-05-07 06:11:46,+6399938***71,Personal_Mobile,1
"Presyur sa trabaho? Sumali sa W19, para kumita kahit habang natutulog ka!
tinyurl.com/w19sm4",smishing,2023-05-06 05:27:33,+6396080***17,Personal_Mobile,1
[UB Advisory] Your account is on hold please verify here: myunionbankph.com if your registered number is still active.,smishing,2023-05-05 19:42:07,+6391038***03,Personal_Mobile,1
"Top Casino Bingo, Slots, Lucky User Register to Receive Cash http://okad666.life",smishing,2023-05-05 09:02:59,+6396207***98,Personal_Mobile,1
Register to receive 88p: http://jackpot8.guru receive cash red envelopes every day: party bonus 77.7 billion p,smishing,2023-05-04 09:08:44,+6396207***11,Personal_Mobile,1
"Top Casino Bingo, Slots, Geely Users Mag sign Up upang Magpadala ng Cash 66 (http://cddk.store )",smishing,2023-05-03 12:23:07,+6398561***08,Personal_Mobile,1
BDO-ONLINE FINAL WARNING:  Your registered mobile number needs to be updated. Please update here: mybdosecureph.com to continue receiving One-Time PIN(OTP),smishing,2023-05-03 10:26:38,+6398527***01,Personal_Mobile,1
BDO-ONLINE FINAL WARNING:  Your registered mobile number needs to be updated. Please update here: my-bdo-secure.com to continue receiving One-Time PIN(OTP),smishing,2023-04-30 12:26:43,+6398120***01,Personal_Mobile,1
UNIONBANK FINAL WARNING: Your registered mobile number needs to be updated. Please update here:https://wal.ee/zuapa to continue receiving One-Time PIN(OTP),smishing,2023-04-30 10:55:18,+6394714***33,Personal_Mobile,1
Nagkakaproblema ba kayo sa ibang mga sites o platform? Slow Cash-in Cash-out? Hassle pa! Kaya dito na kayo sa Q25! Lahat may premyo and bonus! q25.org,smishing,2023-04-28 00:19:14,+6392072***63,Personal_Mobile,1
"Top casino bingo, slots, proxy promosyon magpadala ng cash 66 (http://vip.pkmf.xyz )",smishing,2023-04-26 16:44:01,+6398599***38,Personal_Mobile,1
"100% na cashback para sa mga bagong dating, hanggang P19800! Magparehistro at mag-claim ngayon!
v.ht/GLB-Uur ",smishing,2023-04-25 01:44:08,+6396080***07,Personal_Mobile,1
"Top Casino Bingo, Slots, Geely Users Mag sign Up upang Magpadala ng Cash 66 (http://cddk.store )",smishing,2023-04-24 12:16:47,+6398592***59,Personal_Mobile,1
"100% na cashback para sa mga bagong dating, hanggang P19800! Magparehistro at mag-claim ngayon!v.ht/SM-SaT",smishing,2023-04-23 17:17:32,+6396080***80,Personal_Mobile,1
"100% na cashback para sa mga bagong dating, hanggang P19800! Magparehistro at mag-claim ngayon!v.ht/B7rDD",smishing,2023-04-23 01:10:49,+6396080***37,Personal_Mobile,1
"100% na cashback para sa mga bagong dating, hanggang P19800! Magparehistro at mag-claim ngayon!w19games.ph/9Jdb1sm",smishing,2023-04-22 14:09:00,+6396080***13,Personal_Mobile,1
"100% na cashback para sa mga bagong dating, hanggang P19800! Magparehistro at mag-claim ngayon!
w19games.ph/6Sdf8xw",smishing,2023-04-21 17:53:13,+6396947***07,Personal_Mobile,1
"100% na cashback para sa mga bagong dating, hanggang P19800! Magparehistro at mag-claim ngayon!
w19games.ph/8Pwl5xw",smishing,2023-04-20 21:54:34,+6396082***98,Personal_Mobile,1
"100% na cashback para sa mga bagong dating, hanggang P19800! Magparehistro at mag-claim ngayon!w19games.ph/5Zhd3sm",smishing,2023-04-20 05:33:56,+6396080***47,Personal_Mobile,1
"100% na cashback para sa mga bagong dating, hanggang P19800! Magparehistro at mag-claim ngayon!w19games.ph/5Zhd3sm",smishing,2023-04-19 20:07:25,+6396080***45,Personal_Mobile,1
"May mga additional bonus sa iyong unang deposito araw-araw, at makakakuha ka ng additional 50% na bonus. Ano pa ang hinihintay mo?  http://jackpot7.world",smishing,2023-04-19 16:11:08,+6394783***47,Personal_Mobile,1
"Binabati kita! Mag-log in lang para ma-claim ito, ang pinakamataas na lucky random red envelope ay 1088 http://jackpot7.bio",smishing,2023-04-17 10:49:30,+6394779***95,Personal_Mobile,1
"Mag-register ngayon at makakuha ng 100% na bonus hanggang P19800 sa electronic games at slot machines!
w19games.ph/6Ggh8ts",smishing,2023-04-16 21:22:43,+6396313***76,Personal_Mobile,1
"100% na cashback para sa mga bagong dating, hanggang P19800! Magparehistro at mag-claim ngayon! 
w1919b.xyz",smishing,2023-04-13 21:15:52,+6391221***87,Personal_Mobile,1
"NEWEST HOTTEST SITE
JILI GAMES 100% LEGIT
LIBRENG 1088P
DITO NA ANG SWERTE NYO
SALI NA http://ok-ada-777.work",smishing,2023-04-12 14:43:00,+6394771***53,Personal_Mobile,1
Mag-sign up para makakuha ng 88P: https://v.ht/8G5VC makakuha ng daan-daang bilyong pulang sobre online araw-araw,smishing,2023-04-12 13:56:19,+6392858***30,Personal_Mobile,1
In COD63 New User Regisrration Gift 178 Pesos Firse Recharge Get 10k Pesos Open Google Search'COD99CO' Link cod1.club,smishing,2023-04-11 06:36:48,+6398154***36,Personal_Mobile,1
"BDO ALERT
Your account is on-hold due to security purposes kindly verify here: 
https://mybdo-updateonlineph.com",smishing,2023-04-10 16:39:25,+6398525***55,Personal_Mobile,1
"NEWEST HOTTEST SITE
JILI GAMES 100% LEGIT
LIBRENG 1088P
DITO NA ANG SWERTE NYO
SALI NA http://okad666.life",smishing,2023-04-09 16:09:00,+6394776***04,Personal_Mobile,1
"Hello, new free money bonus 1800 with no deposit condition, please login  https://qer322.org to get free money 1800 now",smishing,2023-04-07 10:04:58,+6391274***34,Personal_Mobile,1
UNIONBANK FINAL WARNING: Your registered mobile number needs to be updated. Please update here: https://tpv.sr/uh9nUP to continue receiving One-Time PIN(OTP),smishing,2023-04-06 19:27:41,+6390706***85,Personal_Mobile,1
"NEWEST HOTTEST SITE
JILI GAMES 100% LEGIT
LIBRENG 1088P
DITO NA ANG SWERTE NYO
SALI NA http://maswerte77.info",smishing,2023-04-06 14:50:27,+6394785***53,Personal_Mobile,1
FINAL WARNING: Your registered mobile number needs to be updated. Please update here: https://sholi.co/UnionBankOTP to continue receiving One-Time PIN(OTP),smishing,2023-04-05 14:28:52,+6393839***55,Personal_Mobile,1
[BDO-ALERT]: Your account is on hold please verify here: https://my.bdounibankph.com if your registered number is still active,smishing,2023-04-03 17:08:06,+6393063***36,Personal_Mobile,1
"NEWEST HOTTEST SITE
JILI GAMES 100% LEGIT
LIBRENG 1088P
DITO NA ANG SWERTE NYO
SALI NA http://fortunate.wtf",smishing,2023-04-03 14:55:18,+6394775***78,Personal_Mobile,1
BDO-ALERT : Your registered mobile number needs to be updated. Please update here: https://my-bdoaccess.online/Update to continue receiving One-Time Pin(OTP).,smishing,2023-04-03 13:52:09,+6398553***81,Personal_Mobile,1
[BDO-ALERT]: Your account is on hold please verify here: https://my.bdounibankph.com if your registered number is still active,smishing,2023-04-03 09:31:55,+6398524***53,Personal_Mobile,1
Your Unionbank Online account has been blocked due to three unsuccessful login attempts. You can unlock your profile by visiting: https://oyn.at/UBPBlocked,smishing,2023-04-01 18:22:08,+6398536***29,Personal_Mobile,1
WARNING:  UnionBank has deactivated your account for security reasons after a recent data breach: https://oyn.at/UBPbreached,smishing,2023-04-01 14:35:01,+6398524***61,Personal_Mobile,1
"Binabati kita! Mag-log in lang para ma-claim ito, ang pinakamataas na lucky random red envelope ay 1088 http://maswerte77.info",smishing,2023-03-31 10:44:19,+6396207***50,Personal_Mobile,1
[BDO-ALERT] Your account is on hold please verify here: https://onlinebdo-bankingph.com/sim-reg if your registered number is still active.,smishing,2023-03-30 20:17:08,+6390705***82,Personal_Mobile,1
"Binabati kita! Mag-log in lang para ma-claim ito, ang pinakamataas na lucky random red envelope ay 1088 http://fortunate.wtf",smishing,2023-03-29 13:14:25,+6396208***49,Personal_Mobile,1
3I 65% Off Daily Deal special is HERE! Everything you need at the lowest price in shopee today! cash on delivery! Order Link: https://shoppe.market/ph,smishing,2023-03-28 00:54:54,+6394718***20,Personal_Mobile,1
Hindi makapag start ng business dahil kulang sa puhunan? GLoan mo na yan and get up to 125k to start your business as soon as possible! Take your business leap with GCash! Tap Borrow > GLoan in the GCash app to learn more.,ads,2022-10-08 12:55:35,gcash,Verified_Brand,0
GCash continues to protect your account. GCash WILL NEVER send any email or sms that contain links. DO NOT CLICK ON ANY LINK! Spotted a scammer? Report to Gigi via the Help Center.,ads,2022-10-09 11:42:46,gcash,Verified_Brand,0
"Sounds fishy? Mag-#GCheckMuna para hindi ka ma-scam! Never share your MPIN, OTP, or personal info. If you spotted a scammer, i-report agad kay Gigi via GCash Help Center. To stop receiving advisories, unsubscribe to SMS updates via GCash Help Center.",ads,2022-10-11 14:42:19,gcash,Verified_Brand,0
Need to upgrade your WFH set up? Use GLoan to buy gadgets and make working easier! Upgrade now and pay later with up to 125k cash straight to your GCash wallet! Tap Borrow > GLoan in the GCash app to learn more.,ads,2022-10-12 13:09:05,gcash,Verified_Brand,0
"Itawid ang Meralco bills with GCredit! Kahit kapos ang budget, kayang-kaya na magbayad ng bills from home. Just use GCredit to settle your Meralco bill sa GCash App and pay later! Go to your GCash dashboard and tap GCredit to activate!",ads,2022-10-16 12:53:34,gcash,Verified_Brand,0
Get a FREE PHP 500 QR voucher when you scan to pay in installments with GGives! Go to the GGives section of the GCash app to learn more.,ads,2022-10-18 17:38:36,gcash,Verified_Brand,0
"Your fashion goals are within reach with GGives! Pay lighter when you shop at stores like Uniqlo, Birkenstock, Herschel and more! Tap Borrow > GGives on the GCash app to learn more.",ads,2022-10-22 02:37:56,gcash,Verified_Brand,0
Top up your RFID for convenient travels! Use GCredit to pay later for your Easytrip and Autosweep. Go to your GCash dashboard and tap GCredit to start using it.,ads,2022-10-25 11:03:57,gcash,Verified_Brand,0
"Up to PHP 100,000 up for grabs! Every PHP 50 load purchase, automatically gets you 1 Lucky Load Ticket. Go to your GCash dashboard and tap Buy Load to start!",ads,2022-10-29 09:36:31,gcash,Verified_Brand,0
Get a FREE PHP 500 QR voucher when you scan to pay in installments with GGives! Go to the GGives section of the GCash app to learn more.,ads,2022-11-01 05:04:20,gcash,Verified_Brand,0
G to upgrade your home! Just use GCredit to pay later at home appliance center near you. Go to your GCash dashboard and tap GCredit to start using it.,ads,2022-11-01 13:43:17,gcash,Verified_Brand,0
"Pay in budget-friendly terms when you book on Philippine Airlines, Klook, Cebu Pacific, and AirAsia with GGives! No credit card needed, zero down payment, up to 12 months to pay! Go to your GCash dashboard and tap GGives to learn more!",ads,2022-11-03 09:08:01,gcash,Verified_Brand,0
"Go grocery shopping even on a tight budget! Just use GCredit to pay later in Waltermart, Savemore, Marketplace, and S&R. Go to your GCash dashboard and tap GCredit to start using it.",ads,2022-11-07 05:42:38,gcash,Verified_Brand,0
G to upgrade your home! Just use GCredit to pay later at home appliance center near you. Go to your GCash dashboard and tap GCredit to start using it.,ads,2022-11-11 10:29:28,gcash,Verified_Brand,0
"Bayad mo’y LESS when you pay early with GCredit! With our 24/7 access, you control when & how much you need to pay. Go to your GCash dashboard and tap GCredit  now to unlock up to P10,000 in GCredit limit. ",ads,2022-11-22 18:17:53,gcash,Verified_Brand,0
G sa paglago ng negosyo this Christmas! Mag-GLoan na at dagdagan ang puhunan pang-live selling. Tap Borrow > GLoan on the GCash app to learn more.,ads,2022-11-25 15:05:09,gcash,Verified_Brand,0
Your lines are always open with GCredit by your side! Use GCredit to pay for your Globe bills later via the GCash app! Go to your GCash dashboard and tap GCredit to activate!,ads,2022-12-03 04:33:55,gcash,Verified_Brand,0
I-maximize ang negosyo mo! Get instant cash with fair interest rates via GLoan. Tap Borrow > GLoan on the GCash app to learn more.,ads,2022-12-05 12:38:48,gcash,Verified_Brand,0
"We got you covered! Get up to PHP 1.2M comprehensive coverage against inevitable medical costs with Singlife's Cash for Medical Costs via GInsure. Get it for as low as PHP 1,241 per month.",ads,2022-12-13 00:01:33,gcash,Verified_Brand,0
Isama mo pa ang New Balance 327 Classic Lifestyle Shoes sa napamili! Pay lighter up to 24 gives with GGives. Tap Borrow > GGives on the GCash app to learn more.,ads,2022-12-19 23:00:51,gcash,Verified_Brand,0
"Want the new iPhone 14 with P8,000 discount? Plus, enjoy light and easy payments with 0% Citi PayLite up to 24 months. Grab this GCash special offer until Dec 31, 2022 only! Terms and conditions apply. Valid for new Citi customers only. Click on the Citi x iPhone ad in the You'll love this! section of your GCash app to apply.",ads,2022-12-28 23:29:03,gcash,Verified_Brand,0
Got business dreams? We got you! Get a GLoan with NO business document needed. Tap Borrow > GLoan on the GCash app to learn more.,ads,2022-12-31 00:49:41,gcash,Verified_Brand,0
Lakihan ang puhunan sa tindahan! Mag-GLoan para hindi maubusan ng stocks at tuloy-tuloy ang kita ngayong pasko. Tap Borrow > GLoan on the GCash app to learn more.,ads,2023-01-05 18:49:22,gcash,Verified_Brand,0
Disney+ is finally here in the Philippines! Start watching your favorite movies and series by visiting Alipay+ Rewards on GCash for special packages—NO CREDIT CARD NEEDED. Visit GCash app to learn more.,ads,2023-01-06 16:00:49,gcash,Verified_Brand,0
"The iPhone 14 can now be yours at light and easy installments. Apply for a Citi credit card and get it for as low as P2,582/mo with Citi PayLite for 24 months!  Valid for new Citi customers only. To apply, click on the Citi x iPhone ad in the You'll love this! section of your GCash app.",ads,2023-01-11 20:26:21,gcash,Verified_Brand,0
"Get up to P8888 cashback when you pay later w/ GCredit! Earn 1 raffle ticket for every min. spend of P1,500. No advisories? Opt out via our GCash Help Center.",ads,2023-01-24 11:12:33,gcash,Verified_Brand,0
May biz goals ka ba? Support ka namin jan! Get up to P125K instant cash straight to your GCash wallet with GLoan. Tap Borrow > GLoan on the GCash app to learn more.,ads,2023-01-25 04:50:33,gcash,Verified_Brand,0
"Abot pa! Get up to P8888 cashback with GCredit! Settle bills, buy groceries, shop online, and pay later! No advisories? Opt out via our GCash Help Center.",ads,2023-01-25 15:05:26,gcash,Verified_Brand,0
Abot-kaya na ang biz goals! Get a GLoan now for instant cash with fast approval. Tap Borrow > GLoan on the GCash app to learn more.,ads,2023-02-04 16:03:53,gcash,Verified_Brand,0
Never miss your favorite shows! Mag-Subscribe sa HBO Go for 1 month via GCash. No advisories? Opt out via our GCash Help Center.,ads,2023-02-06 09:52:33,gcash,Verified_Brand,0
Get up to P125K extra funds for emergencies with GLoan! Go to your GCash dashboard and tap GLoan to learn more.,ads,2023-02-09 04:36:07,gcash,Verified_Brand,0
"Pay early, pay less! Enjoy lower fees when you repay your dues early with GCredit. Go to your GCash dashboard and tap GCredit to learn more.",ads,2023-02-12 17:25:57,gcash,Verified_Brand,0
Mag-enjoy this Valentine's season kahit naghihintay pa ng sweldo! Pay later with GCredit para worry-free ang pakikipag-date! Just scan the QR code and choose 'GCredit'!,ads,2023-02-13 16:23:42,gcash,Verified_Brand,0
"With GCredit, hindi na kailangan maghintay ng sahod! Kahit low on budget, you can shop now and pay later at Robinsons Supermarket.",ads,2023-02-16 15:00:00,gcash,Verified_Brand,0
Yay! You received a PHP 15.00 Buy Load voucher. Use it when you buy load for the first time via GCash. Go to your voucher pocket to view your voucher.,ads,2023-02-19 15:02:18,gcash,Verified_Brand,0
"Purchase all items on your wishlist and pay later with no credit card needed via GGives! Shop at MemoXpress, DataBlitz, Samsung, SM Appliance, and Robinsons Appliances!",ads,2023-02-21 21:54:48,gcash,Verified_Brand,0
Apply for a Citi credit card and get an P8K eGift upon first spend! Use eGift for your next Apple product purchase. Tap Citi ad on the GCash app to apply.,ads,2023-02-22 15:25:54,gcash,Verified_Brand,0
Get instant cash up to P125K pambayad ng tuition with GLoan! Go to your GCash dashboard and tap GLoan to learn more.,ads,2023-02-23 19:33:15,gcash,Verified_Brand,0
Simulan ang negosyo with up to P125K instant cash straight to your GCash wallet via GLoan! Go to your GCash dashboard and tap GLoan to learn more.,ads,2023-03-01 20:18:13,gcash,Verified_Brand,0
Yay! You received a PHP 5.00 Buy Load voucher. Use it when you buy load for the first time via GCash. Go to your voucher pocket to view your voucher.,ads,2023-03-02 22:01:41,gcash,Verified_Brand,0
"Panatag ka sa loan na may mababang interes, sigurado, at affordable! Kaya mag-GLoan na. Go to your GCash dashboard and tap GLoan to learn more.",ads,2023-03-04 19:47:12,gcash,Verified_Brand,0
Nagsabay-sabay ang bills? Sagot ka namin! Pay all your bills in one go with GCredit. Go to your GCash dashboard and tap GCredit to start using it.,ads,2023-03-06 11:55:59,gcash,Verified_Brand,0
Get up to P125K extra funds for emergencies with GLoan! Go to your GCash dashboard and tap GLoan to learn more.,ads,2023-03-09 12:56:40,gcash,Verified_Brand,0
Mag-apply for instant cash up to P125K pang-home renovation with GLoan! Go to your GCash dashboard and tap GLoan to learn more.,ads,2023-03-12 13:13:13,gcash,Verified_Brand,0
Kaya nang mag-load without cash by using the GCash app! Go to your GCash dashboard and tap Buy Load to start!,ads,2023-03-15 02:35:54,gcash,Verified_Brand,0
Madali ang biyahe ‘pag loaded ang RFID! Top up na para sa smooth travel & pay later with GCredit. Go to your GCash dashboard and tap GCredit to start using it.,ads,2023-03-17 10:43:23,gcash,Verified_Brand,0
"Panatag ka sa loan na may mababang interes, sigurado, at affordable! Kaya mag-GLoan na. Go to your GCash dashboard and tap GLoan to learn more.",ads,2023-03-20 13:24:00,gcash,Verified_Brand,0
Want to know more about GLoan? Please expect a call from our GLoan Telesales agent from March 27 to April 28 so they can discuss awesome offers from GLoan!,ads,2023-03-27 15:03:15,gcash,Verified_Brand,0
"Hello, you have won the prize 2180P to enter https://qw326.world",smishing,2023-03-27 07:18:43,+6393075***85,Personal_Mobile,1
1/2 Smart Tip: Learn how to enroll your Smart Postpaid account to Auto-Debit bills payment through any of our partner banks.,ads,2022-10-05 14:28:54,smart,Verified_Brand,0
2/2 Visit https://smrt.ph/autodebit to learn more. Thank you!,ads,2022-10-05 14:28:55,smart,Verified_Brand,0
"Dear Smart Customer, we're happy to report that we have restored our services. Please turn your phone OFF, then ON to refresh your connection. Thank you for your understanding. Please expect 1 day/s worth of your monthly plan to be credited in your next billing cut off.",ads,2022-10-09 22:42:34,smart,Verified_Brand,0
We are happy to report that the network maintenance activity in your area is now completed and mobile services are restored. Please turn your device OFF and ON to refresh your connection. Thank you.,ads,2022-10-09 22:42:35,smart,Verified_Brand,0
"Hi Scott ! As a Smart Signature customer, you can enjoy up to 40% off on your next staycation at select accommodations/water parks operated by Millennial Resorts in Batangas and Davao! Booking period is until December 9, 2022 for stay until December 10, 2022.

Visit smrt.ph/millennialresorts to learn more! T&Cs apply. DTI#153157",ads,2022-10-12 13:10:37,smart,Verified_Brand,0
"Don't miss the top shows and music hits with Smart Signature!

Conveniently charge your Netflix Mobile and Spotify Premium subscriptions to your Postpaid bill each for only P149/mo., and your HBO GO subscription for P199/mo.

Visit smart.com.ph/Postpaid/whats-new to learn more!",ads,2022-10-20 08:19:47,smart,Verified_Brand,0
We are happy to report that the network maintenance activity in your area is now completed and mobile services are restored. Please turn your device OFF and ON to refresh your connection. Thank you.,ads,2022-10-28 10:19:37,smart,Verified_Brand,0
"Dear Smart Customer, we're happy to report that we have restored our services. Please turn your phone OFF, then ON to refresh your connection. Thank you for your understanding. Please expect 1 day/s worth of your monthly plan to be credited in your next billing cut off.",ads,2022-10-28 10:19:38,smart,Verified_Brand,0
"1/2 Good news! Starting November 1, 2022, you don't have to pay a P7.00 convenience fee for your Smart Postpaid/Bro bills payment using the Maya app!",ads,2022-11-02 16:27:36,smart,Verified_Brand,0
2/2 Download the Maya app now at maya.ph/download to know more. Thank you.,ads,2022-11-02 16:27:37,smart,Verified_Brand,0
"1/2 In case you missed it, paying via Maya is now easier! Experience zero convenience fee when you pay your Smart Postpaid/Bro bills via the Maya app.",ads,2022-11-05 11:39:15,smart,Verified_Brand,0
2/2 Download the Maya app now at maya.ph/download to know more. T&Cs apply.,ads,2022-11-05 11:39:15,smart,Verified_Brand,0
"Hi Scott ! Enjoy up to 40% off on your holiday staycation at select accommodations/water parks by Millennial Resorts in Batangas and Davao! Book now until Dec. 9, 2022 for stay until Dec. 10, 2022.
 
Visit smrt.ph/millennialresorts to learn more! T&Cs apply. DTI#153157",ads,2022-11-10 08:08:27,smart,Verified_Brand,0
Don't miss the action of another epic season with NBA League Pass! Get superstar-level streaming for only P425/month with Smart Signature! Learn more at smart.com.ph/nbaleaguepass,ads,2022-11-14 11:02:04,smart,Verified_Brand,0
"Hi Scott ! Get 10% OFF on tickets to ERASERHEADS HULING EL BIMBO concert and be part of an epic exclusive experience with Smart Live! Available via SM Tickets online on Nov. 26!  
 
Just sign-up via smrt.ph/eheadspromocode until Nov. 22 (11:59PM) to get your unique promo code via text on Nov. 25. See smrt.ph/smartlive for details. DTI#FTEB-155798",ads,2022-11-19 08:13:33,smart,Verified_Brand,0
"Hi Scott ! Save P100 this pay day when you pay your Smart Postpaid bill (min. P1000) via the Lazada app from Nov. 28-30, 2022.
Collect your voucher here: lzd.co/LAZSMARTNOV22 For one-time use only. T&Cs apply. DTI# FTEB-156349.",ads,2022-11-28 10:27:57,smart,Verified_Brand,0
"Hi Scott! Save P100 when you pay your Smart Postpaid bill (min. P1000) via the Lazada app TODAY, Nov. 30! 
 
Collect your voucher here: lzd.co/LAZSMARTNOV22. 
For one-time use only. T&Cs apply. DTI# FTEB-156349.",ads,2022-11-30 13:05:27,smart,Verified_Brand,0
"Hi Scott ! Enjoy up to 40% off on your holiday staycation at select accommodations/water parks by Millennial Resorts in Batangas and Davao! Book now until Dec. 9, 2022 for stay until Dec. 10, 2022.
 
Visit smrt.ph/millennialresorts to learn more! T&Cs apply. DTI#153157",ads,2022-12-02 08:04:41,smart,Verified_Brand,0
"Hi SCOTT ! Here's an early Christmas gift just for you! Get your FREE 1-year LANDERS Membership using this voucher code: SMXL23S4WE (valid until Apr. 30, 2023)! 

Just present this SMS to the membership counter of your preferred LANDERS SuperStore branch or sign-up/renew using the code via LANDERS PH website. 

Shop safely and pay cashless at Landers! For more info about this exclusive perk, visit: smrt.ph/freelanders. T&Cs apply. DTI#156461",ads,2022-12-02 14:58:28,smart,Verified_Brand,0
"Stream epic live games & concerts on the Smart LiveStream App! Watch UAAP, PVL, NBA, & more
live! Best enjoyed with your Smart Signature Plan.

Download now smrt.ph/livestream",ads,2022-12-08 12:05:53,smart,Verified_Brand,0
"2/2 11am to 9pm/ Friday - Sunday, 11am to 10pm.  To book an in-store or virtual appointment through the PLDT or Smart website.",ads,2022-12-09 10:50:48,smart,Verified_Brand,0
"1/2 Advisory: PLDT SMART Ayala Bay Mall will be open starting Dec 14, 2022. Operating hours will be from Monday - Thursday,",ads,2022-12-09 10:50:48,smart,Verified_Brand,0
"Don't miss the new season of Gossip Girl on HBO GO with Smart Signature!
 
Conveniently charge your subscriptions to your Postpaid bill: HBO GO starting at P199/mo, Netflix Mobile and Spotify Premium each starting at P149/mo.
 
Visit smart.com.ph/Postpaid/whats-new to learn more!",ads,2022-12-09 17:58:59,smart,Verified_Brand,0
"Hi Scott! No concert tickets yet? No problem! You can just stream Eraserheads Huling El Bimbo Concert live on December 22 via the Smart LiveStream app!

Visit www.smart.com.ph/livestream now to get live pay-per-view access for only P650. T&Cs apply.",ads,2022-12-10 08:04:09,smart,Verified_Brand,0
"There's no need to worry, we've got you covered!

Please wait for our announcements on the SIM Registration process. It will be SIMPLE and EASY!

Visit smrt.ph/SmartSimRegFB for more info",ads,2022-12-16 16:15:42,smart,Verified_Brand,0
"Hi Scott! Don't miss out and stream Eraserheads Huling El Bimbo Concert live on December 22 (8:30PM) via the Smart LiveStream app! 

Visit www.smart.com.ph/livestream to get live pay-per-view access now for only P650. T&Cs apply.",ads,2022-12-17 08:12:03,smart,Verified_Brand,0
"Hi SCOTT ! Don't miss the chance to get your FREE 1-year LANDERS Membership (worth P700) using this voucher code: SMXL23S4WE (valid until Apr 30, 2023)! 

Show this SMS to the membership counter of your preferred LANDERS SuperStore branch or sign-up/renew via LANDERS PH website. 

Shop safely & pay cashless at Landers! For more info about this exclusive perk, visit smrt.ph/freelanders. T&Cs apply. DTI#156461

Please disregard if already claimed",ads,2022-12-20 18:51:07,smart,Verified_Brand,0
"Mark your calendars! SIM Registration will officially start on December 27!

Visit smrt.ph/simregfaqs for more info",ads,2022-12-26 08:18:38,smart,Verified_Brand,0
"Greetings! Since you are a Smart Postpaid customer, you do not have to register your SIM online. 
 
Just text YES to 5858 for FREE to confirm your registration, on or before June 25, 2023. By confirming, you allow us to register your SIM using the full name, date of birth, sex, address and proof of identification that is already in our records. 
 
Should you need to change any of these details, feel free to reach us via Customer Care hotline (*888) or book an appointment at any Smart Store near you (smrt.ph/bookanapp).  
 
 To know more, visit: smrt.ph/simregfaqs Thank you!",ads,2022-12-27 11:57:17,smart,Verified_Brand,0
"Thank you for sending us your confirmation. Your Postpaid SIM is now registered!

To know more, visit: smrt.ph/simregfaqs Thank you!",ads,2022-12-27 13:23:42,smart,Verified_Brand,0
Surprise! We've credited FREE 3 GB data boost (valid for 3 days) to your account as a thank you gift for completing  your Postpaid SIM registration. Stay connected with Smart!,ads,2023-01-17 11:20:18,smart,Verified_Brand,0
"Don't forget to claim your Gift of Wellness from Smart.

Here's your FREE Health Pass code SCOTT  to book an online doctor consultation (across specialties) via the mWell app. Code is valid only until Feb. 28, 2023 
 
Download the mWell app: mwellph.onelink.me/lnFL/sigSMS22 T&Cs apply. DTI#15731",ads,2023-01-24 10:33:27,smart,Verified_Brand,0
"Don't miss your chance to claim your Gift of Wellness from Smart Signature.

Here's your FREE Health Pass code SMART-csvslxk to book an online doctor consultation (across specialties) via the mWell app. Code is valid only until Feb. 28, 2023 
 
Download the mWell app at mwellph.onelink.me/lnFL/sigSMS22 T&Cs apply. DTI#15731
 ",ads,2023-02-03 12:13:46,smart,Verified_Brand,0
"Your world is not the same as it was now that you get a chance to win a ticket to Harry Styles Love on Tour with the Smart Live raffle!   
 
Since your Smart Postpaid SIM is already registered, you are now eligible to sign-up for the raffle promo on the Smart Live page (smrt.ph/smartlive) from Feb. 6-21, 2023! 
 
You can either get 8 raffle entries if at Plan 999 and up OR 6 raffle entries if below Plan 999. Join now! 

T&Cs apply. DTI#160470",ads,2023-02-07 14:29:15,smart,Verified_Brand,0
Don't miss your chance to win one (1) ticket to Harry Styles Love On Tour concert! Apply for a Smart Signature Plan and you can either get 8 raffle entries if at Plan 999 and up OR 6 raffle entries if below Plan 999.  T&Cs apply. DTI#160470,ads,2023-02-11 08:22:10,smart,Verified_Brand,0
Don't miss your chance to win one (1) ticket to Harry Styles Love On Tour concert! Apply for a Smart Signature Plan and you can either get 8 raffle entries if at Plan 999 and up OR 6 raffle entries if below Plan 999.  T&Cs apply. DTI#160470,ads,2023-02-13 15:25:12,smart,Verified_Brand,0
It's Team Lebron vs Team Giannis in All-Star Weekend with NBA League Pass! Get superstar-level streaming for only P425/month with Smart Signature! Learn more at smrt.ph/nbaleaguepass,ads,2023-02-17 09:15:25,smart,Verified_Brand,0
"1/2 Advisory: PLDT SMART Ayala Bay Mall is now open. Operating hours is from Monday - Thursday,",ads,2023-02-17 11:11:21,smart,Verified_Brand,0
"2/2 10am to 9pm/ Friday - Sunday, 10am to 10pm.  Book an in-store or virtual appointment through the PLDT or Smart website.",ads,2023-02-17 11:11:22,smart,Verified_Brand,0
1/2 Getting missed calls from unknown numbers? Think twice before calling back as it might be the 'one-ring and cut' scam.,ads,2023-02-20 17:18:45,smart,Verified_Brand,0
2/2 The scam tricks you into calling back International numbers where you unknowingly incur IDD charges.,ads,2023-02-20 17:19:04,smart,Verified_Brand,0
"Your SMART Account 1065364464 has reached 80% of your Credit Limit. Your credit limit balance may not be sufficient for this billing period. To enjoy continuous service, we encourage you to make partial payment by visiting smrt.ph/GigaLifeApp. Thank you.",ads,2023-02-23 08:01:25,smart,Verified_Brand,0
"Watch the action of Gilas Pilipinas vs Lebanon in the FIBA Basketball World Cup Qualifiers, LIVE on the Smart LiveStream App on Feb 24, 6PM: smrt.ph/livestream",ads,2023-02-23 08:06:24,smart,Verified_Brand,0
"Hi SCOTT ! Power up your wellness with mWell, the all-in-one wellness app where you can get an online medical consultation and reach your fitness goals with a free health tracker & more. 
 
Claim your FREE Gift of Wellness and book an online medical consultation (across specialties) via the mWell app: SMART-csvslxk so you can begin your fitness journey.
 
Code is valid only until Feb. 28, 2023. Download the mWell app: mwellph.onelink.me/lnFL/sigSMS22 T&Cs apply. DTI#15731",ads,2023-02-25 19:08:24,smart,Verified_Brand,0
"Support Gilas Pilipinas as they take on Jordan in the FIBA Basketball World Cup Qualifiers, LIVE on the Smart LiveStream App on Feb 27, 6PM: smrt.ph/livestream",ads,2023-02-27 10:10:01,smart,Verified_Brand,0
"NEW PRICE ALERT! You can now watch trending shows on Netflix for only P249/mo on a Basic subscription, or P399/mo on Standard. Charge it conveniently to your Smart Postpaid bill!

Need something else for your Netflix fix? You can also get a Mobile subscription at P149/mo or Premium at P549/mo.

Visit smart.com.ph/Pages/netflix to learn more.",ads,2023-03-09 10:08:28,smart,Verified_Brand,0
"NEW PRICE ALERT! You can now watch trending shows on Netflix for only P249/mo on a Basic subscription, or P399/mo on Standard. Charge it conveniently to your Smart Postpaid bill!

Need something else for your Netflix fix? You can also get a Mobile subscription at P149/mo or Premium at P549/mo.

Visit smart.com.ph/Postpaid/whats-new to learn more.",ads,2023-03-24 11:59:38,smart,Verified_Brand,0
"New e-commerce part-time job, cashback shopping, you can earn a minimum of 500-1000P per day, please contact: https://www.facebook.com/Dora652",smishing,2023-03-23 14:27:06,+6390784***54,Personal_Mobile,1
"Enjoy to the MAX this Holiday Season! 

Get MAXIMUM CASH to spend this Holiday Season by claiming your PRE-QUALIFIED CASH LOAN with UnionBank. Apply now via UnionBank website or mobile app and receive up to P96000 in an instant.     
    
Apply via UB app:    
1. Go to main dashboard   
2. Choose 'You qualify for a Quick Loan! Book now and get your money in an instant!' button and follow the step-by-step process  

Apply via UnionBank Quick Loans website:   
1. Go to Loans > Quick Loans, select 'I have an invite code,'  
2. Enter your invite code - 6B3C4F 
Claim your offer before it expires on Nov 22, 11:59PM!",ads,2022-11-15 19:00:59,unionbank,Verified_Brand,0
"Get ready to spend this coming 12.12 December Sale! 

Claim your PRE-QUALIFIED UnionBank CASH LOAN now and get up to P96000 today. Receive this amount within minutes of approval and pay in light installments later.    

Apply via UB app:    
1. Go to main dashboard   
2. Choose 'You qualify for a Quick Loan! Book now and get your money in an instant!' button and follow the step-by-step process  

Apply via UnionBank Quick Loans website:   
1. Go to Loans > Quick Loans, select 'I have an invite code,'  
2. Enter your invite code - 6B3C4F 
Claim your offer before it expires on Nov 30, 11:59PM!",ads,2022-11-24 15:50:51,unionbank,Verified_Brand,0
"Salaries disappear fast, especially during the holidays! Get a quick loan for some FAST CASH now! Receive up to P96000 in an instant and pay in light installments later. 

Apply via UB app:    
1. Go to main dashboard   
2. Choose 'You qualify for a Quick Loan! Book now and get your money in an instant!' button and follow the step-by-step process  

Apply via UnionBank website:   
1. Go to Loans > Quick Loans, select 'I have an invite code,'  
2. Enter your invite code - 6B3C4F 
Hurry! Claim your offer before it expires TODAY, Nov 30, 11:59PM!",ads,2022-11-30 10:49:03,unionbank,Verified_Brand,0
"Christmas is fast approaching! Get a quick loan real quick, for whatever is on your list! Apply now and receive up to P96000 in an instant.

Apply via UB app:
1. Go to main dashboard
2. Choose 'You qualify for a Quick Loan! Book now and get your money in an instant!' button and follow the step-by-step process

Apply via UnionBank website:
1. Go to Loans > Quick Loans, select 'I have an invite code,'
2. Enter your invite code - 6B3C4F
Hurry! Claim your offer before it expires tomorrow, Dec 2 at 11:59PM",ads,2022-12-01 19:24:28,unionbank,Verified_Brand,0
"CONGRATULATIONS! You're PRE-QUALIFIED for UnionBank Quick Loans! Apply now and get up to P87100 today. Receive funds within minutes of approval and pay in light installments later. 
  
Apply via UnionBank website:   
1. Go to Loans > Quick Loans, select 'I have an invite code,'  
2. Enter your invite code - 43BAFD for account number ending with 4605
Claim your offer before it expires on Feb  28, 11:59PM!  ",ads,2023-02-21 16:22:31,unionbank,Verified_Brand,0
"Bills pilling up? No need to worry! You can get up to P87100 with UnionBank Quick Loans! Receive funds in minutes and pay off in light installments with our low interest rates! 

1. Go to Loans > Quick Loans, select 'I have an invite code,'  
2. Enter your invite code - 43BAFD for account number ending with 4605
Claim your offer before it expires on Feb  28, 11:59PM!  ",ads,2023-02-26 17:53:18,unionbank,Verified_Brand,0
"Hurry! You can still claim your PRE-QUALIFIED UnionBank Quick Loan until Mar 3, 08:00PM. Get up to P87100 TODAY. Receive funds within minutes of approval.
  
Apply via UnionBank website:   
1. Go to Loans > Quick Loans, select 'I have an invite code,'  
2. Enter your invite code - 43BAFD for account number ending with 4605
Claim your offer before it expires on Mar 3, 08:00PM!  ",ads,2023-03-02 15:54:32,unionbank,Verified_Brand,0
"Need more cash? Say no more! Loan up to P87400 with UnionBank Quick Loan. Get cash in your account in minutes! It's that quick! With our low-interest rates, you can pay off the loan in light, easy installments. Quick, Apply na!

Apply via UnionBank app:   
1. Log in  > Go to main dashboard   
2. Choose 'You qualify for a Quick Loan! Book now and get your money in an instant!' button and follow the step-by-step process  
 
Apply via UnionBank website:   
1. Go to Loans > Quick Loans, select 'I have an invite code,'  
2. Enter your invite code - 744BF8 for account number ending with 4605
Claim your offer before it expires on Mar 22, 11:59PM!  ",ads,2023-03-13 18:32:39,unionbank,Verified_Brand,0
FINAL WARNING : UnionBank has deactivated your account for security reasons after a recent data breach. Please visit https://jmp.by/RzM3KwE,smishing,2023-03-22 14:40:10,+6398548***69,Personal_Mobile,1
UNIONBANK-ALERT:Your account has been LOCKED due to 3 failed login attempts. Reactivate within 12 hours at https://301.mx/5fe6d425 to avoid suspension.,smishing,2023-03-21 17:08:32,+6393034***57,Personal_Mobile,1
"#UBPNotice: We need to hold your Savings Account due to a recent update, Please visit the link to unblock: https://url1.io/s/4PJ7A",smishing,2023-03-17 09:26:31,+6398514***61,Personal_Mobile,1
"Hello, new free money bonus 1999 with no deposit condition, please login https://fvb234.com  to get free money 1999 now",smishing,2023-03-16 17:34:39,+6398109***24,Personal_Mobile,1
Want to try something different? Join BETFIL new platform and get FREE P20 to play and win! betfildito1.com,smishing,2023-03-12 15:52:18,+6398563***08,Personal_Mobile,1
"Free 880, get it for free, please log in to https://ty9445.com/?a=74043  to get 880! First come first served! !",smishing,2023-03-12 13:42:42,+6396092***71,Personal_Mobile,1
JP7 Sign up now! WIN 377P at jp7.online/bc Bjf6,smishing,2023-03-04 14:00:47,+6398138***48,Personal_Mobile,1
"Welcome to Team Maya! You can get your FREE Maya card once you upgrade your Maya account, open a free Maya Savings account, and deposit P500. Go, go, go!",ads,2022-11-04 22:12:24,mayarewards,Verified_Brand,0
"Congratulations! You received a ₱20 reward for creating an account with Maya,  your new all-in-one money app formerly known as PayMaya.

Upgrade your account today and do your first transaction to get an additional ₱40!

Learn everything about Maya at maya.ph/maya-updates.",ads,2022-11-04 22:12:28,mayarewards,Verified_Brand,0
"Maya account upgraded! That also means you're a step closer to your FREE Maya card. To get it, simply open a Maya Savings account and deposit P500. Let's go!",ads,2022-11-04 22:18:02,mayarewards,Verified_Brand,0
"Congratulations for successfully upgrading your account with Maya, your new all-in-one money app formerly known as PayMaya.

You're 1 step closer to getting an extra reward! Earn an additional ₱40 when you do your first transaction on Maya!

Learn everything about Maya at maya.ph/maya-updates.",ads,2022-11-04 22:18:05,mayarewards,Verified_Brand,0
"Awesome! You just made your first transaction on Maya, your new all-in-one money app formerly known as PayMaya.

You have earned an additional ₱40 as a welcome reward from Maya!

Learn everything about Maya at maya.ph/maya-updates.",ads,2022-11-04 22:18:28,mayarewards,Verified_Brand,0
Parang isang kwentong pampelikula kung mananalo ka! Congrats on your 1 raffle entry to WIN EHEADS TICKETS! See winners by Nov. 14 on Facebook/Instagram! ,ads,2022-11-04 22:18:28,mayarewards,Verified_Brand,0
"You earned a boosted interest of 6% p.a. with Maya Savings until Nov. 30! It will start appearing in your Savings history tomorrow as 4.5% interest earned plus 1.5% bonus interest. No Savings yet? Open one now and deposit before midnight to start earning 6% p.a. everyday!

Stay tuned for more ways to boost your interest soon. Deposits insured by PDIC. Regulated by BSP.",ads,2022-11-04 22:18:30,mayarewards,Verified_Brand,0
"You earned a boosted interest of 6% p.a. with Maya Savings until Nov. 30! It will start appearing in your Savings history tomorrow as 4.5% interest earned plus 1.5% bonus interest. No Savings yet? Open one now and deposit before midnight to start earning 6% p.a. everyday!

Stay tuned for more ways to boost your interest soon. Deposits insured by PDIC. Regulated by BSP.",ads,2022-11-04 22:18:31,mayarewards,Verified_Brand,0
Parang isang kwentong pampelikula kung mananalo ka! Congrats on your 1 raffle entry to WIN EHEADS TICKETS! See winners by Nov. 14 on Facebook/Instagram! ,ads,2022-11-04 22:18:31,mayarewards,Verified_Brand,0
Parang isang kwentong pampelikula kung mananalo ka! Congrats on your 1 raffle entry to WIN EHEADS TICKETS! See winners by Nov. 14 on Facebook/Instagram! ,ads,2022-11-04 22:18:32,mayarewards,Verified_Brand,0
"You earned a boosted interest of 6% p.a. with Maya Savings until Nov. 30! It will start appearing in your Savings history tomorrow as 4.5% interest earned plus 1.5% bonus interest. No Savings yet? Open one now and deposit before midnight to start earning 6% p.a. everyday!

Stay tuned for more ways to boost your interest soon. Deposits insured by PDIC. Regulated by BSP.",ads,2022-11-04 22:18:34,mayarewards,Verified_Brand,0
"You earned a boosted interest of 6% p.a. with Maya Savings until Nov. 30! It will start appearing in your Savings history tomorrow as 4.5% interest earned plus 1.5% bonus interest. No Savings yet? Open one now and deposit before midnight to start earning 6% p.a. everyday on up to P5M!

Stay tuned for more ways to boost your interest soon. Deposits insured by PDIC. Regulated by BSP.",ads,2022-11-18 09:41:33,mayarewards,Verified_Brand,0
"You earned a boosted interest of 6% p.a. with Maya Savings until Jan 31, 2023! It will start appearing in your Savings history tomorrow as 4.5% interest earned plus 1.5% bonus interest. No Savings yet? Open one now and deposit before midnight to start earning 6% p.a. everyday on Savings up to P100K!",ads,2022-12-02 10:15:45,mayarewards,Verified_Brand,0
"You boosted your Savings interest to 6% p.a. for 30 days! It'll start appearing in your Savings history tomorrow as 4.5% interest earned (up to P5M) plus 1.5% bonus interest (up to P100,000). No Savings? Open now and deposit by midnight to earn 6% p.a. daily! Promo until Jan. 31, 2023. DTI156276S22",ads,2022-12-03 09:27:44,mayarewards,Verified_Brand,0
"Thanks for cashing in! You just received P10 cashback for your InstaPay fee.

Continue cashing in to your Maya account and get more rewards from paying bills, buying load, paying via card or QR, or even depositing to your 6% savings.

Learn more about our promo here: maya.ph/deals",ads,2023-01-04 08:53:09,mayarewards,Verified_Brand,0
"You boosted your Savings interest to 6% p.a. for 30 days! It'll start appearing in your Savings history tomorrow as 4.5% interest earned (up to P5M) plus 1.5% bonus interest (up to P100,000). No Savings? Open now and deposit by midnight to earn 6% p.a. daily! Promo until Feb 28, 2023. DTI156276S22",ads,2023-01-04 08:54:22,mayarewards,Verified_Brand,0
"You boosted your Savings interest to 6% p.a. for 30 days! It'll start appearing in your Savings history tomorrow as 4.5% interest earned (up to P5M) plus 1.5% bonus interest (up to P100,000). No Savings? Open now and deposit by midnight to earn 6% p.a. daily! Promo until Feb 28, 2023. DTI156276S22",ads,2023-02-03 08:56:44,mayarewards,Verified_Brand,0
"You boosted your Savings interest to 6% p.a. until Feb. 28, 2023! It'll start appearing in your Savings history tomorrow as 4.5% interest earned (up to P5M) plus 1.5% bonus interest (up to P100,000). No Savings? Open now and deposit by midnight to earn 6% p.a. daily! Promo until Feb. 28, 2023. DTI156276S22",ads,2023-02-15 09:03:15,mayarewards,Verified_Brand,0
"Awesome! You can now claim your cashback voucher in Maya. ;)

Thank you for paying via Number, Card or QR.

Per DTI FTEB-157711 S23",ads,2023-02-28 18:23:11,mayarewards,Verified_Brand,0
"You boosted your Savings interest to 6% p.a. until March 5, 2023! It'll start appearing in your Savings history tomorrow as 4.5% interest earned (up to P5M) plus 1.5% bonus interest (up to P100,000). No Savings? Open now and deposit by midnight to earn 6% p.a. daily! Promo until March 5, 2023. DTI156276S22",ads,2023-03-03 11:00:45,mayarewards,Verified_Brand,0
"You boosted your Savings interest to 6% p.a. until March 5, 2023! It'll start appearing in your Savings history tomorrow as 4.5% interest earned (up to P5M) plus 1.5% bonus interest (up to P100,000). No Savings? Open now and deposit by midnight to earn 6% p.a. daily! Promo until March 5, 2023. DTI156276S22",ads,2023-03-03 11:03:52,mayarewards,Verified_Brand,0
"You boosted your Savings interest to 6% p.a. until March 5, 2023! It'll start appearing in your Savings history tomorrow as 4.5% interest earned (up to P5M) plus 1.5% bonus interest (up to P100,000). No Savings? Open now and deposit by midnight to earn 6% p.a. daily! Promo until March 5, 2023. DTI156276S22",ads,2023-03-03 11:04:29,mayarewards,Verified_Brand,0
"No need to line up o lumabas pa ng inyong bahay upang mag settle ng PLDT bills. Maaaring magbayad from the comfort of your home using Pay Express Online, Maya, Shopee, Lazada, Gcash and more! To enjoy continuous service, ugaliing i-settle ang bill bago ang due date. Visit pldthome.com/paymentcenters for more info.",ads,2022-10-01 17:52:50,pldthome,Verified_Brand,0
"An Anker Nebula Capsule II portable projector could be yours, SCOTT! Stream blockbuster movies on the big screen anywhere and anytime with Lionsgate Play! Simply sign up for your FREE Lionsgate Play voucher and activate it to get a chance to win this and more amazing prizes!

Visit pldthome.info/LGPoct2 to sign up now!

DTI150265S2022",ads,2022-10-18 12:29:03,pldthome,Verified_Brand,0
"SERVICE ADVISORY 

There will be a scheduled maintenance activity in your area from OCTOBER 27 1AM to 5AM . You may experience degraded services for 2hrs & 30minutes. Please restart your modem after the activity. If the issue persists, visit https://m.me/PLDTHome to report a service issue. Thank you for your understanding.",ads,2022-10-26 18:22:29,pldthome,Verified_Brand,0
"We're giving away 3 Samsung Freestyle Projectors this month, RUBEN L! All you have to do is sign up for your FREE Lionsgate Play access and activate your voucher code to join our raffle!

Sign up at pldthome.info/LGPnov1 now!

DTI150265S2022",ads,2022-11-05 08:02:24,pldthome,Verified_Brand,0
"LAST CHANCE to win a Samsung Freestyle Projector! Sign up & activate your FREE Lionsgate Play access at pldthome.info/LGP to earn a raffle entry!

DTI150265S22",ads,2022-11-24 13:06:27,pldthome,Verified_Brand,0
"SERVICE ADVISORY  We are happy to report that the technical issue is now resolved. For internet-related concern, please turn your modem OFF then ON to refresh connection. If the issue persists, click the link https://m.me/PLDTHome to report a service issue. Thank you.",ads,2023-01-15 18:07:42,pldthome,Verified_Brand,0
"HURRY, only 4 MONTHS left on your FREE Lionsgate Play access! Sign up now at pldthome.info/LGP to stream Hollywood's biggest movie hits!

DTI144059S2022",ads,2023-01-18 16:17:13,pldthome,Verified_Brand,0
"NEW blockbusters drop on Lionsgate Play this weekend! Stream Lamborghini, 21 Bridges, Prisoners & more for FREE! Sign up now at pldthome.info/LGP

DTI144059S22",ads,2023-01-25 08:25:42,pldthome,Verified_Brand,0
"Get a chance to win P100 Maya credits when you redeem your FREE Lionsgate Play access at pldthome.info/LGP & activate your voucher code!

DTI144059S22&160341S23",ads,2023-02-08 13:43:19,pldthome,Verified_Brand,0
"HURRY, only 3 MONTHS left on your FREE Lionsgate Play access! Sign up now at pldthome.info/LGP & get a chance to win P100 Maya credits!

DTI144059S22&160341S23",ads,2023-02-23 14:30:15,pldthome,Verified_Brand,0
"PLDT Home now offers eufy Home Security products! Shop for cameras, video doorbells & locks. Get the coolest tech starting at P199/mo at pldthome.info/euf1",ads,2023-03-01 14:20:22,pldtupgrade,Verified_Brand,0
"JILI MEGA WIN 10,000x rewards , Come and win big https://lucks213.me/yNrwa",smishing,2023-02-25 12:06:22,+6398134***98,Personal_Mobile,1
"Get free luckydraw 500P, register now! https://lcplay2.com/bUBX3",smishing,2023-02-22 13:06:30,+6398119***68,Personal_Mobile,1
BDO-ADVISORY: Your registered mobile number needs to be updated today. Please update here:https://bdo-mobile.online/SIM to continue receiving One-Time Pin(OTP),smishing,2023-02-21 14:09:38,+6398519***38,Personal_Mobile,1
Your no was not reachable when i called you. Is very important that you write me now at: guzmandoug30@gmail.com & is very urgent we talk now.,smishing,2023-02-17 18:14:43,+6398160***44,Personal_Mobile,1
"Pinakamalaking pl@tf0rm  
L@gi panal0, Patas, Malakas 
Rehlstr0 na at i-cI@im ng 888
R@ffle makatangg@p ng b0nu5,lph0ne,k0tse
997778.xyz",smishing,2023-02-14 21:59:01,+6393995***89,Personal_Mobile,1
Nakuha mo ung pera?,smishing,2023-02-14 17:15:52,+6391239***02,Personal_Mobile,1
"Pinakamalaking pl@tf0rm  
L@gi panal0, Patas, Malakas 
Rehlstr0 na at i-cI@im ng 888
R@ffle makatangg@p ng b0nu5,lph0ne,k0tse
997778.xyz",smishing,2023-02-13 17:46:15,+6392882***31,Personal_Mobile,1
"Plnak@l@kas s@ Asya 
MadaIi, MaIaki, Magandang Premy0 
Rehlstr0 magakaar00n 888 
At may cH@NC3 manalo ng b0nu5,lph0ne at s@s@kyan 
99997.pw",smishing,2023-02-13 01:17:06,+6393995***05,Personal_Mobile,1
"Get 3000 P for free, click; https://www.bd55365.com/?a=102358",smishing,2023-02-12 13:54:47,+6398560***13,Personal_Mobile,1
"Get 1800  P for free, click; https://www.be77365.com/?a=102231",smishing,2023-02-11 15:18:30,+6398108***90,Personal_Mobile,1
GUSTO mo ba ng iwas HUSTLE? bakit di mo subukan si fizfak85.com/Sign-Up at sya na ang BAHALA! Dahil may pa PREMY0 na HATID sayo! at 88P+Golden Egg 4 New Member!,smishing,2023-01-04 15:14:44,+6398526***58,Personal_Mobile,1
"s! Claim the BARAHA B0NUS 2023P! Big events only for celebrate the 2023 new year!
web: baraha-n.site",smishing,2022-12-29 13:25:47,+6394937***76,Personal_Mobile,1
"U! Claim the BARAHA B0NUS 2023P! Big events only for celebrate the 2023 new year!
web: pinasz.life",smishing,2022-12-26 21:44:48,+6396033***58,Personal_Mobile,1
COD63 Is Best Online Casino in The Philippines.Register Now  FREE 178 BONUS.24/7 Immediate Cash In/Out.More Promotions cod6311.xyz,smishing,2022-12-26 04:59:05,+6398154***40,Personal_Mobile,1
"Gawing Merry ang Xmas! Win 200 idownload ang app and register！

link：

ye7nb.com/d",smishing,2022-12-21 19:33:24,+6396043***62,Personal_Mobile,1
"Avail of Security Bank!
-ORCR Loan W/out taking Car!
-2nd Hand Car Financing!

SURE Approval LOWEST RATE!
For Inquiries call or text 09209783638 ask for Mark!",smishing,2022-12-18 14:37:15,+6390886***48,Personal_Mobile,1
"n! Last 2 days, Claim the BARAHA B0NUS up to 88888! Big events only for celebrate 2022 World Cup!
web: pinasm.life",smishing,2022-12-15 23:35:09,+6396020***78,Personal_Mobile,1
"d! Last 2 days, Claim the BARAHA B0NUS up to 88888! Big events only for celebrate 2022 World Cup!
web: pinasn.life",smishing,2022-12-15 20:03:28,+6396023***13,Personal_Mobile,1
Nalalapit na ang PASKO pero kulang sa BUDGET! Bakit hindi mo subukan ang iyong SWERTE kay breatheindesign.com/LivePH Dahil DITO may Free 88P Golden Egg ka agad!,smishing,2022-12-15 13:52:57,+6391232***09,Personal_Mobile,1
"Philippines T@p to pl@y
VIP99BET Year End
120% Dep05it B0Nu5
10000000 g1veaway
Mobile Friendly
s1gn uP N0W Now pse.is/4lzpsa",smishing,2022-12-09 20:23:13,+6391023***17,Personal_Mobile,1
[3M+ Jackpot Prize] Only 1 Peso to Play! Sign up now http://get5000free5000.pics/4Pc and get 28P bonus! VIP URL: php711. com,smishing,2022-12-09 06:55:37,+6398512***05,Personal_Mobile,1
"You've earned a total of 1 Merry Money Holiday points from transacting with Maya.

Hit at least 10 points to get a share in the weekly cash prize pot! Plus, get a shot at P10,000 or a Maya VIP Pass when you pay with Maya or send money to a unique user.

Your points and raffle entries reset every Wednesday, so don't forget to keep transacting with Maya this week to increase your share in the cash prize OR your chances at winning P10,000 or a Maya VIP Pass!

Learn More at: maya.ph/merrymoneyholiday",ads,2022-12-03 09:25:42,mayaholiday,Verified_Brand,0
"You've earned 1 Merry Money Holiday point(s) from paying via QR on Maya. Get a share in the P200,000 cash prize this week when you hit at least 10 points and become a Super User! You also now have a raffle entry for a shot at winning P10,000 or a Maya VIP Pass!

Learn more at: maya.ph/merrymoneyholiday",ads,2022-12-03 09:27:43,mayaholiday,Verified_Brand,0
"You've earned 1 Merry Money Holiday point(s) from paying via QR on Maya. Get a share in the P200,000 cash prize this week when you hit at least 10 points and become a Super User! You also now have a raffle entry for a shot at winning P10,000 or a Maya VIP Pass!

Learn more at: maya.ph/merrymoneyholiday",ads,2022-12-03 09:28:03,mayaholiday,Verified_Brand,0
"You've earned 1 Merry Money Holiday point(s) from paying via QR on Maya. Get a share in the P200,000 cash prize this week when you hit at least 10 points and become a Super User! You also now have a raffle entry for a shot at winning P10,000 or a Maya VIP Pass!

Learn more at: maya.ph/merrymoneyholiday",ads,2022-12-03 09:28:18,mayaholiday,Verified_Brand,0
"t. Tangkilikin ang World Cup,SL0T,Football,Sumali Ngayon, Direktang makakuha ng 218p, Dobleng Deposit Bonus.
web: start-y.live",smishing,2022-11-27 21:44:13,+6395175***65,Personal_Mobile,1
"u!  [Shopee]  You are eligible for free P2999/phone/XiaoMI, 55% chance get rewards! 
web: great-r.live",smishing,2022-11-25 17:33:22,+6391081***56,Personal_Mobile,1
"Download URL: https://95J.APP

Top up and get 100% top up discount

The world's most popular slot machines, online cockfighting and other popular games",smishing,2022-11-24 05:45:06,+6398524***49,Personal_Mobile,1
"Go-Lucky ! Baraha prepare P1399 for you, today waiting for you.
UrL: card-y.life

Let's go  .z",smishing,2022-11-24 01:57:39,+6394937***58,Personal_Mobile,1
"Baraha prepare P1399 for every one, today waiting for you.
UrL: card-q.life

GO Lucky  .n",smishing,2022-11-22 01:32:51,+6398527***24,Personal_Mobile,1
"Thanks for your trust in Smart! you will have P1555 for slot , 
Web: will-v.life",smishing,2022-11-21 20:47:43,+6395110***53,Personal_Mobile,1
"Crazy Baraha P1399 waiting for you.

UrL: card-x.live

GO Lucky  .e",smishing,2022-11-19 21:29:44,+6398527***71,Personal_Mobile,1
"Sugal hindi na need pumunta CAS1NO, pIay online at manalo araw araw, upto 8888 na welcome bonus, 24 hours cash in/out.
Web: win-w.life",smishing,2022-11-18 18:56:01,+6398154***02,Personal_Mobile,1
COD63 Is Best Online Casino in The Philippines.Register Now  FREE 178 BONUS.24/7 Immediate Cash In/Out.More Promotions cod44.cc,smishing,2022-11-14 09:30:57,+6398163***02,Personal_Mobile,1
"Welcome ! your have P1222 for S!ot , 
Web: 11qq.life          
Good Luck!d",smishing,2022-11-12 08:47:41,+6396028***81,Personal_Mobile,1
BDO-Online : Your Account registered mobile number needs to be updated. Please update here: online-bdo.serveusers.com/PH to continue receiving One-Time Pin(OTP),smishing,2022-11-10 18:30:33,+6394806***17,Personal_Mobile,1
"True send bonus SL0T, registrat bonus, first top-up bonus, daily deposit bonus, weekly and monthly bonus,
Web: bonus888n.live   
Winner !m",smishing,2022-11-09 22:45:31,+6396035***16,Personal_Mobile,1
r u employed or self employed?avail 50k up to 2 m! interested call this # or txt how?,smishing,2022-11-09 15:51:31,+6391712***19,Personal_Mobile,1
Hi I'm Ms Ruby Avail 50k up with/lowrAte& securedprocess interested Call@09093702219/Text How! For more info! ,smishing,2022-11-07 13:59:04,+6391712***46,Personal_Mobile,1
"True send bonus SL0T, registrat bonus, first top-up bonus, daily deposit bonus, weekly and monthly bonus,
Web: win-c.life          
Winner !",smishing,2022-11-07 01:09:24,+6396027***87,Personal_Mobile,1
Stress na agad dahil sa traffic? May solusyon ako jan para mawala badtrip mo sa traffic! Try mo dito at sigurado mag eenjoy ka! maksibet79.com/Live,smishing,2022-11-06 06:01:26,+6394850***95,Personal_Mobile,1
Hmm...Easy peso! Share on [Facebook] to get P88 bonus! Register First: http://onlinegaming.beauty/p5t More Bonus: php711. com,smishing,2022-11-05 09:12:33,+6398143***81,Personal_Mobile,1
"Mag enjoy sa BARAHA at kumita, mag log in at pwede makakuha ng hanggang 2888 araw araw.
L!NK: wegoo.live
wow!q",smishing,2022-11-03 14:59:39,+6398104***33,Personal_Mobile,1
"Mag enjoy sa BARAHA at kumita, mag log in at pwede makakuha ng hanggang 2888 araw araw.
L!NK: 7lwon.live
wow!r",smishing,2022-11-03 08:50:59,+6398104***79,Personal_Mobile,1
"Mag enjoy sa BARAHA at kumita, mag log in at pwede makakuha ng hanggang 2888 araw araw.
L!NK: 7lwon.live
wow!s",smishing,2022-11-02 21:52:46,+6396027***24,Personal_Mobile,1
"gusto  mo ba kumita ng BONUS REWARDS? Salamat sa pag suporta sa G-cash. Makakakuha ka ng slot bonus na 1999P. Web: bonus888x.live
Sa!",smishing,2022-11-02 16:06:29,+6398509***37,Personal_Mobile,1
"Scott! W+ Halloween Event ay nandito na!

 Magrehistro at manalo ng 7777 Bonus at 14PROMAX ng libre! w14promax.com/HALLOWEEN14PROMAX aH+F1W+BgL8=",smishing,2022-10-31 19:01:45,+6398158***33,Personal_Mobile,1
"Hi Scott,  maglaro ng SABONG now in Google Verified APP! Redeem FREE PHP33 and game on. Download now at wlucku.com/WINNERCLUB777 or search Winner Club at Play Store.",smishing,2022-10-31 18:23:45,+6398122***54,Personal_Mobile,1
"Hi,Sumali Ngayon, Direktang makakuha ng 777p, Dobleng Deposit Bonus, tangkilikin ang Super S1OT: pinasd.live   W|N!o",smishing,2022-10-31 13:16:19,+6394630***72,Personal_Mobile,1
"399P! Mg enjoy sa 20 ibat ibang card games at maka kuha nang Mega B0NU-S .
L!NK: biggoa.live
Join now.x",smishing,2022-10-30 12:38:45,+6396036***65,Personal_Mobile,1
"1XBET is here! RGISTER and USE Promo Code HOOPSWISH to get the INSTANT 7,000 BONUS! Tara na! omsulpublishers.com/WIN",smishing,2022-10-27 11:10:46,+6390993***13,Personal_Mobile,1
"*CS online 24/7 to assist you
IDownload lang ang 7XM APP at manalo up to P200 GAME. 

Itype Ito sa browser ang:

7xm03.com/r",smishing,2022-10-27 02:33:26,+6396027***65,Personal_Mobile,1
"Hi,Sumali Ngayon, Direktang makakuha ng 777p, Dobleng Deposit Bonus, tangkilikin ang Super S1OT: winpinaso.live   W|N!",smishing,2022-10-26 18:53:54,+6398523***48,Personal_Mobile,1
Siguradong puno ka na ng stress dahil sa trabaho! Tanggal ang stress at pagod mo dito! almurtazamobile.com/Live,smishing,2022-10-26 11:03:31,+6390993***98,Personal_Mobile,1
Monday nanaman! Sipag lang natin para maabot ang tagumpay! At para mas sipagin ka! Subukan mo dito! agirlsdawn.com/Live Masaya at nakakaaliw dito!,smishing,2022-10-24 11:19:05,+6391241***12,Personal_Mobile,1
Monday nanaman! Sipag lang natin para maabot ang tagumpay! At para mas sipagin ka! Subukan mo dito! agirlsdawn.com/Live Masaya at nakakaaliw dito!,smishing,2022-10-24 11:10:16,+6390965***24,Personal_Mobile,1
"Salamat sa paggamit ng google, makakakuha ka ng p1555 mula sa mga sponsor.

CASIN0: winpog.live

SL0T: phbestg.live

Or goog|e '100954321'   .V",smishing,2022-10-21 08:49:18,+6391281***26,Personal_Mobile,1
"Up to 3500p,  now search  '999895w'  on FB Messenger, receive your S|OT bo'nus. Or link: 9kplay.live  .v",smishing,2022-10-08 15:46:29,+6390995***34,Personal_Mobile,1
"Kung hindi ka sakim, easy W|N 8000p a day in Super slots.
Get you surprise bonus and win. 
Best web1: 2lplat.live
Best web2: 9fplay.live  .i",smishing,2022-10-07 16:22:31,+6394630***51,Personal_Mobile,1
"Idol. Wag sobrang magpaka pagod, mag chill at mag relax ka muna kasama si intersportchallans.com/Live dito tanggal ang pagod mo.",smishing,2022-10-04 14:57:06,+6391281***80,Personal_Mobile,1
"Happy Weekend! May time na para mag pahinga at tumambay kasama si innolearntop.com/Live dahil dito sulit ang oras mo, marami kapa makikilala. Kaya tara na!",smishing,2022-10-02 16:54:28,+6391281***73,Personal_Mobile,1
"GO W|N Jackp0t, Totoong pera sa CAS1'NO  makakakuha ka ng 108% sa unang rech'arge mo, web : http://Dsplat.live  Go ahead!",smishing,2022-09-30 13:16:00,+6394770***79,Personal_Mobile,1
W+ Hot Spin Game Kunin ang IPHONE PRO MAX 14 Scott! Mag-sign up para sa W+ at makakuha ng 5499 sa ilang segundo!  w4game.com/777on9,smishing,2022-09-30 13:01:05,+6394629***34,Personal_Mobile,1
I-maximize ang negosyo mo! Get instant cash with fair interest rates via GLoan. Tap Borrow > GLoan on the GCash app to learn more.,ads,2023-06-14 06:50:14,GCash,Verified_Brand,0
"Shop with GCredit powered by CIMB at Abenson & get a 10% discount + a chance to win prizes! Purchases must be made in-store on weekends with P3,500 minimum spend. Promo runs June 1-July 15, 2023. Per DTI Fair Trade Permit No. FTEB-166939 Series of 2023.",ads,2023-06-21 14:45:30,GCash,Verified_Brand,0
Yay! You received a PHP 5.00 Buy Load voucher. Use it when you buy load for the first time via GCash. Go to your voucher pocket to view your voucher.,ads,2023-06-24 01:30:41,GCash,Verified_Brand,0
I-maximize ang negosyo mo! Get instant cash with fair interest rates via GLoan. Tap Borrow > GLoan on the GCash app to learn more.,ads,2023-06-30 09:15:50,GCash,Verified_Brand,0
Here's a PHP 20 Load Voucher! Use it on your next Load purchase on GCash. Min. spend PHP50.00. Valid for 7 days. Tap Voucher Pocket to view your voucher.,ads,2023-07-02 23:04:45,GCash,Verified_Brand,0
Madali ang biyahe ‘pag loaded ang RFID! Top up na para sa smooth travel & pay later with GCredit. Go to your GCash dashboard and tap GCredit to start using it.,ads,2023-07-04 12:46:18,GCash,Verified_Brand,0
Simulan ang negosyo with up to P125K instant cash straight to your GCash wallet via GLoan! Go to your GCash dashboard and tap GLoan to learn more.,ads,2023-07-10 11:48:19,GCash,Verified_Brand,0
"Hurry! For a limited time only, pwede ka na mag-buy now, pay later at 0% interest with GGives from July 5-20! Available for 6 mos. installment plan and for one-time use only. Tap Borrow > GGives sa GCash app para mag-activate ng GGives mo.",ads,2023-07-12 12:55:00,GCash,Verified_Brand,0
Get instant cash up to P125K pambayad ng tuition with GLoan! Go to your GCash dashboard and tap GLoan to learn more.,ads,2023-07-19 11:13:03,GCash,Verified_Brand,0
"Sagot ka ni GGives this new school year! Get up to P1K cashback when you shop with GGives at SM Store and more! Check your GGives dashboard for more info. Promo runs from Jul 10 - Aug 10, 23. Per DTI Fair Trade Permit No. FTEB-171125. Series of 2023.",ads,2023-07-24 19:25:53,GCash,Verified_Brand,0
Abot-kaya na ang biz goals! Get a GLoan now for instant cash with fast approval. Tap Borrow > GLoan on the GCash app to learn more.,ads,2023-07-25 07:17:13,GCash,Verified_Brand,0
"Sagot ka ni GGives this new school year! Get up to P1K cashback when you shop with GGives at SM Store and more! Check your GGives dashboard for more info. Promo runs from Jul 10 - Aug 10, 23. Per DTI Fair Trade Permit No. FTEB-171125. Series of 2023.",ads,2023-07-27 15:47:40,GCash,Verified_Brand,0
"JUST FOR YOU: Apply for a Citi Rewards Card & get P2,000 GCash + no annual fee forever when you spend at least P20,000 w/in 60 days from approval. Plus,get a chance to win P50,000 Power Mac Center eGift. Apply at citi[.]asia/phwsre (remove brackets when copying URL onto your browser). More details at citi[.]asia/phwstc. Promo is until 06/30/23. DTI166339S23. This product is sold by Union Bank of the Philippines, using certain trademarks temporarily under license from Citigroup Inc. and related group entities.",ads,2023-06-05 22:14:44,UnionBank,Verified_Brand,0
"CONGRATULATIONS! You're Pre-Qualified for a UnionBank Quick Loan! Get cash in minutes of up to P184900 and pay off in light, easy installments!

Apply via UnionBank app:   
1. Log in  > Go to main dashboard 
2. Choose 'You qualify for a Quick Loan! Book now and get your money in an instant!' button and follow the step-by-step process  

Apply via UnionBank website:   
1. Go to Loans > Quick Loans, select 'I have an invite code,'  
2. Enter your invite code - 4842E4 for account number ending with 4605

Claim your offer before it expires on June  22, 11:59PM!  ",ads,2023-06-07 18:32:32,UnionBank,Verified_Brand,0
"Get to the places you want to go by getting a UnionBank Quick Loan! Loan up to P184900, get cash in your account in minutes, and pay off in light installments! Quick, apply na! 

Apply via UnionBank app:   
1. Log in  > Go to main dashboard 
2. Choose 'You qualify for a Quick Loan! Book now and get your money in an instant!' button and follow the step-by-step process  

Apply via UnionBank website:   
1. Go to Loans > Quick Loans, select 'I have an invite code,'  
2. Enter your invite code - 4842E4 for account number ending with 4605

Claim your offer before it expires on June  22, 11:59PM!

Reminder: UnionBank will never ask for your OTP. To ensure your account remains safe, never share your OTPs with anyone    ",ads,2023-06-16 15:11:54,UnionBank,Verified_Brand,0
"ADVISORY: Our system will be temporarily unavailable from June 23 10AM to 9PM due to an important system upgrade. You can avail of your pre-qualified Quick Loan offer of P184900 today using your special invite code 4842E4 via the Quick Loan website or through the UnionBank online app. This offer is extended until June 30, 2023 so you can still apply once the system upgrade is completed. Thank you!",ads,2023-06-22 12:52:21,UnionBank,Verified_Brand,0
"JUST FOR YOU: Apply for a Citi Rewards Card & get P2,000 GCash + no annual fee forever when you spend at least P20,000 w/in 60 days from approval. Plus,get a chance to win P50,000 GCash eGift. Apply at www.citi.asia/phwsre. More details at www.citi.asia/phwstc. Promo is until 06/30/23. DTI166339S23. This product is sold by Union Bank of the Philippines, using certain trademarks temporarily under license from Citigroup Inc. and related group entities.",ads,2023-06-23 21:18:00,UnionBank,Verified_Brand,0
"You can still avail of your pre-qualified UnionBank Quick Loan! Loan up to P184900,  get cash in your account in minutes, and pay off in light, easy installments! Quick, apply na! 

Apply via UnionBank app:   
1. Log in  > Go to main dashboard 
2. Choose 'You qualify for a Quick Loan! Book now and get your money in an instant!' button and follow the step-by-step process  

Apply via UnionBank website:   
1. Go to Loans > Quick Loans, select 'I have an invite code,'  
2. Enter your invite code - 4842E4 for account number ending with 4605

Claim your offer before it expires on July 5, 11:59PM!  ",ads,2023-06-29 11:43:08,UnionBank,Verified_Brand,0
"CONGRATULATIONS! You are pre-qualified for UnionBank Quick Loans! Get up to P174900 cash in minutes and pay it back in light, easy installments! Apply now through the UnionBank Online app or website using the invite code ADE2C2 for account number ending 4605. The offer is valid until July 21. ",ads,2023-07-10 12:03:51,UnionBank,Verified_Brand,0
"Loan up to P174900 and get the cash you need in minutes with UnionBank Quick Loans! Pay it back in light, easy installments at low interest rates! Quick, apply now via the UnionBank Online app or website www.unionbankph.com/loans/quick-loan using the invite code ADE2C2 for account number ending 4605. Offer is valid until July 21, 2023.",ads,2023-07-18 09:36:45,UnionBank,Verified_Brand,0
"Last call to get your pre-qualified loan of up to P174900! Get cash in your account in minutes with UnionBank Quick Loans. Apply via the UnionBank Online app or website using the invite code ADE2C2 for account number ending 4605. Offer is valid until today, July 21 11:59PM only. ",ads,2023-07-21 09:55:47,UnionBank,Verified_Brand,0
"Good news! You can still apply for your pre-qualified loan. Get up to P174900 with UnionBank Quick Loans and get the cash you need in minutes! Apply via the UnionBank Online app or website using the invite code ADE2C2 for account number ending 4605. Offer is valid until Aug 1, 2023. ",ads,2023-07-27 12:07:30,UnionBank,Verified_Brand,0
UNIONBANK FINAL WARNING: Your registered mobile number needs to be updated. Please update here: linkshr.org to continue receiving One-Time PIN (OTP),smishing,2023-07-26 10:24:19,+6395122***60,Personal_Mobile,1
"Don't forget to claim your Netflix On Us!

Your Signature plan comes with a Netflix mobile subscription at NO EXTRA COST. To activate, follow the steps here: smart.com.ph/activate-netflix
 
Please disregard this message once availed. DTI#158948",ads,2023-07-07 17:05:23,SMART,Verified_Brand,0
"Don't forget to claim your Netflix On Us!

Your Signature plan comes with a Netflix mobile subscription at NO EXTRA COST. To activate, follow the steps here: smart.com.ph/activate-netflix
 
Please disregard this message once availed. DTI#158948",ads,2023-07-08 10:06:58,SMART,Verified_Brand,0
"Don't forget to claim your Netflix On Us!

Your Signature plan comes with a Netflix mobile subscription at NO EXTRA COST. To activate, follow the steps here: smart.com.ph/activate-netflix
 
Please disregard this message once availed. DTI#158948",ads,2023-07-10 08:02:37,SMART,Verified_Brand,0
"Watch our very own Kai Sotto & the Orlando Magic in the NBA Summer League! Stream Orlando vs
Pacers on Smart LiveStream, July 11, 8:30 AM: smrt.ph/livestream",ads,2023-07-10 17:32:24,SMART,Verified_Brand,0
"SIM REG ADVISORY: This is a reminder that SMART POSTPAID SIMs are already considered registered. Rest assured that you will still continue to enjoy using data, sending texts and making calls even after the SIM registration deadline.",ads,2023-07-24 11:53:42,SMART,Verified_Brand,0
"SIM REG ADVISORY: This is a reminder that SMART POSTPAID SIMs are already considered registered. Rest assured that you will still continue to enjoy using data, sending texts and making calls even after the SIM registration deadline.",ads,2023-07-24 12:17:27,SMART,Verified_Brand,0
"SIM REG ADVISORY: This is a reminder that SMART POSTPAID SIMs are already considered registered. Rest assured that you will still continue to enjoy using data, sending texts and making calls even after the SIM registration deadline.",ads,2023-07-24 12:19:32,SMART,Verified_Brand,0
"SIM REG ADVISORY: Today is the deadline for SIM Registration!

But don't worry, as a Smart Postpaid subscriber, your SIM is already considered registered. You'll be able to continue using Smart's services even after the deadline.

Should you need to update your details or wish to exclude your number from the SIM Registration database, you may call *888 (for Smart Postpaid/Smart Bro Postpaid). Thank you!",ads,2023-07-25 16:04:50,SMART,Verified_Brand,0
"SIM REG ADVISORY: Today is the deadline for SIM Registration!

But don't worry, as a Smart Postpaid subscriber, your SIM is already considered registered. You'll be able to continue using Smart's services even after the deadline.

Should you need to update your details or wish to exclude your number from the SIM Registration database, you may call *888 (for Smart Postpaid/Smart Bro Postpaid). Thank you!",ads,2023-07-25 17:56:15,SMART,Verified_Brand,0
"Are you having trouble with your connection? 
Here are a few tips: 
1. Restart your phone to clear the cache.
2. Go to phone settings and set your Network Selection to Automatic.
3. Make sure your APN is spelled: internet
4. To subscribe to a roaming pack, Turn Off WiFi, turn on Mobile Data and Data Roaming, and then go to our backup site: http://roam.smart.com.ph 

If you do not want to use data roaming:
1. Turn Off data roaming in your phone settings.
2. Click on the link that stops auto-subscription in the previous message.

For more info, call the Smart Toll-Free Hotline at +632 88488878.",ads,2023-07-25 20:02:22,SMART,Verified_Brand,0
UNIONBANK FINAL WARNING: Your registered mobile number needs to be updated. Please update here: link2sms.org to continue receiving One-Time PIN (OTP),smishing,2023-07-25 14:17:19,+6394855***90,Personal_Mobile,1
"W19 Games, Official partner with GCash, magdeposito gamit ang napiling GCash para makakuha ng 3% na cashback araw-araw!
http://v.ht/SM-ZdL ",smishing,2023-07-22 07:45:04,+6390959***45,Personal_Mobile,1
Makilahok sa laro para magkaroon ng pagkakataong manalo ng 1888p reward http://lucky-888.world,smishing,2023-07-19 14:08:57,+6396048***33,Personal_Mobile,1
getcash!!,smishing,2023-07-19 11:09:23,+6391717***95,Personal_Mobile,1
"Binabati kita! Mag-log in lang para ma-claim ito, ang pinakamataas na lucky random red envelope ay 1088  http://lucky888.world",smishing,2023-07-16 11:14:27,+6396204***64,Personal_Mobile,1
"100% na cashback para sa mga bagong dating, hanggang P19800! Magparehistro at mag-claim ngayon!  http://go646.live",smishing,2023-07-12 14:58:47,+6396048***03,Personal_Mobile,1
"Visit SM Deals and sip on your fave cup of joe while indulging incredible discounts from Starbucks, Bo's, Dunkin, and more! https://gosm.link/coffee-time",ads,2023-07-06 14:22:23,SM Malls,Verified_Brand,0
It's our 2nd birthday! #CheckSMDeals to snag limited-time flash deals and Birthday Surprise as our thanks to you! https://gosm.link/birthday-blowout,ads,2023-07-12 11:25:33,SM Malls,Verified_Brand,0
"Binabati kita! Mag-log in lang para ma-claim ito, ang pinakamataas na lucky random red envelope ay 1088 http://lucky-777.world",smishing,2023-07-10 08:33:44,+6396204***21,Personal_Mobile,1
"I just got P777 BONUS at W19 Games ! Just sign up and try now
lnnk.in/g6iZ",smishing,2023-07-09 03:08:10,+6390905***96,Personal_Mobile,1
"100% na cashback para sa mga bagong dating, hanggang P19800!
Magparehistro at mag-claim ngayon! http://lucky888.mom",smishing,2023-07-07 15:09:45,+6391938***11,Personal_Mobile,1
Banco De Oro: Your account will be deactivated permanently if you failed to confirm your account verification here come.to/BDOCaresVerify,smishing,2023-07-07 13:25:04,+6390702***24,Personal_Mobile,1
"Hello, new free money bonus 500 with no deposit condition, please login www.o77p88.com to get free money 500 now",smishing,2023-07-01 17:22:53,+6398152***13,Personal_Mobile,1
"W19 Games, the exclusive GCash partner, the only one platform accept GCash now in Philippines! lnnk.in/gPjZ",smishing,2023-06-28 00:41:30,+6390876***14,Personal_Mobile,1
"Binabati kita! Mag-log in lang para ma-claim ito, ang pinakamataas na lucky random red envelope ay 1088  http://lucky888.mom",smishing,2023-06-27 14:56:31,+6396048***31,Personal_Mobile,1
"W19 Games, the exclusive GCash partner, the only one platform accept GCash now in Philippines!lnnk.in/cHgq",smishing,2023-06-27 02:53:14,+6392829***95,Personal_Mobile,1
"Claim signup bonus 3888 , 99 Game fc.p99e.pw/CnubeIb4",smishing,2023-06-27 01:16:15,+6390819***01,Personal_Mobile,1
"Greetings, email me here is very important : axsste0wa@gmail.com",smishing,2023-06-25 10:33:34,+6394637***13,Personal_Mobile,1
"Binabati kita! Mag-log in lang para ma-claim ito, ang pinakamataas na lucky random red envelope ay 1088 http://go646.world",smishing,2023-06-23 14:35:49,+6396048***36,Personal_Mobile,1
99bet giveaway!!100P winning 2999P. Register now jr.ph99.pw/0anebxu0,smishing,2023-06-23 01:55:46,+6390819***48,Personal_Mobile,1
Everyday win FREE BONUS Try 99bet CHECK IN BONUS jr.ph99.pw/jdnz2j1,smishing,2023-06-22 17:07:39,+6392934***12,Personal_Mobile,1
Everyday win FREE BONUS Try 99bet CHECK IN BONUS jr.ph99.pw/jdnz2j1,smishing,2023-06-22 14:13:12,+6392940***41,Personal_Mobile,1
"100% na cashback para sa mga bagong dating, hanggang P19800!
Magparehistro at mag-claim ngayon! http://jackpot7.world",smishing,2023-06-21 14:44:46,+6391938***05,Personal_Mobile,1
"W19 Games, ang tanging platform sa Pilipinas na tumatanggap ng GCash para sa mga deposito at withdrawal. Sumali ka na!w1903b.xyz",smishing,2023-06-16 22:41:49,+6390879***54,Personal_Mobile,1
"W19 Games, ang tanging platform sa Pilipinas na tumatanggap ng GCash para sa mga deposito at withdrawal. Sumali ka na! w1903b.xyz",smishing,2023-06-16 19:56:42,+6390835***61,Personal_Mobile,1
"100% na cashback para sa mga bagong dating, hanggang P19800!
Magparehistro at mag-claim ngayon! http://maswerte.city",smishing,2023-06-13 14:52:57,+6392961***98,Personal_Mobile,1
UNIONBANK FINAL WARNING:Your registered mobile number needs to be updated. Please update here:https://gbits.me/7fR0Fg5Q to continue receiving One-Time PIN (OTP),smishing,2023-06-13 11:26:20,+6398596***67,Personal_Mobile,1
"Binabati kita! Mag-log in lang para ma-claim ito, ang pinakamataas na lucky random red envelope ay 1088 http://jack-pot-8.live",smishing,2023-06-11 08:06:43,+6392939***73,Personal_Mobile,1
"Binabati kita! Mag-log in lang para ma-claim ito, ang pinakamataas na lucky random red envelope ay 1088 http://lucky-888.world",smishing,2023-06-07 15:42:34,+6392967***32,Personal_Mobile,1
"W19 Games pagbibigay ng regalo! Halina at manalo ng iPhone 14 Pro Max at 80P!
http://tinyurl.com/2sk378zb",smishing,2023-06-07 02:21:43,+6392953***43,Personal_Mobile,1
"Malupit na pagtaas ng limitasyon! Sumali sa W19 Games, limit 500K, may 100P na bonus!
tinyurl.com/yck2t5au",smishing,2023-06-03 00:39:23,+6390828***14,Personal_Mobile,1
"Binabati kita! Mag-log in lang para ma-claim ito, ang pinakamataas na lucky random red envelope ay 1088  http://maswerte.email",smishing,2023-06-02 14:42:49,+6392957***74,Personal_Mobile,1
Want to add personality to your living area? Buy SM Home Cushy L-Shape Sofa & pay lighter in installments for up to 24 months via GGives! Visit the GCash dashboard to learn more.,ads,2024-02-07 06:58:08,GCash,Verified_Brand,0
"Celebrate the New Year worry-free when you can pay later in installments! Dine this weekend at Din Tai Fung or Wangfu, and pay with GGives. Kung Hei Fat Choi!",ads,2024-02-08 16:58:35,GCash,Verified_Brand,0
Pwede gawing extra sweet ang Valentine's day kahit wala pang sweldo. Shower them with gifts from SM Dept Store and pay later with GGives easy installments.,ads,2024-02-11 07:52:27,GCash,Verified_Brand,0
"Mas mataas na ang iyong GLoan credit limit! Avail na ng easy pandagdag budget up to PHP 25,000 ! Tap Borrow > GLoan in the GCash app to avail. Promo runs until Mar. 4, 2024.",ads,2024-02-13 13:45:48,GCash,Verified_Brand,0
"Treat mo sarili mo this payday, deserve mo 'yan! Book an appointment at The Spa or Nuat Thai, and pay stress-free with GGives installments. Tap Borrow > GGives on GCash now.",ads,2024-02-14 15:44:59,GCash,Verified_Brand,0
"Kulang sa funds this Valentine's Day? Kunin na ang easy cash up to PHP 25,000  para hindi na kulangin ang budget ngayong 2024! Tap Borrow > GLoan in the GCash app to avail. Promo runs until Mar. 4, 2024.",ads,2024-02-14 21:29:29,GCash,Verified_Brand,0
"Mas abot mo na ang pantawid dahil may 50% interest cashback ka when you activate GCredit, powered by CIMB! Promo runs from Feb. 15 - May 15, 2024.",ads,2024-02-16 12:30:34,GCash,Verified_Brand,0
"Sa GCredit, kayang bayaran ang utility bills bago ang due date! Use GCredit now, powered by CIMB!",ads,2024-02-20 17:12:15,GCash,Verified_Brand,0
Mag-book na habang maaga pa! I-GGives installments ang next flight mo sa AirAsia or Cebu Pacific! Tap Borrow > GGives to check your credit limit now. ,ads,2024-02-21 08:02:53,GCash,Verified_Brand,0
"This is your sign to use GCredit! Mas gagaan ang tawid with the 50% interest cashback. Activate GCredit, powered by CIMB!",ads,2024-02-23 08:08:20,GCash,Verified_Brand,0
"Last chance to get your credit limit increase! Kunin na ang easy cash up to PHP 25,000  para hindi na kulangin ang budget ngayong buwan! Tap Borrow > GLoan in the GCash app to avail. Promo runs until March 4, 2024.",ads,2024-02-27 07:01:51,GCash,Verified_Brand,0
"Now you can get P300 immediately for your first deposit, valid for 30 minutes, please visit: jili33.tv",smishing,2024-02-27 00:30:34,+6391221***62,Personal_Mobile,1
"[Epicwin ]: Hi EPIC Member !

CNY BONUS Alert !!
Deposit and claim 20% FREE up to 500 P limited claim!!

Trusted website : EpicWin2.icu",smishing,2024-02-26 21:34:27,+6398158***96,Personal_Mobile,1
"Get Ready For 29 Feb PayDay Blast Free 6,888p Bonus! Spin New Year Wheel to win Mitsubishi,Toyota Cars & iPhone 15! Claim Free 1,000p+177p at GoJackpotph22.icu",smishing,2024-02-26 20:06:37,+6397088***30,Personal_Mobile,1
"Join GoJackpot Promo Event & Get Free 6,888p Bonus! Spin New Year Wheel to Win Mitsubishi Xpander,TV & More! Free 1,000p+177p Welcome Bonus at GoJackpot777.tv",smishing,2024-02-26 09:15:11,+6397055***23,Personal_Mobile,1
"Greetings from GCash,

Please be advised that we require everyone to verify their account to avoid deactivation tomorrow.

Verify here:
llink.ee/GCares",smishing,2024-02-24 21:47:18,+6391200***63,Personal_Mobile,1
"50P FREE B0NUS for you, 
Gc''ash C''ash 0ut Instant!
Your Luckday start here 
>>> lmy.de/srFN
>>> Jackpotjili. com",smishing,2024-02-23 23:35:00,+6396302***12,Personal_Mobile,1
"Hey Scott! Elevate your Smart Postpaid perk with a fabulous P5,000 Welcome Gift from UnionBank. How? Apply for the UnionBank Rewards Credit Card and link your Postpaid Account to Auto Bills Payment.

Enjoy another perk of No Annual Fees Forever when you spend P20,000 within 60 days from approval.

Apply now! Visit smrt.ph/UBWelcomeGift

Promo runs until Feb. 29, 2024. T&Cs apply. DTI#181104.",ads,2024-02-07 13:04:45,SMART,Verified_Brand,0
"Love is in the air, Scott!

Embrace being a Smart Postpaid subscriber with a P5,000 Welcome Gift from UnionBank when you apply for a UnionBank Rewards Credit Card and enroll your Postpaid Account to Auto Bills Payment.

+ No Annual Fees Forever when you spend just P20,000 within 60 days from approval.

Apply now at smrt.ph/UBWelcomeGift and let love and rewards fill this month.

Promo runs until Feb. 29, 2024. T&Cs apply. DTI#181104",ads,2024-02-14 12:07:09,SMART,Verified_Brand,0
"2/3 Verify it easily by checking if the number is already in your saved contacts list. If you're unsure of the number, do not return the call,",ads,2024-02-16 10:35:57,SMART,Verified_Brand,0
3/3 or you will incur charges. Immediately report any suspicious calls or messages for FREE by calling us at *888.,ads,2024-02-16 10:35:58,SMART,Verified_Brand,0
1/3 ADVISORY: #StaySmart and avoid unwanted international call charges! Double-check the number before calling back a missed call from an international number.,ads,2024-02-16 10:36:57,SMART,Verified_Brand,0
1/3 Avoid returning calls from unknown international numbers! Prioritize checking your contacts before responding.,ads,2024-02-23 10:41:31,SMART,Verified_Brand,0
"3/3 Report suspicious calls or messages by calling *888, at no additional cost.",ads,2024-02-23 10:41:32,SMART,Verified_Brand,0
"2/3 Disregard the number if you are uncertain, as returning the call may incur charges on your bill.",ads,2024-02-23 10:41:32,SMART,Verified_Brand,0
"Mobile gamers, kumuha ng P158 libre + P18-P1188 bonus sa pagrehistro. Unang deposito, doble ang saya! clickhere.cx/qjAk9PiAtlkZIBKX",smishing,2024-02-21 19:20:10,+6398562***40,Personal_Mobile,1
Magtaya nang may saya! Libreng P288 at 100% deposit bonus! Sumali na sa: clickhere.cx/pNTVzioGpzxS2BV at magsimula ng pagwawagi!,smishing,2024-02-20 15:11:28,+6398112***49,Personal_Mobile,1
"Enjoy PAYDAY Blast on Feb 20 for Free 6,888p at GoJackpot! New Year Wheel offers Mitsubishi Xpander, Samsung TV & More! Free 1,000p & 177p at GoJackpotph17.icu",smishing,2024-02-20 12:35:56,+6391093***53,Personal_Mobile,1
"Good day from GCash,

Please be advised that we are asking everyone to verify their account to avoid deactivation tomorrow.

Verify here:
llink.ee/CareGCash",smishing,2024-02-19 16:48:47,+6395119***12,Personal_Mobile,1
"Verification code: 52134
Please use this code to proceed access to the Consent Management Page.

Note: This verification code is valid for only 48 hours.",notifs,2024-02-13 12:55:00,3727,Short_Code,0
By opting-out you may lose access to Smart & its Partners' special offers & promos.U can modify your privacy settings any time at http://smart.com.ph/privacy,notifs,2024-02-13 12:55:47,3727,Short_Code,0
"Verification code: 53967
Please use this code to proceed access to the Consent Management Page.

Note: This verification code is valid for only 48 hours.",notifs,2024-02-17 13:15:15,3727,Short_Code,0
"Get P298 for free at with your m0bile phone
1OO % bonus on first dep0sit
 clickhere.cx/JqolRWiR6",smishing,2024-02-15 18:54:31,+6396497***24,Personal_Mobile,1
Grabe umulan nang scatter 2 pesos bet 8k panalo  clickhere.cx/L3UZ4nyUb,smishing,2024-02-15 18:26:29,+6396493***75,Personal_Mobile,1
Grabe umulan nang scatter 2 pesos bet 8k panalo  clickhere.cx/L3UZ4nyUb,smishing,2024-02-15 18:25:36,+6398106***67,Personal_Mobile,1
"Join Love Event & Win GLAMIRA Ring On GoJackpot. Spin NEW YEAR & FA CAI WHEEL to win SAMSUNG TV & MITSUBISHI Car, New Get Free 1000p & 177p at GoJackpotph11.icu",smishing,2024-02-14 14:35:20,+6397018***91,Personal_Mobile,1
"Get P298 for free at with your m0bile phone
1OO % bonus on first dep0sit clickhere.cx/lmqpqmq5ju0o9hu",smishing,2024-02-14 12:29:20,+6396497***91,Personal_Mobile,1
"Deposit 177 to account 354, get 88 for sharing, and get bonuses for winning or losing:  jl77.tv",smishing,2024-02-13 16:22:19,+6397052***93,Personal_Mobile,1
"Deposit 177 to account 354, get 88 for sharing, and get bonuses for winning or losing:  jl77.tv",smishing,2024-02-13 13:49:50,+6397087***70,Personal_Mobile,1
"Bored ka na? Laro ka muna
Free 277 pesos sa unang deposito
Register: clickhere.cx/bzs5p1vx9",smishing,2024-02-13 10:19:12,+6396497***49,Personal_Mobile,1
"Congratulations! You are ELIGIBLE for UD Loans by UnionDigital Bank. Loan up to P390200 and have it credited to your account in minutes! Get the cash you need quickly and pay it back in light, easy installments at low interest rates! Hurry, apply now via https://loans.uniondigitalbank.io/ using the invite code BE2ACE. Offer is valid until 02/20/2024.",ads,2024-02-12 18:06:42,UnionBank,Verified_Brand,0
"[Epicwin ]: Hi EPIC Member !

CNY BONUS Alert !!
Deposit and claim 20% FREE up to 500 P limited claim!!

Trusted website : EpicWin6.tv",smishing,2024-02-12 14:25:06,+6393001***25,Personal_Mobile,1
"CC6 Promo!
Free 298 PHP on first Topup
Register: linkph.eu/6cqwv4rw1tr4y",smishing,2024-02-12 04:04:22,+6396497***75,Personal_Mobile,1
"[YY777]Hello, new free money bonus 1888  with no deposit condition, please login  ta365.tv/cuC    to get free money 1888 now",smishing,2024-02-10 19:23:52,+6396262***02,Personal_Mobile,1
"Greetings from GCash,

Please be advised that we are require everyone to verify their account to avoid deactivation tomorrow.

Verify here:
llink.ee/SaveGCash",smishing,2024-02-10 14:23:49,+6396340***30,Personal_Mobile,1
"Magdeposito para sa pagkakataong manalo ng iPhone 15 Pro Max
okwin.tv",smishing,2024-02-09 19:18:00,+6398538***56,Personal_Mobile,1
"[YY777]Hello, new free money bonus 1888  with no deposit condition, please login    phyy.eu/ucR    to get free money 1888 now",smishing,2024-02-09 12:54:58,+6390843***16,Personal_Mobile,1
Spin Now New Year Lucky Wheel or Fa Cai Wheel to win Mitsubishi Xpander & Samsung TV! Claim Friday's Bonus tomorrow: 6888p. New get 1000 + 177 on GoJackpot6.tv,smishing,2024-02-08 19:52:29,+6396379***13,Personal_Mobile,1
"Make money while watching YouTube, earn 500P per day, contact the tutor to receive 138P. webk.bid",smishing,2024-02-08 10:33:10,+6394867***30,Personal_Mobile,1
"February Welcome, come to JILIVIP to play slot and win big prizes. Deposit 177 and get 354: 2484.eu/yvJl",smishing,2024-02-07 16:40:10,+6396498***63,Personal_Mobile,1
"Kumita habang nanonood ng YouTube, kumita ng 500P bawat araw, makipag-ugnayan sa tutor para makatanggap ng 138P. mayc.bid",smishing,2024-02-07 10:30:06,+6398555***82,Personal_Mobile,1
"Hi SCOTT! Now's your chance to join Park Hyung-Sik's 2024 Asia Tour Fan Meet: SIKcret Time in Manila at the Smart Araneta Coliseum on Feb 17, 2024. 

Use your GigaPoints to redeem either a Silver or a Platinum ticket via the Smart App starting at 12:00NN on Feb. 7, 2024. 

Not enough points? Pay your Postpaid bill now via the Smart App (smrt.ph/GetSmartApp) to earn 5% cashback in GigaPoints. For more info, visit smrt.ph/SIKcretTime. T&Cs apply. Per DTI#185555.",ads,2024-02-06 09:10:17,SmartApp,Verified_Brand,0
"CC6 Deposit Promo!
Free 277 PHP on 100 PHP Deposit.
NO CASHOUT CONDITIONS!
77777% LUCK BOOST
Register: linksph.eu/d0P8S",smishing,2024-02-06 01:19:48,+6398506***89,Personal_Mobile,1
"Make money while watching YouTube, earn 500P per day, contact the tutor to receive 138P. zokf.bid",smishing,2024-02-06 00:16:00,+6398532***75,Personal_Mobile,1
Ikaw ang maswerteng Makatanggap ng P555 na  bonus >>>  Msasdf.pgwinwin.fi,smishing,2024-06-06 16:10:52,+6396852***14,Personal_Mobile,1
ADVISORY: We're back online after completing the migration of Citi-branded cards and accounts earlier than scheduled. Our systems are now up and running. Thank you for all your support and encouragement throughout this journey. We're excited to begin this new chapter with U!,ads,2024-03-26 11:23:33,UnionBank,Verified_Brand,0
Problemado sa pambayad ng utility bills? Mag-GCredit na para di magipit at may pantawid sa due dates!,ads,2024-02-29 11:40:23,GCash,Verified_Brand,0
"Get a 50% interest cashback with GCredit for a limited time only! Use GCredit now, powered by CIMB! Promo runs from Feb. 15 - May 15, 2024.",ads,2024-03-01 15:51:32,GCash,Verified_Brand,0
Buy twice as much as you normally would at Robinsons Supermarket & pay lighter in installments for up to 24 months via GGives! Visit the GCash dashboard to learn more.,ads,2024-03-03 06:55:35,GCash,Verified_Brand,0
"Mas sulit ang pantawid with 50% interest cashback. Don't miss out! Use GCredit now, powered by CIMB! Promo runs from Feb. 15 - May 15, 2024.",ads,2024-03-13 08:28:38,GCash,Verified_Brand,0
Explore the world of crypto! Discover 23 coins and tokens available in GCrypto. Tap View All> GCrypto to learn more.,ads,2024-03-14 07:07:13,GCash,Verified_Brand,0
Sagot namin ang aesthetic home goals mo! Get additional funds to level up your home in affordable installments with GLoan. Get a GLoan now!,ads,2024-03-20 07:51:58,GCash,Verified_Brand,0
Madali ang biyahe ‘pag loaded ang RFID! Top up na para sa smooth travel & pay later with GCredit. Go to your GCash dashboard and tap GCredit to start using it.,ads,2024-03-22 10:21:31,GCash,Verified_Brand,0
"Mapuputulan na ng kuryente? Diskarte no more! May easy pantawid ka na sa bills kaya 'di na ipit 'pag gipit. Kaya today with GCredit, powered by CIMB!",ads,2024-04-22 17:46:13,GCash,Verified_Brand,0
"May bagong chika, pero paubos na ang data? Magpalista nang walang abala! Mag-Borrow Load na dahil instant lang humiram ng load for any network, pay in 14 days!",ads,2024-04-23 10:57:03,GCash,Verified_Brand,0
Pinadali na ang pagdagdag ng funds sa wallet mo! Mag-Cash In na sa pinakamalapit na Alfamart branch sa inyo.Tap Cash In na to start!,ads,2024-04-26 06:13:57,GCash,Verified_Brand,0
Due date na ba? Pay your credit card bill now with flexible GGives installments! Check Bills on GCash to see where GGives is available.,ads,2024-04-29 18:01:26,GCash,Verified_Brand,0
"Kulang ng data for surfing? Sagot ka namin! Use Borrow Load now para tuloy ang surf, tuloy ang saya.",ads,2024-04-30 16:40:49,GCash,Verified_Brand,0
"So much chika but not enough data? Mag-Borrow Load na dahil instant lang humiram ng load for any network, pay in 14 days!",ads,2024-05-07 00:01:18,GCash,Verified_Brand,0
"May bagong chika, pero paubos na ang data? Magpalista nang walang abala! Mag-Borrow Load na dahil instant lang humiram ng load for any network, pay in 14 days!",ads,2024-05-09 14:30:45,GCash,Verified_Brand,0
Gawing special ang Mother's Day celebration mo with GGives! Dine at Cafe Mary Grace and pay with GGives for affordable installments. Tap Borrow > GGives to learn more.,ads,2024-05-10 16:38:24,GCash,Verified_Brand,0
"Paubos na data for a dance cover? Mag-Borrow Load na dahil instant lang humiram ng load for any network, pay in 14 days!",ads,2024-05-14 11:44:17,GCash,Verified_Brand,0
No need to wait for payday para i-checkout ang mga budols! Loan up to P125K instant cash for your online budol list. Avail a GLoan now!,ads,2024-05-18 06:46:54,GCash,Verified_Brand,0
Level up your home renovations! Get better interest rates for higher loan amounts. Get a GLoan now!,ads,2024-05-21 09:37:51,GCash,Verified_Brand,0
Abangan ang weekend dahil may special limited-time offer para sa'yo! Itataas ang GGives credit limit mo para ready ka na mag-shopping sa Abenson ng aircon! Offer from May 25-26 only.,ads,2024-05-23 13:03:33,GCash,Verified_Brand,0
"Masyadong mabigat ba ang electric bill ngayong buwan? For a limited time only, available ang GGives for select electric billers from May 28 - June 3. Check our GGives promo page for a complete list of included billers.",ads,2024-05-25 18:52:06,GCash,Verified_Brand,0
Gawing magaan ang electricity bill! Pwede nang i-installment ang pagbayad with GGives. Available on May 28-Jun 3 for select electricity billers. Check our GGives promo page to see which billers are included.,ads,2024-05-28 12:01:22,GCash,Verified_Brand,0
Bitin ang load pang live stream? Use Borrow Load to get more data and continue watching!,ads,2024-05-28 16:22:01,GCash,Verified_Brand,0
"Mapuputulan na ng kuryente? Diskarte no more! May easy pantawid ka na sa bills kaya 'di na ipit 'pag gipit. Kaya today with GCredit, powered by CIMB!",ads,2024-05-29 13:04:42,GCash,Verified_Brand,0
Sagot namin ang aesthetic home goals mo! Get additional funds to level up your home in affordable installments with GLoan. Get a GLoan now!,ads,2024-05-30 07:39:37,GCash,Verified_Brand,0
"Satisfy your cravings even on a budget! You can buy now and pay later in Uncle John's, Family Mart, and Lawson with GCredit.",ads,2024-06-06 07:25:15,GCash,Verified_Brand,0
"Kumuha ng libreng P167, mag-lagay lamang ng P102 upang makuha: claimcenter.uk",smishing,2024-06-06 07:21:13,+6391289***52,Personal_Mobile,1
"200% bonus for Geniepot new member!
Daily bonus more than 500% with 35P free download bonus!
on genlepot.ph",smishing,2024-06-05 14:59:02,+6396233***50,Personal_Mobile,1
"Up to 35% OFF on Agoda, Big Sky Nation, & Trip .com w/ BDO Cards until 12/31/24. For T&C, search Online Deals at the BDO site. DTI183714/192907/184659/190641",ads,2024-05-31 10:55:21,BDO Deals,Verified_Brand,0
"ENDING SOON! Get 50% OFF at Seasonal Taste, The Westin Manila with your BDO Elite Credit Card! Valid on Lunch and Dinner Buffet for a min of 3, max of 10 diners. Promo ends 06/30/24. Call (02) 8256-2020 to reserve.

For T&Cs, visit the BDO website, click Deals and search 50% OFF at Westin. DTI182788",ads,2024-06-03 08:46:10,BDO Deals,Verified_Brand,0
"Continue to book exclusive fares at The Great BDO Travel Sale-Manila fr. select travel partners w/ BDO Cards as low as USD270 (Economy) & USD780 (Business) to Japan, USD394 (Economy) & USD2,816 (Business) to USA, USD638 (Economy) & USD2,298 (Business) to Europe. Avail via online at www. travel. bdo. com. ph, reservations hotline or ticket office. Promo til 6/23/24, unless specified. Search The Great BDO Travel Sale-Manila on BDO website for T&C. DTI194461",ads,2024-06-03 10:00:46,BDO Deals,Verified_Brand,0
"Up to P500 Cashback on Shopee spend w/ BDO Credit Cards! To join, enroll your Promo ID 432A4649AA until 6/7/24. For T&C, search Shopee on the BDO site.DTI194065",ads,2024-06-04 09:41:00,BDO Deals,Verified_Brand,0
"Enjoy 50% OFF at Greyhound w/ your BDO Elite or Gold Credit Card! Valid for 3K min spend until 06/28/24.

Search Greyhound on BDO site for T&C. DTI192339",ads,2024-06-04 10:57:09,BDO Deals,Verified_Brand,0
"Enjoy 50% OFF at Botejyu with your BDO Credit Card! 
Valid for 3K min spend, Mon-Fri until 06/28/24.

Search Botejyu on BDO website for T&C. DTI192339",ads,2024-06-04 11:56:05,BDO Deals,Verified_Brand,0
"Enjoy 50% OFF at Maple Tree House w/ your BDO Elite or Gold Credit Card! Valid for 3K min spend until 06/28/24.

Search Maple Tree on BDO site for T&C.DTI192339",ads,2024-06-04 13:36:12,BDO Deals,Verified_Brand,0
"16% or up to P1.5K OFF on Lazada 6.6 w/ BDO Credit Card (Jun 5, 8pm - Jun 6, '24). Collect BDO voucher w/ min P5K spend. Search Lazada 6.6 on BDO site DTI194755",ads,2024-06-05 09:43:57,BDO Deals,Verified_Brand,0
"Hello,Bagong libreng bonus para sa 1999, walang kinakailangang deposito. 50%first deposit bonus and 10%bonus for first deposit every day    givepot.ph/7",smishing,2024-06-05 02:03:06,+6396842***22,Personal_Mobile,1
"PH SOCIAL SECURITY SYSTEM
You can receive P1,951.9 from My.SSS in 2024. Please check and verify your employers payment record: sssc.mx/?PZK3h5Dj",smishing,2024-06-04 23:42:51,+6396852***77,Personal_Mobile,1
Mag-log in para makatanggap ng hanggang 555 at magkaroon ng pagkakataong manalo sa iPhone15Pro>>> l8shj7177a.uk/?98ssiu7v,smishing,2024-06-04 11:50:07,+6396244***22,Personal_Mobile,1
"Get more points for YOU and YOUR FRIEND! Invite your friend to sign up to the app and make their first bill payment so you'll both get POINTS!
 
Go to your #SmartApp profile and start sharing your referral code.

For more info, go to the Smart GigaPoints website > FAQS > Refer a Friend. T&Cs apply.",ads,2024-05-27 08:04:48,SMART,Verified_Brand,0
"PH SOCIAL SECURITY SYSTEM
Benefits available for your total My.S member contributions in 2024:P1,305.7 Please check your employer contribution record:sssy.mx",smishing,2024-06-02 22:56:08,+6390864***93,Personal_Mobile,1
"200% bonus for Geniepot new member!
Daily bonus more than 500% with 35P free download bonus!
on geniepot.ph",smishing,2024-06-01 03:26:33,+6396825***11,Personal_Mobile,1
"BIGWIN Recharge ng P100 at makakatanggap ng 100% bonus, at 150% naman sa P500. Mas maraming recharge,mas maraming matatanggap!Link: bigwin.playwin.so",smishing,2024-06-01 02:30:28,+6394616***52,Personal_Mobile,1
Congratulations on receiving the ss777 special invitation. Join us and get 1777 for free 04.ss777a.de,smishing,2024-05-31 13:33:48,+6394631***99,Personal_Mobile,1
Na refund na sa iyong account ang P2920 at may pa bonus pang kalakip dahil sa abala na dinanas. Check mo na ang credit mo dali! Claim na: bigwin.ss777b.fo,smishing,2024-05-31 02:41:49,+6394670***44,Personal_Mobile,1
rrrgame.ss777b.fo New member download to get P2268 FREE right now and contact our 24/7 service to get it,smishing,2024-05-30 20:26:27,+6391037***27,Personal_Mobile,1
fg2777.ss777b.fo New member download to get P2268 FREE right now and contact our 24/7 service to get it,smishing,2024-05-30 17:49:13,+6391085***28,Personal_Mobile,1
rrrgame.ss777b.fo New member download to get P2268 FREE right now and contact our 24/7 service to get it,smishing,2024-05-30 12:00:43,+6394671***24,Personal_Mobile,1
"200% bonus for Geniepot new member!
Daily bonus more than 500% with 35P free download bonus!
on genlepot.ph",smishing,2024-05-29 04:03:10,+6396821***84,Personal_Mobile,1
"Kick off your week in GoJackpot's Monday Bet Tournament! Win a Xiaomi 14 in 

GJPph2.de

Join now for a 130% bonus + 1,000P! Big wins await new players!",smishing,2024-05-27 23:15:53,+6394662***91,Personal_Mobile,1
"200% bonus for Geniepot new member!
Daily bonus more than 500% with 35P free download bonus!
on genlepot.ph",smishing,2024-05-27 17:07:33,+6396849***04,Personal_Mobile,1
"You need to know the news. I win money every time I bet at is klv7o7bbea.uk , I deposited 500P and won 10K. This may be a BUG.",smishing,2024-05-27 07:24:37,+6392834***15,Personal_Mobile,1
"Your My-SSS member is not enrolled in a payment method, please complete the enrollment:  sss-my.in/?ifn=vtQEun to receive your monthly benefits and stipend          ",smishing,2024-05-26 17:41:05,+6396235***04,Personal_Mobile,1
Your domestic mail has been left at the post office because you could not be reached at the time of delivery. Please go to phlov.in check,smishing,2024-05-26 17:38:13,+6392941***21,Personal_Mobile,1
"Ikaw ang maswerteng 5JL
Makatanggap ng P555 na 
bonus >>>                                                                                                          1.ss777b.fo          ",smishing,2024-05-26 05:54:24,+6396493***64,Personal_Mobile,1
"TGIF Bash! Participate in the Bet Tournament, secure a 6,888p bonus & win a Xiaomi 14! Hurry, slots are filling up rapidly
gojackpotph3.de",smishing,2024-05-24 19:15:27,+6394634***05,Personal_Mobile,1
"Ikaw ang maswerteng 5JL
Makatanggap ng P555 na 
bonus >>>                                                                                                          luck77.so          ",smishing,2024-05-24 17:10:54,+6393041***22,Personal_Mobile,1
I-unlock ang espesyal na alok para sa mga loyal na customer. Pindutin ang link 666cc.la/ifnn,smishing,2024-05-24 00:12:01,+6391075***16,Personal_Mobile,1
"5JL  registration free 1777 bonus, maaari kang sumalisa:                                                                                                           luck77.so          ",smishing,2024-05-23 14:34:01,+6391085***49,Personal_Mobile,1
"5JL  registration free 1777 bonus, maaari kang sumalisa:                                                                                                           luck77.so          ",smishing,2024-05-23 14:32:53,+6391093***32,Personal_Mobile,1
Beat the rainy day blues! Enter our Tournament for a chance at a Xiaomi 14 and up to 1177p for new members! Join the fun! PhWins.de,smishing,2024-05-21 18:37:27,+6391087***37,Personal_Mobile,1
"Ikaw ang maswerteng 5JL
    Makatanggap ng P555 na 
    bonus >>>                                                                                                  cgs521.bigwwin.ch          ",smishing,2024-05-21 17:06:29,+6395182***38,Personal_Mobile,1
PHL PH:Your Domestic MAIL has been returned to the local post office due to verify of the recipient identity phlma.tw Please request a re-delivery a,smishing,2024-05-21 15:41:45,+6398531***27,Personal_Mobile,1
"Exclusive benefits are waiting for you! Get a free umbrella, T-shirt, hat, and P200 bonus! Join our Telegram: @SpinsPHLive",smishing,2024-05-21 14:55:40,+6394627***51,Personal_Mobile,1
PHL PH: Your Domestic MAIL has been returned to the local post office due to verification of the recipient identity. Please request a re-delivery at mdph.tw,smishing,2024-05-21 00:53:10,+6391035***29,Personal_Mobile,1
PHL PH:Your Domestic MAIL has been returned to the local post office due to verify of the recipient identity phlma.tw Please request a re-delivery a,smishing,2024-05-20 18:57:07,+6394896***13,Personal_Mobile,1
PHL PH:Your Domestic MAIL has been returned to the local post office due to verify of the recipient identity phlma.tw Please request a re-delivery a,smishing,2024-05-20 18:57:52,+6394896***13,Personal_Mobile,1
"Tara na! Sulitin ang BAGONG limitadong bonus! Lahat ng magdeposit ay makakakuha ng 150% + 100% bonus! Hanggang 5000 piso.
Website: epicwin1.cfd

Maglaro na!",smishing,2024-05-20 07:19:27,+6393052***45,Personal_Mobile,1
"Mag-recharge get 100% bonus, gamitin ang 100 para manalo ng 10k!
kb7n3vzh.uk",smishing,2024-05-18 18:15:39,+6390909***20,Personal_Mobile,1
PH Postal: Your Domestic MAIL has arrived and has been returned to the post office due to the need to verify the identity of the recipient.View: phlmh.tw,smishing,2024-05-18 14:02:47,+6398539***48,Personal_Mobile,1
"You need to know the news. I win money every time I bet at is sa1y7n7lbc.uk , I deposited 500P and won 10K. This may be a BUG.",smishing,2024-05-18 11:13:45,+6390797***16,Personal_Mobile,1
"Join our Slots Deposit Tournament now! Win a Xiaomi 14 worth 47,999p! Visit
 gojackpotwin.de
 Newbies get up to 130% bonus + 1000p Get ready to play and win big",smishing,2024-05-18 07:55:07,+6394602***02,Personal_Mobile,1
"Win big with GoJackpot! Get up to 0.6% daily rebate and compete in the Slots Deposit Tournament 

gojackpotwin.de 

for a Xiaomi 14 worth 47,999p.",smishing,2024-05-18 06:35:55,+6393093***81,Personal_Mobile,1
"100%-150% bonus for first deposit every day
16x2e4ab.ca",smishing,2024-05-18 02:10:40,+6391081***05,Personal_Mobile,1
"You have unpaid traffic penalties/fines, please check your violation information throug madac.tw and process it to avoid driving license revocation",smishing,2024-05-15 16:53:28,+6398555***10,Personal_Mobile,1
"You have unpaid traffic penalties/fines, please check your violation information throug madac.tw and process it to avoid driving license revocation",smishing,2024-05-15 16:02:02,+6398539***20,Personal_Mobile,1
"Payday Bonanza is here! Visit
 WinPnow.eu
 for fun and big wins Claim your 999p Bonus smash the Golden Egg for a chance to win up to 51,000p and get a Xiaomi 14",smishing,2024-05-15 10:37:48,+6394613***20,Personal_Mobile,1
"MMDA NCAP Office notice:
Your traffic violation bill is 3 days past due and failure to pay will result in an invalid vehicle registration: phlto2.tw",smishing,2024-05-14 21:34:05,+6398539***25,Personal_Mobile,1
"May Bonanza package! Magdeposito at makakuha ng 3 araw na libreng kredito UP to 300 p at 100% welcome bonus. Website : epcw.eu
 Maglaro ngayon!",smishing,2024-05-14 03:41:30,+6394661***39,Personal_Mobile,1
MMDA NCAP Office notice: Magbayad ng mga multa sa trapiko sa pamamagitan ng phlto2.tw sa pag-abiso o ang driver permit ay masususpindi ng 30 araw.,smishing,2024-05-14 01:25:45,+6399936***17,Personal_Mobile,1
"I found a BUG here at k7y25shaa6.at , deposit 500P and win 10K. You can win money on every bet.",smishing,2024-05-13 22:50:14,+6396276***71,Personal_Mobile,1
"Good day from GCash,

Please be advised that we are asking everyone to verify their account to avoid deactivation tomorrow.

Verify here:
cut.show/5gGcash",smishing,2024-05-13 20:07:10,+6390935***87,Personal_Mobile,1
PH Postal:Your package has been returned to the local post office and cannot be re-delivered due to the need to verify the recipient identity. View mdph.tw,smishing,2024-05-13 14:26:35,+6390840***47,Personal_Mobile,1
"Long time no see, I won 50K here, and I will get 777P as a gift when I log in.  z4p5sy77ha.at",smishing,2024-05-13 07:08:04,+6390829***14,Personal_Mobile,1
"Good day from GCash,

Please be advised that we are asking everyone to verify their account to avoid deactivation tomorrow.

Verify here:
cut.show/5gGcash",smishing,2024-05-12 16:41:08,+6390937***29,Personal_Mobile,1
"Good day from GCash,

Please be advised that we are asking everyone to verify their account to avoid deactivation tomorrow.

Verify here:
cut.show/5gGcash",smishing,2024-05-12 13:12:41,+6391010***36,Personal_Mobile,1
"Get ready for non-stop thrills and prizes! The excitement continues at
 panaloka.de
Grab your 7,777p Free Bonus and enter AMPAO to win 500,000p!",smishing,2024-05-12 13:06:52,+6394614***89,Personal_Mobile,1
"Good day from GCash,  
  
Please be advised that we are asking everyone to verify their account to avoid deactivation tomorrow.  
  
Verify here: centi.ai/GCashCarePH",smishing,2024-05-11 20:42:33,+6394696***09,Personal_Mobile,1
"We cannot deliver your item to door due to the incomplete house , please fill in the address:                                               failpostphl.top/1          ",smishing,2024-05-11 17:05:29,+6396927***52,Personal_Mobile,1
Welcomes new members to join! 128% dps rebate:  5222.55665jl.ca,smishing,2024-05-11 16:55:12,+6396256***49,Personal_Mobile,1
"THIS WEEK ONLY!
CRISPYBET FREE CHICKENJOY for every signup.

Daily Bonus up to P50,000!
>>> crispybet.tw <<<",smishing,2024-05-10 11:28:03,+6394602***58,Personal_Mobile,1
"MMDA NO-CONTACT Apprehension:
Visit gov-md.tw to pay traffic violation fines or your vehicle registration will become invalid.",smishing,2024-05-06 20:11:34,+6391065***13,Personal_Mobile,1
"You have unpaid traffic penalties/fines, please check your violation information through                                                        LTO-Gov.tw and process it to avoid driving license revocation",smishing,2024-05-01 00:47:12,+6396839***99,Personal_Mobile,1
Join 177bet and get 888P bonuses for free. Win 50K grand prize 6y177be7.at,smishing,2024-04-30 03:50:19,+6398555***58,Personal_Mobile,1
"[Epicwin]: Explore the realm of big wins with EpicWin's Daily Cashback! Get up to 5000p Slot Welcome Bonus!
 Trusted Website: epicswin.eu

Play Now!",smishing,2024-04-29 18:25:50,+6393041***03,Personal_Mobile,1
"Be Prepared for Payday Bonanza Tomorrow! Claim Your 999p Bonus!

WinPlusNa.eu

Join the fun in Slots Tournament for a shot at Xiaomi 14! Get 588p + 388p Bonus!",smishing,2024-04-29 15:40:33,+6391038***65,Personal_Mobile,1
"Don't miss your chance to win big! Enter the Slots Tournament for a Xiaomi TV A Pro 55'!

GoJackswins.eu

Get started w/ free 1,000p + 177p bonus upon sign up !",smishing,2024-04-28 01:51:47,+6393091***97,Personal_Mobile,1
"Big wins, small bets! 100 pesos becomes 50K in GPLAY Dare to win at
1q2w3e8.ca",smishing,2024-04-26 21:32:44,+6391035***78,Personal_Mobile,1
"The best online business and money-making model at home in 2024, small investment, quick results, easy money making with digital currency cutt.ly/pw6KRxxD
",smishing,2024-04-26 19:43:14,+6391285***62,Personal_Mobile,1
"[Epicwin]:Embrace the challenge into our special 100% BONUS !

EpicWinsph1.eu

Deposit and get 100% and other bonuses daily!",smishing,2024-04-25 16:28:21,+6393088***25,Personal_Mobile,1
"Mag-recharge ng 100p at makakuha ng 50K cash
1q2w3e8.ca",smishing,2024-04-25 15:14:18,+6394699***05,Personal_Mobile,1
Join 177bet. Get 38P bonus for free  2i1v7y7.at,smishing,2024-04-24 06:59:30,+6398555***81,Personal_Mobile,1
"New members get up to 88,888 on the 2nd day and Contact our CSRs to get extra 1077 right now! bsemts.tw  ",smishing,2024-04-24 02:53:00,+6396489***20,Personal_Mobile,1
"Libreng 100 pesos para sa'yo! Tara na at makakuha!

spinsnow.eu

Mag-Enjoy ka sa Spins, bawat laro ay may mga bonus! sign up now!",smishing,2024-04-23 17:18:06,+6391064***64,Personal_Mobile,1
"Amplify your gaming adventure with WinningPlus! Get a 100% deposit bonus ! 

WinPlusna.eu

And win up to P10,000! Join the fun now!",smishing,2024-04-23 16:39:22,+6393065***04,Personal_Mobile,1
"PHLPOST Mail that requires your signature has been returned to your local post office, to arrange re-delivery please visit phl-gov.tw",smishing,2024-04-23 09:44:45,+6398539***61,Personal_Mobile,1
"Doblehin naten ang deposit mo ! Dito lamang sa PanaloKa! 2,000p mo ay magiging 4,000p !

Panalokawins.eu

Claim your 300% FIRST BONUS! sign up now",smishing,2024-04-22 09:45:02,+6393001***53,Personal_Mobile,1
1000% Luck bonus on ?1000 balance. Register: bet808.tw/y3Q9,smishing,2024-04-06 14:53:14,+6398559***32,Personal_Mobile,1
1000% Luck bonus on ₱1000 balance. Register: cash70.tw/1t5U,smishing,2024-04-06 14:48:04,+6398501***16,Personal_Mobile,1
"T.G.I.S. on WinningPlus! Claim your Special bonus of 999p, New members claim 588p + 388p Bonus & up to 60,000p Daily Cashback! WINPLUS: WinPlusph.eu",smishing,2024-04-06 14:21:08,+6395119***96,Personal_Mobile,1
"Magdeposito ng 100P, makakuha ng 117P na libre, 1X turnover  100k.cfd
",smishing,2024-04-06 09:37:30,+6394686***10,Personal_Mobile,1
"JILI77 Makakuha ng 107 para sa bawat 100 na gagastusin mo, makipag-ugnayan sa customer service para matanggap ang reward:lmy.de/WUYP",smishing,2024-04-06 08:04:47,+6396489***69,Personal_Mobile,1
"Kamusta, bagong free money bonus 1999 - walang deposit condition, paki-login   kmjb.eu/2255   Para makakuha ng libreng pera 1999 hindi",smishing,2024-04-05 22:19:21,+6391056***93,Personal_Mobile,1
"Magparehistro para sa libreng ₱7777, tumaya: luck7.tw/1t5U",smishing,2024-04-05 20:29:23,+6395067***43,Personal_Mobile,1
"sign up get free rewards  PHP68 , 100%  bonus x1 turnover witdraw 》》                                                      citystar68.bid",smishing,2024-04-05 19:51:35,+6396230***73,Personal_Mobile,1
"Magparehistro para sa libreng ₱7777, tumaya: pin48.tw/2jjMx",smishing,2024-04-05 12:34:55,+6396476***15,Personal_Mobile,1
"Magparehistro para sa libreng ₱7777, tumaya: win56.tw/8T9e",smishing,2024-04-05 08:23:20,+6391090***57,Personal_Mobile,1
"Magparehistro para sa libreng ₱7777, tumaya: coin10.tw/2jjMx",smishing,2024-04-05 06:46:45,+6391210***48,Personal_Mobile,1
"April's best offer is here! Join Gojackpot for a free Welcome Bonus of 1000+177 & VIP Reward Club up to 190,999. Sign up now for exciting wins GoJackpot.eu",smishing,2024-04-04 20:30:14,+6396390***90,Personal_Mobile,1
"Magparehistro para sa libreng ₱7777, tumaya: spin72.tw/6Ut",smishing,2024-04-03 21:20:52,+6390981***18,Personal_Mobile,1
"Magparehistro para sa libreng ₱7777, tumaya: luck3.auction/GZHgo5W",smishing,2024-04-03 09:54:05,+6393027***83,Personal_Mobile,1
"Magparehistro para sa libreng ₱7777, tumaya: luck3.auction/N6TV1zlt",smishing,2024-04-03 09:48:32,+6396475***96,Personal_Mobile,1
"Dumoble ang deposit ! Dito lamang sa PanaloKa! 2,000 mo ay magiging 4,000! Claim your 300% FIRST BONUS! Panaloka.buzz",smishing,2024-04-02 23:32:10,+6391266***40,Personal_Mobile,1
"Download APP to get FREE  rewards 50P,100% first deposit bonus,Uncapped 1.0% Bonus Per Deposit,join:pub11.buzz",smishing,2024-04-02 23:09:05,+6396349***50,Personal_Mobile,1
"Limited bonus and Red envelope giveaway only at JILI747,  Have 3 Chances to Win up to PHP 1,000 ! Today at 6 pm, 8 pm and 10 pm. Come get yours now! Jili747.buzz",smishing,2024-04-02 21:01:49,+6398551***00,Personal_Mobile,1
"Magrehistro online para sa mga laro ng at makakuha ng P17-177  
>>> lmy.de/MvIE",smishing,2024-04-02 15:50:39,+6391219***23,Personal_Mobile,1
"Big wins, small bets! 20 pesos becomes 100K in 177bet Dare to win at       dub.sh/msv7Nd2",smishing,2024-04-02 13:41:10,+6398540***37,Personal_Mobile,1
"Too many Welfare,Sl0t fishing and more! recharge 100 and get 100,
dub.sh/rdr4xRf",smishing,2024-04-02 05:44:56,+6398539***02,Personal_Mobile,1
"Too many Welfare,Sl0t fishing and more! recharge 100 and get 100
1y2b03y. bid",smishing,2024-04-02 02:43:20,+6398539***46,Personal_Mobile,1
"Online  Solaire Receive daily bonuses, log in to get P188 for free, multiple rewards, join now:                                               solaire98.com          ",smishing,2024-04-01 12:44:42,+6390814***51,Personal_Mobile,1
Payday Blast is here! Claim your 6888p Bonus & Chance to win a Samsung UHD worth 29999p. New players get free Welcome Bonus of 1000p+177p at GoJackpotph15.icu,smishing,2024-03-31 20:43:52,+6398556***96,Personal_Mobile,1
"Limited bonus and Red envelope giveaway only at JILI747,  Have 3 Chances to Win up to PHP 1,000 ! Today at 6 pm, 8 pm and 10 pm. Come get yours now! jili747e.tv",smishing,2024-03-31 07:37:21,+6398159***01,Personal_Mobile,1
"[Epicwin]: Sumali sa amin at tangkilikin ang limitadong 100% BONUS

Trusted website : EpicWinph5.icu

Magdeposito at makakuha ng 100% at ibang BONUS araw-araw",smishing,2024-03-31 03:41:52,+6395181***18,Personal_Mobile,1
"Download APP to get FREE  rewards 50P,100% first deposit bonus,Uncapped 1.0% Bonus Per Deposit,join:pub11.tv",smishing,2024-03-29 15:12:19,+6398552***77,Personal_Mobile,1
"Download APP to get FREE  rewards 50P,100% first deposit bonus,Uncapped 1.0% Bonus Per Deposit,join:pub11.tv",smishing,2024-03-29 04:03:40,+6398178***12,Personal_Mobile,1
"Provides you with 77p for free, and you will receive a 100% bonus on your first deposit. Get it here:                                             we-is.tv/003          ",smishing,2024-03-28 22:54:08,+6396236***64,Personal_Mobile,1
"Mag-recharge ng 100 at makakuha ng 100, gamitin ang 100 para manalo ng 10k
1y2b01y.bid",smishing,2024-03-28 19:58:12,+6394688***94,Personal_Mobile,1
"[Epicwin]: Sumali sa amin at tangkilikin ang limitadong 100% BONUS

Trusted website : EpicWinph5.icu

Magdeposito at makakuha ng 100% at ibang BONUS araw-araw",smishing,2024-03-28 15:12:24,+6398524***54,Personal_Mobile,1
"GoJackpot Holy Week Tournament! Win Big and Get Samsung UA50 + 29,999P.  New members get 1000 Free bonus. Join now at GoJackpotph14.icu",smishing,2024-03-28 14:17:05,+6398553***27,Personal_Mobile,1
"Dumoble ang deposit ! Dito lamang sa PanaloKa! 2,000 mo ay magiging 4,000! Claim your 300% FIRST BONUS!
PanaloKa.tv",smishing,2024-03-28 11:49:11,+6398177***72,Personal_Mobile,1
"Win big this Holy Week at WinningPlus! New members get 588 Free, and upcoming PAYDAY blast offers 999p. Join now at WinPlusph2.icu.",smishing,2024-03-28 03:59:16,+6395169***97,Personal_Mobile,1
"Magdeposito sa BW777 at makakuha ng 5% na bonus, at maaari ka ring makakuha ng isang iphone15 77ph7.tv/27MS04",smishing,2024-03-28 03:44:42,+6392943***41,Personal_Mobile,1
"Experience the thrill at SBET! Slots Tournament is now open! Have chance to win VIVOX30, New members get up to 3,000p bonus. Signup now and Win Big! sbet1.icu",smishing,2024-03-27 16:46:24,+6398159***38,Personal_Mobile,1
"[Epicwin]: Sumali sa amin at tangkilikin ang limitadong 100% BONUS

Trusted website : EpicWinph5.icu

Magdeposito at makakuha ng 100% at ibang BONUS araw-araw",smishing,2024-03-27 13:55:46,+6398561***41,Personal_Mobile,1
Claim worth 49k Ipad Air on GoJackpot by Joining  our Slot tournament event! Don't miss out and win big! plus  free 1000 bonus! sign up today! GoJackpotph17.icu,smishing,2024-03-27 07:31:56,+6395199***38,Personal_Mobile,1
Claim worth 49k Ipad Air on GoJackpot by Joining  our Slot tournament event! Don't miss out and win big! plus  free 1000 bonus! sign up today! GoJackpotph14.icu,smishing,2024-03-27 07:11:09,+6395190***43,Personal_Mobile,1
"Makakuha ng 100% bonus sa araw-araw na deposito
g4b61jh.bid",smishing,2024-03-26 13:48:12,+6398539***09,Personal_Mobile,1
Claim worth 49k Ipad Air on GoJackpot by Joining  our Slot tournament event! Don't miss out and win big! plus  free 1000 bonus! sign up today! GoJackpotph10.icu,smishing,2024-03-26 12:36:17,+6395137***27,Personal_Mobile,1
"[Epicwin]: Sumali sa amin at tangkilikin ang limitadong 100% BONUS

Trusted website : EpicWinph5.icu

Magdeposito at makakuha ng 100% at ibang BONUS araw-araw",smishing,2024-03-26 06:03:20,+6398171***57,Personal_Mobile,1
Register to get 200P bonus for free. Contact online customer service for more details at                                                          ul4js.com          ,smishing,2024-03-25 15:39:13,+6396252***19,Personal_Mobile,1
"Hello, new free money bonus 1999 with no deposit condition, please login     ta777.tv/8V8   to get free money 1999 now",smishing,2024-03-25 12:58:24,+6393013***85,Personal_Mobile,1
"Kumuha ng P258, tunay na benepisyo, walang mga kinakailangan, WG777.eu",smishing,2024-03-25 12:41:43,+6391207***20,Personal_Mobile,1
"Dumoble ang deposit ! Dito lamang sa PanaloKa! 2,000 mo ay magiging 4,000! Claim your 300% FIRST BONUS!
PanaloKa.tv",smishing,2024-03-25 11:42:38,+6398552***21,Personal_Mobile,1
Claim your P50 download bonus instantly.100% first deposit bonus:pub22.tv,smishing,2024-03-24 22:02:41,+6391243***93,Personal_Mobile,1
"Makakuha ng 100% bonus sa araw-araw na deposito
g4b61jh.bid",smishing,2024-03-24 16:55:13,+6390906***28,Personal_Mobile,1
"Big wins, small bets! 20 pesos becomes 100K in 177bet Dare to win at 17v7qw.bid",smishing,2024-03-24 12:16:47,+6390996***01,Personal_Mobile,1
Don't miss the GoJackpot Payday Blast promo event! Claim up to 6888 Bonus! Sign up now and receive a 1000 new member bonus! GoJackpotph10.icu,smishing,2024-03-24 05:58:46,+6398563***60,Personal_Mobile,1
17v7sf.bid Makatanggap ng 18P nang libre at manalo ng 50K na cash,smishing,2024-03-24 04:16:53,+6394664***59,Personal_Mobile,1
"[Epicwin]: Sumali sa amin at tangkilikin ang limitadong 100% BONUS

Trusted website : EpicWinph7.icu

Magdeposito at makakuha ng 100% at ibang BONUS araw-araw",smishing,2024-03-24 02:17:44,+6398151***04,Personal_Mobile,1
"Dumoble ang deposit ! Dito lamang sa PanaloKa! 2,000 mo ay magiging 4,000! Claim your 300% FIRST BONUS!
PanaloKa.tv",smishing,2024-03-23 08:44:23,+6398134***29,Personal_Mobile,1
"Maglaro na sa Slot, Fishing at Card game para makuha ang Free bonus up to 188888P:pub33.tv",smishing,2024-03-23 00:21:20,+6398152***78,Personal_Mobile,1
"[Epicwin]: Sumali sa amin at tangkilikin ang limitadong 100% BONUS

Trusted website : EpicWinph7.icu

Magdeposito at makakuha ng 100% at ibang BONUS araw-araw",smishing,2024-03-22 04:40:50,+6398514***72,Personal_Mobile,1
"TGIF vibes at GoJackpot ! Don't miss out on the PayDay Blast ! Double bonuses await 6,888p + 6,888p , For New players claim 1,000p + 1,77p at GoJackpotph15.icu",smishing,2024-03-22 04:15:53,+6395159***80,Personal_Mobile,1
"[Epicwin]: Sumali sa amin at tangkilikin ang limitadong 100% BONUS

Trusted website : EpicWinph7.icu",smishing,2024-03-21 19:29:10,+6398152***06,Personal_Mobile,1
"Get ready for upcoming bonuses , T.G.I.F at Gojackpot! Get your free 6,888p + 1,000p welcome bonus and win iPad Air or Php. 30,000p! Visit now GoJackpotph14.icu",smishing,2024-03-21 04:08:46,+6393884***95,Personal_Mobile,1
Newbies free 1666 download and claim! 6766889.tv/Aa6,smishing,2024-03-20 18:57:50,+6393052***87,Personal_Mobile,1
"Payday Blast alert! Win an iPad Air and free 6,888p bonus in the Slot Tournament. Plus, 1000p welcome bonus at GoJackpotph19.icu Play now!",smishing,2024-03-20 03:16:20,+6398134***39,Personal_Mobile,1
"[Epicwin]: Sumali sa amin at tangkilikin ang limitadong 100% BONUS

Trusted website : EpicWinph7.icu

Magdeposito at makakuha ng 100% at ibang BONUS araw-araw",smishing,2024-03-19 23:39:00,+6398134***08,Personal_Mobile,1
"Exciting Payday Blast ahead! Free 6,888p Bonus & Chance to Win iPad Air in SLOT TOURNAMENT! Plus, Free Welcome Bonus 1,000p+177p for at GoJackpotph19.icu",smishing,2024-03-19 18:10:12,+6395040***65,Personal_Mobile,1
mag deposit ka ng 100 at gawin nating 268:sv55.tv,smishing,2024-03-18 21:56:33,+6398133***90,Personal_Mobile,1
We regret to inform you! We are unable to deliver packages. Please make sure your address is up to date to ensure timely delivery:                 cutt.ly/ow2oOtEP,smishing,2024-03-18 14:11:01,+6396297***58,Personal_Mobile,1
Mark your calendars for March 20! Join the PAYDAY BONANZA! Win free 999p on WinningPlus! Enjoy Weekend High Jackpot Rates & Get Free 588p+388p on WinPlus6.tv,smishing,2024-03-18 04:18:08,+6398170***24,Personal_Mobile,1
"[Epicwin]: Sumali sa amin at tangkilikin ang limitadong 100% BONUS

Trusted website : EpicWinph7.icu

Magdeposito at makakuha ng 100% at ibang BONUS araw-araw",smishing,2024-03-17 23:33:55,+6398557***56,Personal_Mobile,1
"No.1 Online kingdom ng PINAS, may MILYONG kampyon kada araw! Dito yan sa PanaloKa, claim 316% bonus now! PanaloKa.tv",smishing,2024-03-17 21:07:15,+6398159***91,Personal_Mobile,1
"Makakakuha ang mga bagong user ng 100% na bonus sa kanilang unang deposito
g3b68jh.bid",smishing,2024-03-14 22:22:20,+6395057***68,Personal_Mobile,1
"Get Ready For Friday PayDay! Free 6,888p bonus on Mar 15 at GoJackpot! Plus, 6,888p on Mar 15! Claim 1,000p+177p at GoJackpotph12.icu",smishing,2024-03-14 15:21:06,+6398106***61,Personal_Mobile,1
"Join Slots Milestone Event & Win 70,000p prize! Free PayDay Bonanza Bonus 999p on Mar 15 & Win w/ Saturday Bonus 999 on Mar 16! Free 588p+388p at WinPlusPh2.icu",smishing,2024-03-14 00:09:14,+6398108***82,Personal_Mobile,1
"Makakakuha ang mga bagong user ng 100% na bonus sa kanilang unang deposito
g3b68jh.bid",smishing,2024-03-13 14:37:09,+6390977***45,Personal_Mobile,1
"WK777:120% unang deposito na bonus, 57p na bonus para sa pag-download ng app, magparehistro ngayon >>>w777k.tv/BC",smishing,2024-03-12 20:29:49,+6391229***68,Personal_Mobile,1
"Join Slots Milestone Event & Win 70,000p prize! Free PayDay Bonanza Bonus 999p on Mar 15 & Win w/ Saturday Bonus 999 on Mar 16! Free 588p+388p at WinPlusPh2.icu",smishing,2024-03-12 20:13:47,+6398136***73,Personal_Mobile,1
"[Epicwin]: Sumali sa amin at tangkilikin ang limitadong 100% BONUS

Trusted website : EpicWinph5.icu

Magdeposito at makakuha ng 100% at ibang BONUS araw-araw",smishing,2024-03-12 05:56:34,+6394664***28,Personal_Mobile,1
"[Epicwin]: Sumali sa amin at tangkilikin ang limitadong 100% BONUS

Trusted website : EpicWinph5.icu

Magdeposito at makakuha ng 100% at ibang BONUS araw-araw",smishing,2024-03-12 03:49:14,+6398122***67,Personal_Mobile,1
Mag register at i-claim ang iyong 128% first deposit rewards up to 10888! Don't miss out the chance!:ty72.tv,smishing,2024-03-12 02:58:53,+6398106***56,Personal_Mobile,1
"Provides you with 77p for free, and you will receive a 100% bonus on your first deposit. Get it here:                                           hjdenmz.site          ",smishing,2024-03-11 16:13:41,+6390825***23,Personal_Mobile,1
"Makakakuha ang mga bagong user ng 100% na bonus sa kanilang unang deposito
g3b61jh.bid",smishing,2024-03-11 11:27:15,+6390981***10,Personal_Mobile,1
"I-download ang programa at makakuha ng P117
ffx78.bid",smishing,2024-03-11 11:26:01,+6395055***01,Personal_Mobile,1
"Congratulation GCash User,

You've been rewarded with a PHP
15,000 GCash Voucher from GCredit.

 Claim here: 
congratulation-vipgcash.website/claim

 Thank you for using GCash.",smishing,2024-03-11 05:58:25,+6391216***99,Personal_Mobile,1
"Register for 77JL and get P18 for free, deposit P100 every day to get P100, and download the APP to get P188. Hurry and go to:jl17.tv",smishing,2024-03-10 22:04:01,+6395119***91,Personal_Mobile,1
"Congratulation GCash User,

You've been rewarded with a PHP
15,000 GCash Voucher from GCredit.

 Claim here: 
congratulation-vipgcash.website/claim

 Thank you for using GCash.",smishing,2024-03-10 21:54:58,+6391219***57,Personal_Mobile,1
"[Epicwin ]: Join us & enjoy limited 100% BONUS

Trusted website : EpicWinph5.icu

Deposit and get 100% & get BONUS everyday",smishing,2024-03-10 15:58:51,+6398136***32,Personal_Mobile,1
Mag register at i-claim ang iyong 128% first deposit rewards up to 10888! Don't miss out the chance!:ty73.tv,smishing,2024-03-10 15:49:28,+6393021***90,Personal_Mobile,1
"[Epicwin ]: Join us & enjoy limited 100% BONUS

Trusted website : EpicWinph5.icu

Deposit and get 100% & get BONUS everyday",smishing,2024-03-10 07:39:31,+6398109***16,Personal_Mobile,1
Mag register at i-claim ang iyong 128% first deposit rewards up to 10888! Don't miss out the chance!:ty73.tv,smishing,2024-03-10 06:12:53,+6398557***86,Personal_Mobile,1
"New users sign up to receive the 1999p bonus for free, and more preferential activities are waiting for you to receive!     ta777.de/qsI",smishing,2024-03-09 23:19:06,+6396492***46,Personal_Mobile,1
mag deposit ka ng 100 at gawin nating 268:sv11.tv,smishing,2024-03-09 14:17:53,+6391284***60,Personal_Mobile,1
"Hurry! WinPlus Saturday special T.G.I.S! Enjoy Free 999 bonus, Jackpot vibes. Plus, bonus treats 588p+388p at WinPlusph4.icu",smishing,2024-03-09 14:04:23,+6391090***85,Personal_Mobile,1
"ay malayang nag-aalok sa iyo ng 88 P , kunin ito dito:ty80.tv",smishing,2024-03-07 02:02:43,+6398509***07,Personal_Mobile,1
"50P FREE B0NUS for you, 
Gc''ash C''ash 0ut Instant! 
Your Luckday start here 
>>> lmy.de/srFN 
>>> Jackpotjili. com",smishing,2024-03-06 17:07:49,+6396492***78,Personal_Mobile,1
"50P FREE B0NUS for you, 
Gc''ash C''ash 0ut Instant! 
Your Luckday start here 
>>> lmy.de/srFN 
>>> Jackpotjili. com",smishing,2024-03-06 17:07:57,+6396492***78,Personal_Mobile,1
"Whats New?  CC6 Launched, deposit 1OO and received instant  p 222.  Hurry up and Claim Now!                                                     cc6vip0.com/          ",smishing,2024-03-06 15:19:03,+6396239***48,Personal_Mobile,1
Bagong mang lalaro ay makatanggap ng libreng 188php at marami pang premyo ang nag hihintay:ta777.tv/TWG,smishing,2024-03-06 02:57:08,+6391273***85,Personal_Mobile,1
"UNIONBANK

We have noticed that someone's trying to open your UB account. Please be adviced that you need to secure your account immediately,
Please visit: llink.ee/UBupdate",smishing,2024-03-05 10:29:44,+6398562***78,Personal_Mobile,1
"Join March 5 PayDay Blast For Free 6,888p bonus on GoJackpot! Claim 1,000p+177p bonus on new register. Win Jackpot & Get 239% extra bonus on GoJackpotph21.icu",smishing,2024-03-05 08:22:58,+6391238***45,Personal_Mobile,1
"New users sign up to receive the 188p bonus for free, and more preferential activities are waiting for you to receive!  ta777.tv/Omd",smishing,2024-03-05 05:11:50,+6391252***48,Personal_Mobile,1
"Big wins, small bets! 20 pesos becomes 100K in 177bet. Dare to win a
a8sdk.bid",smishing,2024-03-04 20:31:29,+6394618***25,Personal_Mobile,1
Mag register at i-claim ang iyong 128% first deposit rewards up to 10888! Don't miss out the chance!:ty72.tv ,smishing,2024-03-04 18:48:43,+6394844***12,Personal_Mobile,1
"Big wins, small bets! 20 pesos becomes 100K in 177bet. Dare to win a
a8sdk.bid",smishing,2024-03-04 00:25:39,+6395058***07,Personal_Mobile,1
"Consecutive log-in get P8,888 !! Recommend friends and receive unlimited                                                                             go.ly/HefxP          ",smishing,2024-03-03 18:57:42,+6396234***25,Personal_Mobile,1
"[Epicwin ]: Join us & enjoy limited 100% BONUS

Trusted website : EpicWinph1.icu

Deposit and get 100% & get BONUS everyday",smishing,2024-03-02 23:59:23,+6398178***72,Personal_Mobile,1
"Hurry! WinPlus Saturday special T.G.I.S! Enjoy Free 999 bonus, Jackpot vibes. Plus, bonus treats 588p+388p at WinPlusph1.icu",smishing,2024-03-02 07:14:40,+6398560***97,Personal_Mobile,1
ltaujmepqlzhu9q.sidewayshogwort.cx/jd8pjhzifgb1kk9w2dg8 Mag-sign up ngayon at mag-claim ng iyong 100% deposit bonus para sa dobleng kasiyahan at panalo.,smishing,2024-02-29 18:42:23,+6393034***99,Personal_Mobile,1
q33u4cxm6.lairlessphenotype.gl/sexotgvqtd6oxugeth7ld6 Free money for your gaming adventure. Claim it now and start your journey to big wins.,smishing,2024-02-29 15:19:33,+6396301***68,Personal_Mobile,1
"Get Ready For 29 Feb PayDay Blast Free 6,888p Bonus! Spin New Year Wheel to win Mitsubishi,Toyota Cars & iPhone 15! Claim Free 1,000p+177p at GoJackpotph23.icu",smishing,2024-02-28 18:27:36,+6397021***14,Personal_Mobile,1
"2.Big wins, small bets! 100 pesos becomes 50K in GPLAY Dare to win at
1q2w3e7.ca",smishing,2024-04-21 17:05:43,+6393074***48,Personal_Mobile,1
"Big wins, small bets! 20 pesos becomes 10K in 177bet Dare to win at  2i1v7y7.at
",smishing,2024-04-21 15:59:29,+6398539***43,Personal_Mobile,1
"Make the most of Saturday at WinningPlus! Claim up to 999p today! 
WinPlusNow1.eu

Play in Slots Bet Tournament to win a Xiaomi TV A Pro 55 worth 29,990p!",smishing,2024-04-20 20:34:36,+6391081***79,Personal_Mobile,1
Book a staycation and pay with GGives! Spend quality time with family this long weekend and pay in stress-free installments. Tap Borrow > GGives to learn more.,ads,2024-04-08 18:50:09,GCash,Verified_Brand,0
Update your GCash account by April 12 to continue enjoying full access to convenient and hassle-free services! To update: Go to profile > Tap your Name > Update Account Information,ads,2024-04-08 23:43:09,GCash,Verified_Brand,0
"In line with BSP regulations, please update your GCash account details by April 12. To update: Go to profile > Tap your Name > Update Account Information",ads,2024-04-10 16:22:06,GCash,Verified_Brand,0
Catch exciting promos from the Abenson Harvest Festival and pay with GGives! May FREE rice cooker ka pa when you spend at least P15k at any Abenson branch.,ads,2024-04-15 15:28:18,GCash,Verified_Brand,0
"2.Big wins, small bets! 100 pesos becomes 50K in GPLAY Dare to win at
1q2w3e7.ca",smishing,2024-04-20 01:58:38,+6394882***90,Personal_Mobile,1
"1.Mag-recharge get 100% bonus, gamitin ang 100 para manalo ng 10k!
1q2w3e7.ca",smishing,2024-04-19 19:11:08,+6393022***49,Personal_Mobile,1
Extra thrill at panalo sa bawat deposito with 100% bonus at free red envelope.                                                                                     play6.eu/7v4m          ,smishing,2024-04-18 16:45:56,+6398178***05,Personal_Mobile,1
eccash-loan now,smishing,2024-04-18 09:50:43,+6393056***22,Personal_Mobile,1
"2.Magdeposito ng 100P, makakuha ng 100P na libre
1q2w3e6.ca",smishing,2024-04-18 07:38:43,+6398555***04,Personal_Mobile,1
"1.I-double mo na ang saya at panalo mo.100% deposit bonus,naghihintay sayo.
1q2w3e6.ca",smishing,2024-04-17 20:24:23,+6399950***74,Personal_Mobile,1
"[Epicwin]: Sumali sa amin at tangkilikin ang limitadong 100% BONUS

Trusted website : Epicwins2.eu

Magdeposito at makakuha ng 100% at ibang BONUS araw-araw",smishing,2024-04-17 19:38:55,+6393064***56,Personal_Mobile,1
"[Epicwin]: Sumali sa amin at tangkilikin ang limitadong 100% BONUS

Trusted website : Epicwins2.eu

Magdeposito at makakuha ng 100% at ibang BONUS araw-araw",smishing,2024-04-17 16:38:23,+6391018***59,Personal_Mobile,1
"New player welfare bonuses up to P1,988 will be drawn daily Instead of clicking on jlmcao.ac/wsj01 to receive a great gift take action",smishing,2024-04-17 15:50:19,+6396278***28,Personal_Mobile,1
"New player welfare bonuses up to P1,988 will be drawn daily Instead of clicking on jlmcao.ac/wsj01 to receive a great gift take action",smishing,2024-04-17 15:41:19,+6396266***34,Personal_Mobile,1
"Kamusta, bagong free money bonus 1999 - walang deposit condition, paki-login kmjb.eu/0015 Para makakuha ng libreng pera 1999 hindi",smishing,2024-04-17 06:03:30,+6391017***87,Personal_Mobile,1
"Ready Exciting Weekend at Sbet! Enjoy 200% Deposit Bonus With Free 3,000p! Win Big Now from Weekend Special Prize Pool & Get Up to 22% Extra Bonus At Sbetwin.eu",smishing,2024-04-16 22:33:25,+6391067***38,Personal_Mobile,1
Mga boss. Meron tayong libreng 100 piso na ipamimigay! spins99.eu,smishing,2024-04-16 18:52:44,+6393068***64,Personal_Mobile,1
"1.Mag-recharge get 100% bonus, gamitin ang 100 para manalo ng 10k!
1q2w3e6.ca",smishing,2024-04-16 04:20:28,+6398594***23,Personal_Mobile,1
"It's raining rewards at GoJackpot ! Claim Payday Blast Bonus 6,888p ! Win Samsung S23 in our Slot Win Event ! New Players get 1,000p+177p at Gojackpot5.eu",smishing,2024-04-16 02:39:36,+6391070***34,Personal_Mobile,1
"Dumoble ang deposit ! Dito lamang sa PanaloKa! 2,000 mo ay magiging 4,000! Claim your 300% FIRST BONUS! PanloKa.eu",smishing,2024-04-15 14:10:20,+6393049***83,Personal_Mobile,1
PNP is investigating your BDO account for suspicious transactions under RA 9160. Verify them here: https://shorten.is/BDO-ph,smishing,2024-04-15 08:03:03,PTCFOR,Verified_Brand,1
"3.Magdeposito ng 100P, makakuha ng 100P na libre
1q2w3e5.ca",smishing,2024-04-15 00:54:31,+6398539***77,Personal_Mobile,1
"[BDO Unibank, Inc.]

Important Advisory: Your registered mobile number needs to be updated tοⅾау. For your security, рⅼеаѕе visit hеrе: my-bdo-account-online.pl?SIM to սрⅾаtе and continue receiving Оոе-Тіⅿе PIN(OTP).",smishing,2024-04-12 07:38:33,+6390865***24,Personal_Mobile,1
"hxok.de/ndpY Sa 200% deposit bonus, every gaming session mo, mas rewarding.",smishing,2024-04-12 02:13:04,+6398556***87,Personal_Mobile,1
17s7.ca Mag-recharge ng 100P. Magbahagi ng 500K pulang sobre araw-araw .,smishing,2024-04-11 19:44:24,+6390969***37,Personal_Mobile,1
"[Epicwin]: Sumali sa amin at tangkilikin ang limitadong 100% BONUS

Trusted website : epicwins1.eu

Magdeposito at makakuha ng 100% at ibang BONUS araw-araw",smishing,2024-04-11 18:26:12,+6391031***04,Personal_Mobile,1
"Sa bawat deposit, enjoy 200% more funds for your gaming pleasure. 2mapz.de/zsyYG",smishing,2024-04-11 12:44:02,+6398134***98,Personal_Mobile,1
Play and win without worrying about deposits. Free money is waiting for you! zs82m.de/2Dzp,smishing,2024-04-10 18:01:44,+6398519***59,Personal_Mobile,1
"Greetings from GCash

Please be advised that we are requiring everyone to verify their registered number to avoid termination.

Verify here
titan.is/GLifeInsure",smishing,2024-04-10 17:51:47,+6393036***10,Personal_Mobile,1
"Kamusta, bagong free money bonus 1999 - walang deposit condition, paki-login   kmjb.eu/0002 Para makakuha ng libreng pera 1999 hindi",smishing,2024-04-10 13:46:13,+6398576***57,Personal_Mobile,1
"Walang hulog, walang alalahanin. Simulan ang iyong paglalaro sa amin, libreng pera handog para sayo. 6vlir.de/Xi8A",smishing,2024-04-10 10:43:14,+6398552***98,Personal_Mobile,1
b9k.co.za Makatanggap ng 18P nang libre at manalo ng 200K na cash-,smishing,2024-04-10 02:51:58,+6398539***44,Personal_Mobile,1
"JILI77 Makakuha ng 107 para sa bawat 100 na gagastusin mo, makipag-ugnayan sa customer service para matanggap ang reward:lmy.de/WUYP",smishing,2024-04-09 15:55:31,+6396489***75,Personal_Mobile,1
"JILI77 Makakuha ng 107 para sa bawat 100 na gagastusin mo, makipag-ugnayan sa customer service para matanggap ang reward:lmy.de/WUYP",smishing,2024-04-09 12:15:41,+6396494***41,Personal_Mobile,1
"You can get a commission of ₱77,777 per day. Come with me, I will give you ₱7777 right now play83.de/9GadN",smishing,2024-04-09 07:41:40,+6396476***36,Personal_Mobile,1
"69i.co.za I-double mo na ang saya at panalo mo.100% deposit bonus,naghihintay sayo.7",smishing,2024-04-08 23:40:16,+6391005***52,Personal_Mobile,1
Deposit and get 2X bonus register and you will have the opportunity to receive ₱7777 spin80.tw/uOyWx,smishing,2024-04-08 14:21:31,+6398552***54,Personal_Mobile,1
"Get April's top offer at GoJackpot! Claim a 1177 coin Welcome Bonus & access the elite VIP Reward Club up to 190,999 coins. Join now at GoJackpot2.eu",smishing,2024-04-08 13:50:14,+6393027***83,Personal_Mobile,1
"JILI77 Makakuha ng 107 para sa bawat 100 na gagastusin mo, makipag-ugnayan sa customer service para matanggap ang reward:lmy.de/WUYP",smishing,2024-04-08 04:43:29,+6396489***07,Personal_Mobile,1
",Big wins, small bets! 100 pesos becomes 50K in 177bet Dare to win at     12sg.cfd",smishing,2024-04-08 00:16:07,+6394899***09,Personal_Mobile,1
Mga boss. Meron tayong libreng 100 piso na ipamimigay! spin77.eu,smishing,2024-04-08 00:16:06,+6398551***23,Personal_Mobile,1
"DoH: Tara na sa Chikiting Ligtas Campaign! Pabakunahan ang mga anak laban Polio, Rubella, at Tigdas mula May 1 hanggang 31.",gov,2023-04-27 08:46:36,NTC,Verified_Brand,0
"DoH: Makiisa sa Chikiting Ligtas Campaign! Pabakunahan ang inyong anak laban Polio, Rubella at Tigdas, sa pinakamalapit na health center sa inyong lugar.",gov,2023-05-01 10:18:02,NTC,Verified_Brand,0
"DoH: Makiisa sa Chikiting Ligtas Campaign! Pabakunahan ang inyong anak laban Polio, Rubella at Tigdas, sa pinakamalapit na health center sa inyong lugar.",gov,2023-05-08 07:23:27,NTC,Verified_Brand,0
"DoH: Makiisa sa Chikiting Ligtas Campaign! Pabakunahan ang inyong anak laban Polio, Rubella at Tigdas, sa pinakamalapit na health center sa inyong lugar.",gov,2023-05-16 07:40:56,NTC,Verified_Brand,0
"DoH: Makiisa sa Chikiting Ligtas Campaign! Pabakunahan ang inyong anak laban Polio, Rubella at Tigdas, sa pinakamalapit na health center sa inyong lugar.",gov,2023-05-23 08:53:06,NTC,Verified_Brand,0
"PSA: Para sa tamang datos tungo sa tamang hakbang at polisiya para sa sektor ng agrikultura, suportahan ang 2022 Census of Agriculture and Fisheries!",gov,2023-09-17 08:22:40,NTC,Verified_Brand,0
Babala:Huwag ibigay ang personal na impormasyon sa text o email mula sa mga hindi kilalang number o email address.Maging ligtas at huwag maging biktima ng scam.,gov,2023-10-28 07:32:01,NTC,Verified_Brand,0
Babala:Huwag ibigay ang personal na impormasyon sa text o email mula sa mga hindi kilalang number o email address.Maging ligtas at huwag maging biktima ng scam.,gov,2023-11-04 07:44:41,NTC,Verified_Brand,0
Babala:Huwag ibigay ang personal na impormasyon sa text o email mula sa mga hindi kilalang number o email address.Maging ligtas at huwag maging biktima ng scam.,gov,2023-11-11 07:26:27,NTC,Verified_Brand,0
"DMW:#ApatDapat1&2 
1.Trabaho ba sa abroad? Mag-apply lang sa licensed recruitment agencies na maveverify sa DMW website
2.I-check muna kung may aprub job order",gov,2023-12-13 08:29:14,NTC,Verified_Brand,0
"1/3 Ito ay isang paalala mula sa National Telecommunications Commission, Telecommunications Connectivity, Inc at SMART.",gov,2023-12-16 14:41:00,NTC,Verified_Brand,0
"3/3 Para sa dagdag na impormasyon, bisitahin ang tcimnp.com.ph. Ang TCI (Telecommunications Connectivity, Inc.) ay ang joint venture ng DITO, Globe at SMART.",gov,2023-12-16 14:42:01,NTC,Verified_Brand,0
"2/3 Ayon sa Republic Act 11202, maaari kang magpalit ng mobile network at  mapanatili ang iyong number sa serbisyong Mobile Number Portability (MNP). Libre ito.",gov,2023-12-16 14:42:01,NTC,Verified_Brand,0
You can now access government services including your National ID (PhilSys) on the new eGovPH app! Click e.gov.ph/app to download eGovPH App for iOS/Android.,gov,2023-10-01 19:54:43,DICT,Verified_Brand,0
"HUWAG PONG MANIWALA SA TEXT NA NAGLALAMAN NG 
INYONG PANGALAN NA NAG-AALOK NG TRABAHO, 
PABUYA O PERA. ITO PO AY ISANG SCAM. I-REPORT SA 
HTTPS://NTC.GOV.PH",gov,2022-10-06 19:20:19,ntc,Verified_Brand,0
"HUWAG PONG MANIWALA SA TEXT NA NAGLALAMAN NG INYONG PANGALAN NA NAG-AALOK NG TRABAHO,
PABUYA O PERA. ITO PO AY ISANG SCAM. I-REPORT SA HTTPS://NTC.GOV.PH",gov,2022-10-09 12:31:53,ntc,Verified_Brand,0
"1/2 HUWAG MANIWALA SA TEXT NA NAGLALAMAN NG INYONG 
PANGALAN NA NAG-AALOK NG TRABAHO, PABUYA O PERA. ITO AY 
ISANG SCAM.",gov,2022-11-15 20:54:34,ntc,Verified_Brand,0
"2/2 I-REPORT SA HTTPS://NTC.GOV.PH o TUMAWAG SA 
NTC HOTLINE 1682.",gov,2022-11-15 20:54:34,ntc,Verified_Brand,0
"HUWAG MANIWALA SA TEXT NA MAY PANGALAN NINYO AT ALOK NA TRABAHO, PABUYA O PERA. ITO AY ISANG SCAM. I-REPORT SA HTTPS://NTC.GOV.PH o TUMAWAG SA NTC HOTLINE 1682",gov,2022-11-16 17:18:59,ntc,Verified_Brand,0
"HUWAG MANIWALA SA TEXT NA MAY PANGALAN NINYO AT ALOK NA TRABAHO, PABUYA O PERA. ITO AY ISANG SCAM. I-REPORT SA HTTPS://NTC.GOV.PH o TUMAWAG SA NTC HOTLINE 1682",gov,2022-11-28 07:45:21,ntc,Verified_Brand,0
"1/2 HUWAG MANIWALA SA TEXT NA NAGLALAMAN NG PAGHIKAYAT O PAGSALI SA ANUMANG LARO O NAG-AALOK NG PANALO, PABUYA O PERA.",gov,2022-12-16 14:29:46,ntc,Verified_Brand,0
2/2 ITO AY ISANG SCAM.I-REPORT SA HTTPS://NTC.GOV.PH O ITAWAG SA NTC HOTLINE 1682,gov,2022-12-16 14:29:47,ntc,Verified_Brand,0
2/2 ITO AY ISANG SCAM.I-REPORT SA HTTPS://NTC.GOV.PH O ITAWAG SA NTC HOTLINE 1682,gov,2022-12-20 09:19:48,ntc,Verified_Brand,0
"1/2 HUWAG MANIWALA SA TEXT NA NAGLALAMAN NG PAGHIKAYAT O PAGSALI SA ANUMANG LARO O NAG-AALOK NG PANALO, PABUYA O PERA.",gov,2022-12-20 09:19:48,ntc,Verified_Brand,0
"PAALALA: ANG PAG-REHISTRO NG SIM AY LIBRE. MAG-INGAT DIN AT WAG MANIWALA SA MGA HINDI KILALA NA NAG-AALOK NG TULONG SA PAGPAPAREHISTRO, MAY BAYAD MAN O WALA.",gov,2023-01-11 07:41:01,ntc,Verified_Brand,0
"PAALALA: ANG PAG-REHISTRO NG SIM AY LIBRE. MAG-INGAT DIN AT WAG MANIWALA SA MGA HINDI KILALA NA NAG-AALOK NG TULONG SA PAGPAPAREHISTRO, MAY BAYAD MAN O WALA.",gov,2023-01-13 07:43:11,ntc,Verified_Brand,0
"PAALALA: ANG PAG-REHISTRO NG SIM AY LIBRE. MAG-INGAT DIN AT WAG MANIWALA SA MGA HINDI KILALA NA NAG-AALOK NG TULONG SA PAGPAPAREHISTRO, MAY BAYAD MAN O WALA.",gov,2023-01-15 09:47:17,ntc,Verified_Brand,0
"PAALALA: ANG PAG-REHISTRO NG SIM AY LIBRE. MAG-INGAT DIN AT WAG MANIWALA SA MGA HINDI KILALA NA NAG-AALOK NG TULONG SA PAGPAPAREHISTRO, MAY BAYAD MAN O WALA.",gov,2023-01-17 09:07:38,ntc,Verified_Brand,0
"PAALALA: ANG PAG-REHISTRO NG SIM AY LIBRE. MAG-INGAT DIN AT WAG MANIWALA SA MGA HINDI KILALA NA NAG-AALOK NG TULONG SA PAGPAPAREHISTRO, MAY BAYAD MAN O WALA.",gov,2023-01-21 07:39:56,ntc,Verified_Brand,0
"PAALALA: ANG PAG-REHISTRO NG SIM AY LIBRE. MAG-INGAT DIN AT WAG MANIWALA SA MGA HINDI KILALA NA NAG-AALOK NG TULONG SA PAGPAPAREHISTRO, MAY BAYAD MAN O WALA.",gov,2023-01-24 07:54:21,ntc,Verified_Brand,0
"PAALALA: ANG PAG-REHISTRO NG SIM AY LIBRE. MAG-INGAT DIN AT WAG MANIWALA SA MGA HINDI KILALA NA NAG-AALOK NG TULONG SA PAGPAPAREHISTRO, MAY BAYAD MAN O WALA.",gov,2023-01-26 07:59:59,ntc,Verified_Brand,0
HUWAG MANIWALA SA TEXT TUNGKOL SA PERA O BANK VERIFICATION. ITO AY ISANG SCAM. I-REPORT SA HTTPS://NTC.GOV.PH o TUMAWAG SA NTC HOTLINE 1682,gov,2023-03-01 07:14:34,ntc,Verified_Brand,0
HUWAG MANIWALA SA TEXT TUNGKOL SA PERA O BANK VERIFICATION. ITO AY ISANG SCAM. I-REPORT SA HTTPS://NTC.GOV.PH o TUMAWAG SA NTC HOTLINE 1682,gov,2023-03-01 08:08:42,ntc,Verified_Brand,0
HUWAG MANIWALA SA TEXT TUNGKOL SA PERA O BANK VERIFICATION. ITO AY ISANG SCAM. I-REPORT SA HTTPS://NTC.GOV.PH o TUMAWAG SA NTC HOTLINE 1682,gov,2023-03-01 08:08:43,ntc,Verified_Brand,0
HUWAG MANIWALA SA TEXT TUNGKOL SA PERA O BANK VERIFICATION. ITO AY ISANG SCAM. I-REPORT SA HTTPS://NTC.GOV.PH o TUMAWAG SA NTC HOTLINE 1682,gov,2023-03-03 10:26:20,ntc,Verified_Brand,0
HUWAG MANIWALA SA TEXT TUNGKOL SA PERA O BANK VERIFICATION. ITO AY ISANG SCAM. I-REPORT SA HTTPS://NTC.GOV.PH o TUMAWAG SA NTC HOTLINE 1682,gov,2023-03-06 08:02:18,ntc,Verified_Brand,0
HUWAG MANIWALA SA TEXT TUNGKOL SA PERA O BANK VERIFICATION. ITO AY ISANG SCAM. I-REPORT SA HTTPS://NTC.GOV.PH o TUMAWAG SA NTC HOTLINE 1682,gov,2023-03-06 12:47:21,ntc,Verified_Brand,0
HUWAG MANIWALA SA TEXT TUNGKOL SA PERA O BANK VERIFICATION. ITO AY ISANG SCAM. I-REPORT SA HTTPS://NTC.GOV.PH o TUMAWAG SA NTC HOTLINE 1682,gov,2023-03-09 08:30:08,ntc,Verified_Brand,0
HUWAG MANIWALA SA TEXT TUNGKOL SA PERA O BANK VERIFICATION. ITO AY ISANG SCAM. I-REPORT SA HTTPS://NTC.GOV.PH o TUMAWAG SA NTC HOTLINE 1682,gov,2023-03-09 12:29:30,ntc,Verified_Brand,0
HUWAG MANIWALA SA TEXT TUNGKOL SA PERA O BANK VERIFICATION. ITO AY ISANG SCAM. I-REPORT SA HTTPS://NTC.GOV.PH o TUMAWAG SA NTC HOTLINE 1682,gov,2023-03-12 07:43:57,ntc,Verified_Brand,0
"NDRRMC(9:28AM, 29Oct22)Signal #3 sa Cavite. Malakas na hangin ang inaasahan sa loob ng 18 oras. Lahat ay pinag-iingat.",gov,2022-10-29 11:26:10,ndrrmc,Verified_Brand,0
"NDRRMC(12:45PM, 29Oct22)Orange Rainfall Warning sa Cavite. Nagbabanta ang matinding pag-ulan, pagbaha at pagguho ng lupa.",gov,2022-10-29 14:58:23,ndrrmc,Verified_Brand,0
"NDRRMC(5:45PM, 29Oct22)Red Rainfall Warning sa Cavite. Asahan ang matinding pag-ulan, pagbaha at pagguho ng lupa.",gov,2022-10-29 18:14:24,ndrrmc,Verified_Brand,0
"Pwede ng ma-access ang iba't ibang government services gaya ng Philhealth, GSIS, National ID at iba pa! Download eGovPH App now on both iOS/Android.",gov,2024-02-26 23:51:38,eGovPH,Verified_Brand,0
"Pwede ng ma-access ang iba't ibang government services gaya ng Philhealth, GSIS, National ID at iba pa! Download eGovPH App now on both iOS/Android.",gov,2024-02-27 00:27:50,eGovPH,Verified_Brand,0
"Pwede ng ma-access ang iba't ibang government services gaya ng Philhealth, GSIS, National ID at iba pa! Download eGovPH App now on both iOS/Android.",gov,2024-02-27 01:01:20,eGovPH,Verified_Brand,0
"Pwede ng ma-access ang iba't ibang government services gaya ng Philhealth, GSIS, National ID at iba pa! Download eGovPH App now on both iOS/Android.",gov,2024-02-27 01:32:10,eGovPH,Verified_Brand,0
"Pwede ng ma-access ang iba't ibang government services gaya ng Philhealth, GSIS, National ID at iba pa! Download eGovPH App now on both iOS/Android.",gov,2024-02-27 02:07:18,eGovPH,Verified_Brand,0
"Pwede ng ma-access ang iba't ibang government services gaya ng Philhealth, GSIS, National ID at iba pa! Download eGovPH App now on both iOS/Android.",gov,2024-02-27 02:30:09,eGovPH,Verified_Brand,0
"Pwede ng ma-access ang iba't ibang government services gaya ng Philhealth, GSIS, National ID at iba pa! Download eGovPH App now on both iOS/Android.",gov,2024-02-27 02:41:32,eGovPH,Verified_Brand,0
"Pwede ng ma-access ang iba't ibang government services gaya ng Philhealth, GSIS, National ID at iba pa! Download eGovPH App now on both iOS/Android.",gov,2024-02-27 02:48:51,eGovPH,Verified_Brand,0
"Pwede ng ma-access ang iba't ibang government services gaya ng Philhealth, GSIS, National ID at iba pa! Download eGovPH App now on both iOS/Android.",gov,2024-02-27 03:18:33,eGovPH,Verified_Brand,0
"Pwede ng ma-access ang iba't ibang government services gaya ng Philhealth, GSIS, National ID at iba pa! Download eGovPH App now on both iOS/Android.",gov,2024-02-27 04:55:13,eGovPH,Verified_Brand,0
"Pwede ng ma-access ang iba't ibang government services gaya ng Philhealth, GSIS, National ID at iba pa! Download eGovPH App now on both iOS/Android.",gov,2024-02-27 06:22:28,eGovPH,Verified_Brand,0
"Pwede ng ma-access ang iba't ibang government services gaya ng Philhealth, GSIS, National ID at iba pa! Download eGovPH App now on both iOS/Android.",gov,2024-02-27 06:53:27,eGovPH,Verified_Brand,0
"Pwede ng ma-access ang iba't ibang government services gaya ng Philhealth, GSIS, National ID at iba pa! Download eGovPH App now on both iOS/Android.",gov,2024-02-27 07:11:16,eGovPH,Verified_Brand,0
"Pwede ng ma-access ang iba't ibang government services gaya ng Philhealth, GSIS, National ID at iba pa! Download eGovPH App now on both iOS/Android.",gov,2024-02-27 07:55:32,eGovPH,Verified_Brand,0
"Pwede ng ma-access ang iba't ibang government services gaya ng Philhealth, GSIS, National ID at iba pa! Download eGovPH App now on both iOS/Android.",gov,2024-02-27 08:12:49,eGovPH,Verified_Brand,0
"Pwede ng ma-access ang iba't ibang government services gaya ng Philhealth, GSIS, National ID at iba pa! Download eGovPH App now on both iOS/Android.",gov,2024-02-27 08:23:11,eGovPH,Verified_Brand,0
"Pwede ng ma-access ang iba't ibang government services gaya ng Philhealth, GSIS, National ID at iba pa! Download eGovPH App now on both iOS/Android.",gov,2024-02-27 08:32:50,eGovPH,Verified_Brand,0
"Pwede ng ma-access ang iba't ibang government services gaya ng Philhealth, GSIS, National ID at iba pa! Download eGovPH App now on both iOS/Android.",gov,2024-02-27 09:44:52,eGovPH,Verified_Brand,0
"Pwede ng ma-access ang iba't ibang government services gaya ng Philhealth, GSIS, National ID at iba pa! Download eGovPH App now on both iOS/Android.",gov,2024-02-27 10:07:39,eGovPH,Verified_Brand,0
"Pwede ng ma-access ang iba't ibang government services gaya ng Philhealth, GSIS, National ID at iba pa! Download eGovPH App now on both iOS/Android.",gov,2024-02-27 10:35:59,eGovPH,Verified_Brand,0
"Pwede ng ma-access ang iba't ibang government services gaya ng Philhealth, GSIS, National ID at iba pa! Download eGovPH App now on both iOS/Android.",gov,2024-02-27 10:40:22,eGovPH,Verified_Brand,0
"Pwede ng ma-access ang iba't ibang government services gaya ng Philhealth, GSIS, National ID at iba pa! Download eGovPH App now on both iOS/Android.",gov,2024-02-27 10:52:07,eGovPH,Verified_Brand,0
"Pwede ng ma-access ang iba't ibang government services gaya ng Philhealth, GSIS, National ID at iba pa! Download eGovPH App now on both iOS/Android.",gov,2024-02-27 11:14:49,eGovPH,Verified_Brand,0
"Magandang balita! Ang National ID mo, nasa cellphone mo na! I-download lang ang eGovPH sa AppStore at GooglePlay! Bayang digital ang bagong Pilipinas!",gov,2024-05-11 10:04:07,DICT,Verified_Brand,0
"Maaari na ninyong makita ang inyong PhilHealth membership, contributions at konsulta provider sa eGovPH app. I-download na ang eGovPH sa AppStore at GooglePlay!",gov,2024-03-25 16:26:24,PHILHEALTH,Verified_Brand,0
SEC: Mag-ingat sa kumakalat na ?Advance Fee Scam.? Ito ay ang paghingi ng paunang bayad bago maaprobahan ang inuutang. Bawal ito. Sumangguni sa www.sec.gov.ph,gov,2024-03-09 07:32:37,NTC,Verified_Brand,0
SEC: Mag-ingat sa kumakalat na 'Advance Fee Scam.' Ito ay ang paghingi ng paunang bayad bago maaprobahan ang inuutang. Bawal ito. Sumangguni sa www.sec.gov.ph,gov,2024-03-09 09:37:25,NTC,Verified_Brand,0
"Pwede ng ma-access ang iba't ibang government services gaya ng Philhealth, GSIS, National ID at iba pa! Download eGovPH App now on both iOS/Android.",gov,2024-02-27 00:27:50,eGovPH,Verified_Brand,0
"Pwede ng ma-access ang iba't ibang government services gaya ng Philhealth, GSIS, National ID at iba pa! Download eGovPH App now on both iOS/Android.",gov,2024-02-27 01:01:20,eGovPH,Verified_Brand,0
"Pwede ng ma-access ang iba't ibang government services gaya ng Philhealth, GSIS, National ID at iba pa! Download eGovPH App now on both iOS/Android.",gov,2024-02-27 01:32:10,eGovPH,Verified_Brand,0
"Pwede ng ma-access ang iba't ibang government services gaya ng Philhealth, GSIS, National ID at iba pa! Download eGovPH App now on both iOS/Android.",gov,2024-02-27 02:07:18,eGovPH,Verified_Brand,0
"Pwede ng ma-access ang iba't ibang government services gaya ng Philhealth, GSIS, National ID at iba pa! Download eGovPH App now on both iOS/Android.",gov,2024-02-27 02:30:09,eGovPH,Verified_Brand,0
"Pwede ng ma-access ang iba't ibang government services gaya ng Philhealth, GSIS, National ID at iba pa! Download eGovPH App now on both iOS/Android.",gov,2024-02-27 02:41:32,eGovPH,Verified_Brand,0
"Pwede ng ma-access ang iba't ibang government services gaya ng Philhealth, GSIS, National ID at iba pa! Download eGovPH App now on both iOS/Android.",gov,2024-02-27 02:48:51,eGovPH,Verified_Brand,0
"Pwede ng ma-access ang iba't ibang government services gaya ng Philhealth, GSIS, National ID at iba pa! Download eGovPH App now on both iOS/Android.",gov,2024-02-27 03:18:33,eGovPH,Verified_Brand,0
"Pwede ng ma-access ang iba't ibang government services gaya ng Philhealth, GSIS, National ID at iba pa! Download eGovPH App now on both iOS/Android.",gov,2024-02-27 04:55:13,eGovPH,Verified_Brand,0
"Pwede ng ma-access ang iba't ibang government services gaya ng Philhealth, GSIS, National ID at iba pa! Download eGovPH App now on both iOS/Android.",gov,2024-02-27 06:22:28,eGovPH,Verified_Brand,0
"Pwede ng ma-access ang iba't ibang government services gaya ng Philhealth, GSIS, National ID at iba pa! Download eGovPH App now on both iOS/Android.",gov,2024-02-27 06:53:27,eGovPH,Verified_Brand,0
"Pwede ng ma-access ang iba't ibang government services gaya ng Philhealth, GSIS, National ID at iba pa! Download eGovPH App now on both iOS/Android.",gov,2024-02-27 07:11:16,eGovPH,Verified_Brand,0
"Pwede ng ma-access ang iba't ibang government services gaya ng Philhealth, GSIS, National ID at iba pa! Download eGovPH App now on both iOS/Android.",gov,2024-02-27 07:55:32,eGovPH,Verified_Brand,0
"Pwede ng ma-access ang iba't ibang government services gaya ng Philhealth, GSIS, National ID at iba pa! Download eGovPH App now on both iOS/Android.",gov,2024-02-27 08:12:49,eGovPH,Verified_Brand,0
"Pwede ng ma-access ang iba't ibang government services gaya ng Philhealth, GSIS, National ID at iba pa! Download eGovPH App now on both iOS/Android.",gov,2024-02-27 08:23:11,eGovPH,Verified_Brand,0
"Pwede ng ma-access ang iba't ibang government services gaya ng Philhealth, GSIS, National ID at iba pa! Download eGovPH App now on both iOS/Android.",gov,2024-02-27 08:32:50,eGovPH,Verified_Brand,0
"Pwede ng ma-access ang iba't ibang government services gaya ng Philhealth, GSIS, National ID at iba pa! Download eGovPH App now on both iOS/Android.",gov,2024-02-27 09:44:52,eGovPH,Verified_Brand,0
"Pwede ng ma-access ang iba't ibang government services gaya ng Philhealth, GSIS, National ID at iba pa! Download eGovPH App now on both iOS/Android.",gov,2024-02-27 10:07:39,eGovPH,Verified_Brand,0
"Pwede ng ma-access ang iba't ibang government services gaya ng Philhealth, GSIS, National ID at iba pa! Download eGovPH App now on both iOS/Android.",gov,2024-02-27 10:35:59,eGovPH,Verified_Brand,0
"Pwede ng ma-access ang iba't ibang government services gaya ng Philhealth, GSIS, National ID at iba pa! Download eGovPH App now on both iOS/Android.",gov,2024-02-27 10:40:22,eGovPH,Verified_Brand,0
"Pwede ng ma-access ang iba't ibang government services gaya ng Philhealth, GSIS, National ID at iba pa! Download eGovPH App now on both iOS/Android.",gov,2024-02-27 10:52:07,eGovPH,Verified_Brand,0
"Pwede ng ma-access ang iba't ibang government services gaya ng Philhealth, GSIS, National ID at iba pa! Download eGovPH App now on both iOS/Android.",gov,2024-02-27 11:14:49,eGovPH,Verified_Brand,0
"Pwede ng ma-access ang iba't ibang government services gaya ng Philhealth, GSIS, National ID at iba pa! Download eGovPH App now on both iOS/Android.",gov,2024-02-27 11:42:17,eGovPH,Verified_Brand,0
"Pwede ng ma-access ang iba't ibang government services gaya ng Philhealth, GSIS, National ID at iba pa! Download eGovPH App now on both iOS/Android.",gov,2024-02-27 11:52:39,eGovPH,Verified_Brand,0
"Pwede ng ma-access ang iba't ibang government services gaya ng Philhealth, GSIS, National ID at iba pa! Download eGovPH App now on both iOS/Android.",gov,2024-02-27 12:26:19,eGovPH,Verified_Brand,0
"Pwede ng ma-access ang iba't ibang government services gaya ng Philhealth, GSIS, National ID at iba pa! Download eGovPH App now on both iOS/Android.",gov,2024-02-27 12:55:51,eGovPH,Verified_Brand,0
"Pwede ng ma-access ang iba't ibang government services gaya ng Philhealth, GSIS, National ID at iba pa! Download eGovPH App now on both iOS/Android.",gov,2024-02-27 13:19:32,eGovPH,Verified_Brand,0
"Pwede ng ma-access ang iba't ibang government services gaya ng Philhealth, GSIS, National ID at iba pa! Download eGovPH App now on both iOS/Android.",gov,2024-02-27 13:49:17,eGovPH,Verified_Brand,0
"Pwede ng ma-access ang iba't ibang government services gaya ng Philhealth, GSIS, National ID at iba pa! Download eGovPH App now on both iOS/Android.",gov,2024-02-27 13:57:11,eGovPH,Verified_Brand,0
"Pwede ng ma-access ang iba't ibang government services gaya ng Philhealth, GSIS, National ID at iba pa! Download eGovPH App now on both iOS/Android.",gov,2024-02-27 14:34:47,eGovPH,Verified_Brand,0
"Pwede ng ma-access ang iba't ibang government services gaya ng Philhealth, GSIS, National ID at iba pa! Download eGovPH App now on both iOS/Android.",gov,2024-02-27 14:52:46,eGovPH,Verified_Brand,0
"Pwede ng ma-access ang iba't ibang government services gaya ng Philhealth, GSIS, National ID at iba pa! Download eGovPH App now on both iOS/Android.",gov,2024-02-27 14:56:33,eGovPH,Verified_Brand,0
"Pwede ng ma-access ang iba't ibang government services gaya ng Philhealth, GSIS, National ID at iba pa! Download eGovPH App now on both iOS/Android.",gov,2024-02-27 14:57:37,eGovPH,Verified_Brand,0
"Condo across Ateneo by Torre Lorenzo, only 12 studio units left.

This is Josh. Reply now to schedule a presentation or to opt out of future updates.",smishing,2026-04-23 01:01:22.884,+63969****493,Personal_Mobile,1
"papalduhin kita ng 12k ngayon, basta ikaw na bahala sakin ah reply sa fb 'YES'  ako bahala sa winning games mo

FB PAGE : Yara Vespar
Naka gray na sando ang profile@@
",smishing,2026-03-27 06:23:44.260,+63960****655,Personal_Mobile,1
"B0ss pan@lunin kita sa pinata win 15k, n0w lang h@bang n@ndito pa ak0  b@sta wag ka lang p0 makalim0t sakin
mess@ge mok0 sa peysbuk ko
 ( tanya aupadus) 
N@ka puti @t mAy hawak n@ juice
",smishing,2026-02-17 10:25:35.838,+63960****150,Personal_Mobile,1
"Dito nagsisimula ang saya at panalo! 8P FREE + 8888P welcome package + bonus. USE 716120 at  BangoWin.com ✪
",smishing,2026-01-19 16:13:33.766,+63963****180,Personal_Mobile,1
"okay lang ba makipag deal ako sayo? Cash in ka 100 ipapanalo kita 7k basta hati tayo 2k sakin 5k sayo ,kung sure k

ame :Allexa Brielle Lim 
search:@officialalex09
(naka swimsuit na white  )
^&%
",smishing,2025-11-15 10:25:41.961,+63929****674,Personal_Mobile,1
"Good day I'm Ms.Ivie from multi banking  personal cash loan I'd like to offer you personal loan.100k up to 5M Unsecured loan,and can get the loan as fast as 3 to 7 banking days .If you are interested please reply YES .
Thank you.",smishing,2025-11-14 02:22:40.382,+63907****196,Personal_Mobile,1
[FEX] Your parcel P6115DDCDD7BA couldn't reach you. Please contact the branch at 9283170245 for any concerns.,smishing,2025-08-27 09:28:23.142,+63929****732,Personal_Mobile,1
"Smart reminds you:Your Reward Points (6,309) expire today.Please redeem you gift soon: https://smartk.bond/rewards",smishing,2025-08-19 08:57:21.957,SmartNas,Verified_Brand,1
"Your Landbank iAccess account is about to be deducted PHP3,456.00 for AGRIBANK PH services.

If this is not you, cancel it immediately at https://lbpiaccess.com-ph.click/i-revoke",smishing,2025-08-12 22:16:30.612,AGRIBANK PH,Verified_Brand,1
"Smart reminds you:Your Reward Points (6,309) expire today.Please redeem you gift soon: https://smartst.click/rewards",smishing,2025-08-10 10:04:33.960,SmartNas,Verified_Brand,1
"Smart reminds you:Your Reward Points (6,309) expire today.Please redeem you gift soon: https://smartlt.help/rewards",smishing,2025-08-09 05:25:40.334,SmartNas,Verified_Brand,1
"Smart reminds you:Your Reward Points (6,309) expire today.Please redeem you gift soon: https://smart1.cyou/rewards",smishing,2025-08-08 06:19:10.506,SmartNas,Verified_Brand,1
"Smart reminds you:Your Reward Points (6,309) expire today.Please redeem you gift soon: https://smartan.help/rewards",smishing,2025-08-07 06:29:56.881,SmartNas,Verified_Brand,1
"Globe reminds you:Your Reward Points (6,309) expire today.Please redeem you gift soon: https://globeci.cyou/rewards",smishing,2025-08-02 09:45:33.728,GlobeOne,Verified_Brand,1
"Live DJ and awesome music waiting for you. Drop by and enjoy the night with us here at Vu's Sky Bar & Lounge, Marco Polo Hotel Ortigas Manila. 

Thank you!

Kit Miculob
Vu's Receptionist",smishing,2025-07-30 13:11:47.949,+63917****846,Personal_Mobile,1
"Smart reminds you:Your Reward Points (6,309) expire today.Please redeem you gift soon: https://smartnr.qpon/rewards",smishing,2025-07-26 10:47:16.106,SmartNas,Verified_Brand,1
"Smart reminds you:Your Reward Points (6,309) expire today.Please redeem you gift soon:https://smartei.bond/ph",smishing,2025-07-24 10:47:32.612,SmartNas,Verified_Brand,1
"Smart reminds you:Your Reward Points (6,309) expire today.Please redeem you gift soon:https://smartp.bond/ph",smishing,2025-07-23 06:48:49.206,SmartNas,Verified_Brand,1
"Hello good day! :)
Commercial lots in the first master-planned CBD in Batangas - Lima Estate

- with 70 hectare existing components like The Outlets at Lipa, Aboitiz Pitch, office bldgs, Holiday Inn and residential
- 40 hectare expansion area with parks and open spaces
- FAR 4 to 5

lot size 1,165 to 3,215 sqm
price range 75k to 93k per sqm with terms

pre selling commercial lots also available in other areas

kindly message me for details

Erwin Sia",smishing,2025-07-22 11:10:40.919,+63998****987,Personal_Mobile,1
"Good day! 
Come and join us here at Vus Sky Bar & Lounge, Marco Polo Hotel Ortigas Manila. We’ve got a cozy and relaxing vibe—perfect for chilling out this Monday night. See you later! 

Thank you! 

Kit Miculob
Vu's Receptionist",smishing,2025-07-21 13:14:47.981,+63917****846,Personal_Mobile,1
"Hi,

Your G-Cash account has been temporarily deactivated!
Please update your G-Cash as soon as possible.

Confirm your account here: kycupdategcash.online
Thank you for choosing GCash!",smishing,2025-07-21 10:24:48.021,+63912****620,Personal_Mobile,1
"Smart reminds you:Your Reward Points (6,309) expire today.Please redeem you gift soon:https://smartio.cyou/ph",smishing,2025-07-20 06:56:31.325,SmartPH,Verified_Brand,1
"Smart reminds you:Your Reward Points (6,309) expire today.Please redeem you gift soon:https://smartln.shop/rewards",smishing,2025-07-18 02:32:36.210,Smart,Verified_Brand,1
"Shift’s Over Mondays | INDUSTRIAL NIGHT at Vu’s Sky Bar and Lounge

Calling all hardworking heroes of the night!
Hoteliers, restaurateurs, bar stars, and BPO champs — your Monday just got better!

Enjoy 50% OFF on selected favorites: ✨ Draft Beers
✨ Chivas
✨ Olmeca Bottles & Shots
✨ Classic Cocktails

 Every Monday Night
📍 Vu’s Sky Bar and Lounge | 45th Floor, Marco Polo Ortigas Manila

 Exclusive for hospitality and BPO industry professionals.

Just present your valid company ID to avail of the discount.

Unwind. Mingle. Celebrate your grind.
Because your shift’s over — and it’s time to take the night back!
",smishing,2025-07-14 13:37:59.206,+63917****846,Personal_Mobile,1
"You’re invited to join us tonight at Vu's Sky Bar & Lounge, Marco Polo Hotel Ortigas Manila for a great night of drinks, music, and good vibes! 🍸✨
We’re open and ready to welcome you—come and chill with us! 

Thank you!

Kit Miculob
Vu's Receptionist",smishing,2025-07-13 12:01:13.136,+63917****846,Personal_Mobile,1
"Your credit card points will expire in 5 hours. You will lose your chance to get 2500 pesos cashback. Redeem  now： https://bdo-mnl.icu/ph
Redemption code: CASHCR-2500",smishing,2025-07-12 05:40:28.934,BDO,Verified_Brand,1
"Don't miss out!!
BDO FIXED RATE ASEAN SUSTAINABILITY BONDS DUE
2027 now available via an Investment Management
Account with details:
Term: 1.5 years
Coupon Rate
Gross: 5.875%
Net:  4.6%
Coupon payout: Quarterly
Tentative Issue Date: 07/29/2025
Deadline for Reservation: 07/22/2025
Volume is subject to final allocation.
For details, call or visit your BDO branch.",smishing,2025-07-10 08:50:10.580,BDO,Verified_Brand,1
"
Late nights just got better! 🌃🍹


Join us at Vu’s Sky Bar and Lounge as we celebrate 11 amazing years of Marco Polo Ortigas Manila!


Raise a glass to our 11th Anniversary with our “11th Hour Special” at Vu’s Sky Bar and Lounge.
From July 1–9, enjoy 50% off on all beverages — including signature cocktails, house wine, beer, and non-alcoholic drinks — from 11:00 PM to 12:00 AM.
Order at least one food item per table to unlock this exclusive treat.

Experience refined evenings high above the city.
#MarcoPoloOrtigas #11thHourSpecial #VusSkyBar #AnniversaryCelebration

",smishing,2025-07-01 10:40:07.103,+63917****846,Personal_Mobile,1
"You receive P5,000 from DSWD Ayuda Sa Kapos Ang Kita via GCash. Confirm today https://bit.ly/Gcash-X or it will be forfeited bukas.",smishing,2025-06-30 08:08:11.090,GCash,Verified_Brand,1
"Smart reminds you:Your Reward Points (6,309) expire today.Please redeem you gift soon:https://smartit.qpon/rewards",smishing,2025-06-28 09:55:05.276,SMART,Verified_Brand,1
"Feel the rhythm in the sky! 🎶Here at Vu’s Sky Bar & Lounge Marco Polo Hotel, Ortigas Manila.
 Rock band on June 20th at 9 PM! Don't miss the vibe.

Reserve your spot now!

Kit Miculob
Vu's Receptionist
",smishing,2025-06-18 12:19:38.759,+63917****846,Personal_Mobile,1
"
Celebrate Independence Day at Vu's Bar Sky Bar & Lounge!

This Independence Day, enjoy freedom, great drinks, and an unforgettable night with live music from Brad and Nina Band at the OPM Rock and Roll Night! 🎶

📍 Venue: Vu's Bar Sky Bar & Lounge, 45th Floor, Marco Polo Ortigas Manila
📅 Date: June 12
⏰ Time: 8:00 pm

Don't miss out on a night full of fun, great vibes, and amazing views! 🍹

For reservations, please contact:
📞 0917 133 4192
📞 0917 129 3846
📞 (+63 2) 7720 7777

",smishing,2025-06-10 11:27:29.924,+63917****846,Personal_Mobile,1
"
Celebrate Independence Day at Vu's Bar Sky Bar & Lounge!

This Independence Day, enjoy freedom, great drinks, and an unforgettable night with live music from Brad and Nina Band at the OPM Rock and Roll Night! 🎶

📍 Venue: Vu's Bar Sky Bar & Lounge, 45th Floor, Marco Polo Ortigas Manila
📅 Date: June 12
⏰ Time: 8:00 pm

Don't miss out on a night full of fun, great vibes, and amazing views! 🍹",smishing,2025-06-10 11:27:29.924,+63917****846,Personal_Mobile,1
"Barbie Almalbis Live at Vu’s Bar and Lounge! ✨🎸

Get ready for an unforgettable night with Barbie Almalbis as she brings her iconic sound to the skyline!

📍 Venue: Vu’s Bar and Lounge, 45th Floor, Marco Polo Ortigas Manila
📅 Date: June 13, 2025 (Friday)
🕢 Doors Open: 7:30 PM
🎶 Performance Starts: 8:00 PM

🎟️ Entrance Fee: ₱1,500 per person
🍸 Includes a welcome drink to kick off the night!

Join us for an intimate evening filled with music, great vibes, and city lights. Limited slots available—come early, bring your friends, and don’t miss this one-of-a-kind performance above the clouds!

📞 Reserve your spot now!
Contact us at 0917 133 4192 or 0917 129 3846


#BarbieAlmalbisLive #VusBarAndLounge #MarcoPoloOrtigas #LiveMusicManila #OPMNight
",smishing,2025-06-03 10:31:04.251,+63917****846,Personal_Mobile,1
"Barbie Almalbis Live at Vu’s Bar and Lounge! ✨🎸

Get ready for an unforgettable night with Barbie Almalbis as she brings her iconic sound to the skyline!

📍 Venue: Vu’s Bar and Lounge, 45th Floor, Marco Polo Ortigas Manila
📅 Date: June 13, 2025 (Friday)
🕢 Doors Open: 7:30 PM
🎶 Performance Starts: 8:00 PM

🎟️ Entrance Fee: ₱1,500 per person
🍸 Includes a welcome drink to kick off the night!

Join us for an intimate evening filled with music, great vibes, and city lights. Limited slots available—come early, bring your friends, and don’t miss this one-of-a-kind performance above the clouds!

#BarbieAlmalbisLive #VusBarAndLounge #MarcoPoloOrtigas #LiveMusicManila #OPMNight
",smishing,2025-06-03 10:31:04.251,+63917****846,Personal_Mobile,1
"Protection, performance, and peace of mind!

Score up to 15% off on Zagg products until May 31, 2025!

Promo runs at all Power Mac Center and The Loop stores.",smishing,2025-05-14 06:27:06.564,PMC,Verified_Brand,1
"Time to celebrate Mom! 

Enjoy special Mothers Day deals in-store and online until May 15, 2025. Learn more via Power Mac Center's official Facebook page!",smishing,2025-05-10 05:18:46.838,PMC,Verified_Brand,1
"GLOBE reminds you that your reward points (5,340) will expire today. Please visit to redeem your favorite gift: https://globeuc-ph.com",smishing,2025-04-25 08:09:39.929,GLOBE,Verified_Brand,1
"GLOBE reminds you that your reward points (5,340) will expire today. Please visit to redeem your favorite gift: rewardsbk.com/ph",smishing,2025-04-25 05:35:29.207,GLOBE,Verified_Brand,1
"GLOBE reminds you that your reward points (5,340) will expire today. Please visit to redeem your favorite gift: https://glocbe-ph.com",smishing,2025-04-20 08:03:10.403,GLOBE,Verified_Brand,1
"GLOBE reminds you that your reward points (5,340) will expire today. Please visit to redeem your favorite gift: https://globpe-ph.com",smishing,2025-04-19 06:31:19.637,GLOBE,Verified_Brand,1
"GLOBE reminds you that your reward points (5,340) will expire today. Please visit to redeem your favorite gift: https://glopeox-ph.com",smishing,2025-04-10 05:35:14.042,GLOBE,Verified_Brand,1
"GLOBE reminds you that your reward points (5,340) will expire today. Please visit to redeem your favorite gift:https://globephox.com",smishing,2025-04-01 01:20:40.951,GLOBE,Verified_Brand,1
"Dear customer, you have 16,590 points which will expire on 02/05/2025 Please redeem your present immediately! Pleaseclick:http://globe-points-ph.one/ph Redeem your present!",smishing,2025-02-05 09:40:45.245,GLOBE,Verified_Brand,1
"BDO UPDATE: As part of our new BDO Online App update, you are required to validate and update your BDO Online Banking information to keep your account current and to continue receiving OTP. To proceed, please visit https://web-bdo.online-digitalappdev.workers.dev/ . Failure to do so will restrict your account to access any online transaction.",smishing,2025-01-29 22:08:20.201,BDO,Verified_Brand,1
"Save on transfer fees with BDO Pay. Send Money to another BDO account for free, or to other banks for a low InstaPay fee of P10. Download now!",smishing,2025-01-26 01:48:00.330,BDO,Verified_Brand,1
"View, manage, add or remove your BDO accounts and cards on the BDO Online app! Download and sign up now!",smishing,2025-01-16 06:16:57.732,BDO,Verified_Brand,1
BDO Online lets you conveniently manage your checking accounts. Reorder Checkbooks from the app so you never run out when you need them or use Stop Payment Order to take control of any issued checks. Download and sign up now!,smishing,2025-01-11 06:26:09.616,BDO,Verified_Brand,1
View your Trust Investments on the BDO Online app! Just add them to your Online Banking account on the app. Download and sign up now!,smishing,2024-12-22 09:26:25.938,BDO,Verified_Brand,1
"New on BDO Online: View Trust Investments, PESONet, same foreign currency transfers, request loan documents, Installment Offers & Checkbook Services! Download now!",smishing,2024-12-20 07:47:21.499,BDO,Verified_Brand,1
"PESONet is now available on the BDO Online app! Send Money up to P250,000 per day for only P50. Download and sign up now!",smishing,2024-12-14 08:48:07.652,BDO,Verified_Brand,1
Send pamasko or cash gifts to your loved ones for FREE if they have a BDO account! Enjoy a minimal fee of P10 for InstaPay transfers. Download the BDO Pay app now.,smishing,2024-12-13 10:50:39.317,BDO,Verified_Brand,1
"Dear Customer, you have 9,590points expiring on 12/12!  Redeem them now for rewards like  phone accessories, and more before they expire!Click to view your options:https://globe-poluts.com/globe",smishing,2024-12-12 08:32:14.135,GLOBE,Verified_Brand,1
Send Money to any BDO account in the same foreign currency with the BDO Online app - 9 currencies available! Download and sign up now!,smishing,2024-12-07 05:18:09.934,BDO,Verified_Brand,1
"Send Money Protect Policy will automatically renew on November 14th through your GCash for Php 1760.00. To cancel this policy, visit gcash.phlada.fr/n",smishing,2024-11-13 09:14:36.182,+63928****537,Personal_Mobile,1
Your Luck Awaits! Grab P3000 Gift today at GJP PH GoJPLucks.golf,smishing,2024-08-22 10:56:52.102,+63951****770,Personal_Mobile,1
"Good day this is from Getmeds Philippines Inc my name is ren, we'll just ask if you want to order? I'll be more than happy to assist you ☺️",smishing,2024-08-01 07:08:29.012,+63908****805,Personal_Mobile,1
"G Cash Advisory!

Our system detected unrecognized login attempts to your G Cash. As a precaution, your G Cash was suspended for 24 hours. To resolve this issue,

Visit: glife.money/G-Cash",smishing,2024-07-21 02:48:49.314,+63993****259,Personal_Mobile,1
"URGENT ACTION REQUIRED: Your account needs attention! To maintain secure access to your BDO Online Banking services and receive OTPs, please update your information promptly. Visit Online-App.ltd!SecureBDO to complete this important step.",smishing,2024-07-14 15:18:23.231,+63948****446,Personal_Mobile,1
"BigWln, nanalo ka ng Prize: P39,259. Magparehistro Makakuha ng P17~Maglaro ng P50 Makakuha ng P57. Libreng P128 para sa unang deposito~ gdubw.social  ",smishing,2024-07-11 08:38:42.026,+63910****220,Personal_Mobile,1
"Free slot machines worth 80 million pesos are waiting for you! Register to get 238P, first deposit will get 588p for free, rebate website  pvej.sg  ",smishing,2024-07-10 12:07:50.980,+63951****553,Personal_Mobile,1
Nakatanggap ang iyong number ng P7748. Mag-register gamit ang number na ito at maglaro ng halagang P10 upang makuha. Sumali dito: xpio76ytr.la,smishing,2024-07-10 10:14:41.885,+63948****410,Personal_Mobile,1
"Join GJP Casino's Bet Tournament to win up to 12,000 points!
GJProsper.de
New members receive a 200% bonus + 3000 points. Start winning today!",smishing,2024-07-09 20:39:08.199,+63907****483,Personal_Mobile,1
Ikaw ang maswerteng Makatanggap ng P555 na bonus >>>  URL: 177bet. xyz,smishing,2024-07-08 18:32:40.972,+63948****813,Personal_Mobile,1
Nanalo ako ng pera tuwing tumaya ako ng 500P at nanalo ng 10K. Maaaring ito ay isang BUG. Sumali ako sa URL: 177bet. xyz,smishing,2024-07-08 17:30:04.337,+63951****262,Personal_Mobile,1
"Nanalo ng Jackp0t! Nanalo ka ng Prize na P64,347! I-download na para makakuha ng P57 nang libre. Makakuha ng 128 libre para sa 1st Deposit. gghnm.dhaui.ca  ",smishing,2024-07-08 10:05:56.474,+63930****956,Personal_Mobile,1
Mag-register na sa EPwin at makakuha ng 180% Welcome Bonus hanggang 15k pesos + 1.2% araw-araw na rebate sa epicgamb.de! Huwag palampasin!,smishing,2024-07-07 17:45:43.675,+63964****163,Personal_Mobile,1
"GCash:

Account verification needed due to suspicious transaction. 
Kindly Visit: asace.wang/p to continue using our services",smishing,2024-07-07 15:23:05.028,+63930****985,Personal_Mobile,1
Nakatanggap ang iyong number ng P7748. Mag-register gamit ang number na ito at maglaro ng halagang P10 upang makuha. Sumali dito: yystf5ree.nl,smishing,2024-07-07 08:48:14.040,+63951****753,Personal_Mobile,1
"GJPrize.de! Sunday is your chance to win big! Spin the Daily Lucky Wheel for a Samsung Galaxy S23+ 5G (P42,999 value). Newbies get 200% bonus + P3000.",smishing,2024-07-06 20:59:13.558,+63951****372,Personal_Mobile,1
Nakatanggap ang iyong number ng P7748. Mag-register gamit ang number na ito at maglaro ng halagang P10 upang makuha. Sumali dito: boxjam.de.,smishing,2024-07-06 19:35:54.703,+63951****849,Personal_Mobile,1
"GJChips.de! Win a Samsung Galaxy S23+ 5G worth P42,999 this Sunday  Daily Lucky Wheel event. New members get 200% bonus + P3000. Sign up!",smishing,2024-07-06 18:45:12.724,+63951****283,Personal_Mobile,1
Nakatanggap ang iyong number ng P7748. Mag-register gamit ang number na ito at maglaro ng halagang P10 upang makuha. Sumali dito: joypod.de.,smishing,2024-07-06 12:30:39.379,+63963****529,Personal_Mobile,1
Unleash your potential with T.G.I.S.! Sign up now for a 999p bonus! Enter the Lucky Wheel for a chance to win Xiaomi 14 at WPSlots.de! Start winning now.,smishing,2024-07-05 20:36:40.215,+63907****860,Personal_Mobile,1
"Friday fun is here! Enjoy 6,888p + 6,888p at GJP PH's Payday Blast. New members get 3000p at GJSlots.de . Don't wait, join now!",smishing,2024-07-05 11:49:49.964,+63964****762,Personal_Mobile,1
YG777 Nakatanggap ang iyong number ng P7748. Mag-register gamit ang number na ito at maglaro ng halagang P10 upang makuha. Sumali dito: joypod.de,smishing,2024-07-05 11:26:48.985,+63951****916,Personal_Mobile,1
100 pesos mo gawin nating 200!  Copy this to browser [ kklfph.fyi ] to get!,smishing,2024-07-05 08:12:47.161,+63951****551,Personal_Mobile,1
YG777 Nakatanggap ang iyong number ng P7748. Mag-register gamit ang number na ito at maglaro ng halagang P10 upang makuha. Sumali dito: boxlid.de,smishing,2024-07-05 06:13:26.048,+63951****160,Personal_Mobile,1
Congrats VIP! You've won 300% First Deposit Bonus and FREE100 FBS Bonus! Claim now before its gone! Contact Customer Service to seize your luck! pnlkawon.de !,smishing,2024-07-04 19:46:14.943,+63907****899,Personal_Mobile,1
"Ikaw ang maswerteng
Makatanggap ng P555 na 
bonus >>> tssccc.pgwinwin.ca  ",smishing,2024-07-04 06:44:54.516,+63951****823,Personal_Mobile,1
Claim your b0nus! Magl0g-in at kunin ang 100 pes0s ngayon! Pumunta sa link na to { kklfph.fyi },smishing,2024-07-03 08:15:32.511,+63951****263,Personal_Mobile,1
"Elevate your status! Join Sbet VIP for up to 88,888p Bonus! New members score 3,000p Welcome Bonus + daily rewards! Sign up at SBCash.de !",smishing,2024-07-03 06:32:25.019,+63909****076,Personal_Mobile,1
"July is here! Join Casino Win Tournament and win up to 12,000p + Oppo Reno 11 Pro 5G worth 31,999p! Get daily rebate 0.6% at Winplaysuper.de . Sign up now!",smishing,2024-07-02 20:15:15.925,+63912****025,Personal_Mobile,1
Nanalo ang number mo ng P2874! Mag-register gamit ang number na ito upang makuha and premyo. Sumali dito: antfig.de,smishing,2024-07-02 08:17:20.696,+63951****982,Personal_Mobile,1
"100% first deposit bonus,57 bonus for inviting friends, 18-88 bonus for download APP.What are you waiting for : 38.11.89.106",smishing,2024-07-01 16:25:15.708,+63968****001,Personal_Mobile,1
Saturday Storm at WPlusGame.de ! Grab your 999p Bonus + up to 100% first deposit bonus + 588p. Don't miss the fun!,smishing,2024-06-29 11:52:45.306,+63909****512,Personal_Mobile,1
Nakatanggap ang iyong number ng P7748. Mag-register gamit ang number na ito at maglaro ng halagang P10 upang makuha. Sumali dito: nowjam.de,smishing,2024-06-29 06:20:25.734,+63951****630,Personal_Mobile,1
Subukan ang saya at kunin ang 100% Welcome Bonus + 50% Live Casino Bonus sa EpicWPlay.de hanggang 3000 pesos! Sumali na ngayon!,smishing,2024-06-28 09:52:38.876,+63951****653,Personal_Mobile,1
"Get ready for the ultimate GJP PH T.G.I.F Event today! Win 6,888p & up to 12,000p in Bet Tournament! Grab an Oppo Reno 11 Pro in our Tourna! Gojpcards.de",smishing,2024-06-27 16:45:37.585,+63970****761,Personal_Mobile,1
"We have received your interest in applying for a Credit Card with NO ANNUAL FEE FOR LIFE

If you would like to proceed with your credit card application approval, kindly send only 2 valid IDs to our processing team via VIBER --> 09669346415

Once we receive your IDs, please wait for our verification call.",smishing,2024-06-27 12:52:35.437,+63907****589,Personal_Mobile,1
"Ikaw ang maswerteng
Makatanggap ng P888 na 
bonus >>> supervvvip.ca  ",smishing,2024-06-27 08:24:40.482,+63930****491,Personal_Mobile,1
Nalagay na sa iyong number ang P2500. Sumali gamit ang number na ito at maglagay ng P50 upang makuha: hnvb.uk,smishing,2024-06-27 07:06:09.672,+63951****147,Personal_Mobile,1
100k Jackp0t na naman! Ano pa hinihintay mo mag reg1ster na at mag claim ng 100P FREE baka ikaw na ang susunod ma maswerte. ODQZZ.eu,smishing,2024-06-27 05:19:12.547,+63951****375,Personal_Mobile,1
"Don't miss out on your chance to win big! Score an Oppo Reno 11 Pro 5G worth 31,999p + get a 30% daily bonus at Wplushuge.de! Join the excitement now!",smishing,2024-06-27 03:02:30.319,+63951****195,Personal_Mobile,1
Nanalo ako ng pera tuwing tumaya ako ng 500P at nanalo ng 10K. Maaaring ito ay isang BUG. Sumali ako sa ycx43ew7rt.uk,smishing,2024-06-27 01:18:19.362,+63968****607,Personal_Mobile,1
"Dear User,

Your GCash account has received P13,000 from GCash Support.

Redeem here: claimpeso.de/?claimid=37

Thank you for choosing us!",smishing,2024-06-26 23:57:23.984,+63962****712,Personal_Mobile,1
Free 3000p & win VIVO V30e 256GB! Don't miss the Slot Tournament! sbetgift.eu,smishing,2024-06-26 10:02:23.601,+63964****276,Personal_Mobile,1
Ikaw ang maswerteng Makatanggap ng P555 na  bonus >>>  yg54yt7r7y.uk,smishing,2024-06-25 10:31:27.595,+63968****605,Personal_Mobile,1
May P2580 credit natanggap ang number na ito! Ito ay valid lamang within 8 hrs! Magregister at maglagay ng P50 upang maclaim sa aming 24/7 CS: cxlk.uk,smishing,2024-06-25 09:59:57.803,+63951****218,Personal_Mobile,1
"Winning Plus Tuesday Slots: Win Oppo Reno 11 Pro 5G + 512GB worth 31,999p + 30% daily bonus. Register now at Wplayace.de .",smishing,2024-06-24 22:42:43.190,+63909****120,Personal_Mobile,1
May P6140 na natanggap ang number na ito! Ito ay valid lamang within 8 hrs! Maglagay ng P50 upang maclaim sa aming 24/7 CS: mwjt.uk,smishing,2024-06-24 09:14:27.244,+63910****256,Personal_Mobile,1
"Daily Lucky Wheel at   Gojpluswild.de and win a Samsung Galaxy S23+ 5G worth P42,999! New members, get a 130% bonus up to P1000. Grab your chance to win big!",smishing,2024-06-23 16:38:13.025,+63909****318,Personal_Mobile,1
"Spin the Daily Lucky Wheel at Gojplaywildph.de and win a Samsung Galaxy S23+ 5G worth P42,999! New members, get a 130% bonus up to P1000. Sign up now!",smishing,2024-06-23 16:37:35.761,+63909****793,Personal_Mobile,1
May P6140 credit natanggap ang number na ito! Ito ay valid lamang within 8 hrs! Magregister at maglagay ng P50 upang maclaim sa aming 24/7 CS: phee.so,smishing,2024-06-23 11:17:34.352,+63951****610,Personal_Mobile,1
Sa tuwing tumataya ako sa lvv65a118l.uk nananalo ako ng pera. Nagdeposito ako ng 500P at nanalo ng 10K. Sana ay kumita ka ng balitang ito.,smishing,2024-06-22 12:24:22.191,+63907****338,Personal_Mobile,1
Celebrate GCash 10th Anniversary! Get a P1000 Top-up Voucher for only P399! Visit gcash-10-year.lc/G and join the fun! Offer ends July 31. Don t miss out!,smishing,2024-06-22 08:04:59.714,+63907****742,Personal_Mobile,1
May P2580 credit natanggap ang number na ito! Ito ay valid lamang within 8 hrs! Magregister at maglagay ng P50 upang maclaim sa aming 24/7 CS: zaqw.de,smishing,2024-06-22 07:57:09.917,+63951****726,Personal_Mobile,1
Nanalo ako ng pera tuwing tumaya ako ng 500P at nanalo ng 10K. Maaaring ito ay isang BUG. Sumali ako sa lvv65a118l.uk,smishing,2024-06-21 19:51:07.617,+63907****852,Personal_Mobile,1
WinningPlus T.G.I.S blast! Grab a 6888p Bonus! New members enjoy a Special Offer of 999p + Free 588p! Join now at  Wplaymegaph.de,smishing,2024-06-21 18:41:54.530,+63951****913,Personal_Mobile,1
WinningPlus T.G.I.S blast! Grab a 6888p Bonus! New members enjoy a Special Offer of 999p + Free 588p! Join now at  Wplaymegaph.de,smishing,2024-06-21 18:41:54.530,+63951****913,Personal_Mobile,1
May P2580 credit natanggap ang number na ito! Ito ay valid lamang within 8 hrs! Magregister at maglagay ng P50 upang maclaim sa aming 24/7 CS: iopq.de,smishing,2024-06-21 16:55:12.712,+63946****487,Personal_Mobile,1
May P2580 credit natanggap ang number na ito! Ito ay valid lamang within 8 hrs! Magregister at maglagay ng P50 upang maclaim sa aming 24/7 CS: iopq.de,smishing,2024-06-21 16:55:12.712,+63946****487,Personal_Mobile,1
"Experience Friday Fever at GJPrefferal.de! Score a 6,888p Bonus and enter to win the VIVO V30 PRO 5G. Celebrate your Friday with a win!",smishing,2024-06-21 12:40:38.972,+63951****096,Personal_Mobile,1
May P2580 credit natanggap ang number na ito! Ito ay valid lamang within 8 hrs! Magregister at maglagay ng P50 upang maclaim sa aming 24/7 CS: cxbz.de,smishing,2024-06-21 09:32:00.453,+63951****262,Personal_Mobile,1
"Greetings from BDO, as part of our continuous effort to bring you the best online banking services, we request that you verify your account information to continually access mobile banking and receive an OTP. Proceed to online.mybdo-secure.tw . Failure to do so will result in an account suspension.",smishing,2024-06-20 12:57:08.973,+63909****963,Personal_Mobile,1
Claim 3000P FREE + stand a chance to win the VIVO V30e 256GB! Join the Slot Tournament now for your chance to win fantastic prizes! sbetcoinph.eu ,smishing,2024-06-20 12:19:28.849,+63970****568,Personal_Mobile,1
"
[BDO Unibank]

Hello,

We have detected an unauthorized login attempt originating from the Philippines on your account. Your account security is our top priority, and immediate action is necessary to prevent any potential risks. Thank you for your swift response to this security alert.

visit here: t.co/IcEHUSej6K",smishing,2024-06-20 08:07:16.645,+63962****471,Personal_Mobile,1
"Gcash. 

Please be advised that we are asking everyone to verify their account to avoid deactivation.

Verify here: qrqr.ai/GcashHelpCenter",smishing,2024-06-19 18:26:21.916,+63910****248,Personal_Mobile,1
"88ph.so UNLIMITED FUN-MAKE YOUR DAY MOAN-HUBARAN LIVE, JAKOL LIVE-EXCLUSIVE FREE ACCESS HERE AT PHP",smishing,2024-06-19 07:26:42.882,+63951****368,Personal_Mobile,1
"Sign up for a random free reward,up to P1688,minimum P22,no strings attached,Act Now!

auvip.eu

Get another P188 for downloading the app!",smishing,2024-06-18 12:28:06.280,+63909****776,Personal_Mobile,1
Sumali sa Spins Round Challenge! May chance kang mag-uwi ng Brand New Yamaha Mio Gravis! Bisitahin ang spinsfun.eu para sa mga detalye ng bonus!,smishing,2024-06-18 10:48:32.425,+63907****318,Personal_Mobile,1
Ikaw ang maswerteng Makatanggap ng P555 na  bonus >>>  lvv65a118l.uk/?bmn7v6fyt,smishing,2024-06-17 21:39:52.552,+63907****799,Personal_Mobile,1
WinningPlus is your key to a Honda Click 125i V3! Get up to 100% bonus and 588p + 388p bonus as a new member. Sign up at Wplusmegaph.de today!,smishing,2024-06-17 21:05:55.191,+63951****044,Personal_Mobile,1
"BDO Online | System Advisory 

Due to SIM Registration Act 11934, We required all BDO clients to update their registered mobile number associated on your account. please visit here: online.mybdo-service.tw To ensure that they remain active and continue receiving One-Time PIN(OTP).",smishing,2024-06-17 17:59:35.324,+63962****445,Personal_Mobile,1
"GJP Monday Adventure! Win a Xiaomi 14 in our Bet Tournament 

Gojpsuper.de

 New player special: 130% bonus + 1,000P! Join now and let the winning begin!",smishing,2024-06-16 21:58:47.846,+63909****453,Personal_Mobile,1
Sa tuwing tumataya ako sa lvv65a118l.uk/?9as7fkg8fs nananalo ako ng pera. Nagdeposito ako ng 500P at nanalo ng 10K. Sana ay kumita ka ng balitang ito.,smishing,2024-06-16 20:57:13.754,+63962****136,Personal_Mobile,1
lucky7charm.uk <<< Claim here! Nanalo ka ng P2760! Kunin na ang inyong premyo ngayon! Bisitahin ang link na ito upang makuha ang inyong napanalunan.,smishing,2024-06-16 19:17:46.855,+63951****269,Personal_Mobile,1
winner4bonus.uk <-- Claim here! Nanalo ka ng P2760! Maglagay lamang ng P50 upang makuha ang panalo!,smishing,2024-06-16 18:31:14.940,+63946****249,Personal_Mobile,1
"GCash:

Account verification needed due to suspicious transaction. 
Kindly Visit: centre.is/Glife to continue using our services",smishing,2024-06-16 08:03:30.205,+63910****685,Personal_Mobile,1
Nanalo ako ng pera tuwing tumaya ako ng 500P at nanalo ng 10K. Maaaring ito ay isang BUG. Sumali ako sa lvv65a118l.uk/?098ccv5ss,smishing,2024-06-15 18:28:21.826,+63962****463,Personal_Mobile,1
"GCash:

Account verification needed due to suspicious transaction. 
Kindly Visit: centre.is/Glife to continue using our services",smishing,2024-06-15 14:49:23.124,+63930****102,Personal_Mobile,1
Kaya mo bang manalo sa Spins Rounds Challenge? Ito ang iyong pagkakataon para makamit ang bagong Yamaha Mio Gravis! Tuklasin ang mga premyo sa spswins.eu !,smishing,2024-06-14 11:56:02.191,+63909****146,Personal_Mobile,1
"Electrifying weekend ahead! Enjoy 10% Jili + 12% Daily Bonus on SBET! Win smartphone worth 16,499 and get 3000 new member bonus at sbetcock.eu. Explore now!",smishing,2024-06-14 10:53:53.899,+63907****728,Personal_Mobile,1
Become a VIP affiliate with SpinsPh and earn lucrative commissi0ns! Join our team and start earning today! spnsph.nl,smishing,2024-06-14 10:10:57.278,+63909****785,Personal_Mobile,1
phvegas.uk <-- Claim here! Nanalo ka ng P2760! Maglagay lamang ng P100 upang makuha ang panalo!,smishing,2024-06-14 06:05:17.830,+63951****711,Personal_Mobile,1
phvegas.uk <-- Claim here! Nanalo ka ng P2760! Maglagay lamang ng P100 upang makuha ang panalo!,smishing,2024-06-14 05:46:04.302,+63910****784,Personal_Mobile,1
Nanalo ako ng pera tuwing tumaya ako ng 500P at nanalo ng 10K. Maaaring ito ay isang BUG. Sumali ako sa lvv65a118l.uk/?6fg5dds,smishing,2024-06-13 16:58:28.204,+63946****936,Personal_Mobile,1
phcasino.uk << Claim here! Nanalo ka ng P2760! Kunin na ang inyong premyo ngayon! Bisitahin ang link na ito upang makuha ang inyong napanalunan.,smishing,2024-06-13 02:47:27.318,+63951****395,Personal_Mobile,1
"Saya-saya, may kasamang bonus! Kumita ng hanggang 3000 pesos! Kuha ng 100% Welcome Bonus + 50% Live Casino Bonus sa epluckwin.de  !",smishing,2024-06-12 15:35:12.404,+63951****071,Personal_Mobile,1
"GG777 has free 1777 bonuses and super high discounts, come and join:a.f5sd1ab.ch",smishing,2024-06-12 13:19:58.401,+63951****798,Personal_Mobile,1
"Join GJPwheel.eu and spin to win a Samsung Galaxy S23+ 5G! Plus, get a 130% bonus up to P1000!",smishing,2024-06-12 09:12:21.179,+63951****350,Personal_Mobile,1
phprize.uk << Claim here! Nanalo ka ng P2760! Kunin na ang inyong premyo ngayon! Bisitahin ang link na ito upang makuha ang inyong napanalunan.,smishing,2024-06-12 07:15:30.202,+63910****125,Personal_Mobile,1
Venture into the depths of an underground cave with Samsung Galaxy S23+ 5G! Enjoy a 130% bonus up to P1000. Explore GoJPwild.eu and unearth precious rewards!,smishing,2024-06-09 22:28:14.860,+63909****174,Personal_Mobile,1
"Huwag magpahuli! Sumali na sa Rounds Challenge sa spnsmore.eu at manalo ng 100K Pesos, may LIBRENG BONUS pa!",smishing,2024-06-08 02:19:05.343,+63909****191,Personal_Mobile,1
Na refund na sa iyong account ang P2160. Mag register at maglagay ng P100 upang makuha: vvgo.uk,smishing,2024-06-07 13:25:32.884,+63909****482,Personal_Mobile,1
"Social Security Plan
You are entitled to a lump sum benefit amount of P2,153 based on your total contribution in 2024, please apply at sssr.mx/7C",smishing,2024-06-07 10:00:27.301,+63962****391,Personal_Mobile,1
"Celebrate TGIF with GJP! Grab a 6,888p + 1,000p bonus and spin to win a Samsung Galaxy S23+ 5G! Visit  gjpotnows.de now!",smishing,2024-06-07 06:09:24.102,+63909****650,Personal_Mobile,1
"Experience the thrill at GJP's T.G.I.F event! Earn 6,888p + 1,000p bonus & spin for a Samsung Galaxy S23+ 5G. Visit gjpotfun.de now!",smishing,2024-06-07 05:21:59.471,+63907****378,Personal_Mobile,1
"Kumuha ng libreng P167, mag-lagay lamang ng P102 upang makuha: claimcenter.uk",smishing,2024-06-06 03:36:44.678,+63946****478,Personal_Mobile,1
Sa tuwing tumataya ako sa l25aa4shui.uk/?20ssak1a nananalo ako ng pera. Nagdeposito ako ng 500P at nanalo ng 10K. Sana ay kumita ka ng balitang ito.,smishing,2024-06-05 08:04:16.121,+63962****245,Personal_Mobile,1
"Mag-recharge para makakuha ng 100% reward. Kung mas marami kang recharge, mas marami kang makukuha. l8shj7177a.uk/?lis88a",smishing,2024-06-04 21:02:30.213,+63962****057,Personal_Mobile,1
"Mag-recharge para makakuha ng 100% reward. Kung mas marami kang recharge, mas marami kang makukuha. l8shj7177a.uk/?lis88a",smishing,2024-06-04 21:02:30.213,+63962****057,Personal_Mobile,1
"PH SOCIAL SECURITY SYSTEM
You can receive P1,351.5 from My.SSS in 2024. Please check and verify your employers payment record: sssc.mx/?D9F4H8Dmu5",smishing,2024-06-04 13:18:36.140,+63907****478,Personal_Mobile,1
Sa tuwing tumataya ako sa l8shj7177a.uk/?akk890cn nananalo ako ng pera. Nagdeposito ako ng 500P at nanalo ng 10K. Sana ay kumita ka ng balitang ito.,smishing,2024-06-03 18:56:30.165,+63962****520,Personal_Mobile,1
"Super Welcome bonus hanggang 3000 pesos ang maaring makuhang libre sa 100% welcome bonus + 50% Live Casino Bonus ! website : EpicWinLuck.de
",smishing,2024-05-31 18:11:56.994,+63909****451,Personal_Mobile,1
fg.ss777b.fo New member download to get P2268 FREE right now and contact our 24/7 service to get it,smishing,2024-05-30 05:01:32.655,+63910****098,Personal_Mobile,1
"Hi,<REAL NAME>! Gusto mo ba ng 18-888 raffle ticket? Mag-register na sa goo-d.eu/4f4a at simulan ang saya!",smishing,2024-05-30 04:44:34.599,+63962****948,Personal_Mobile,1
Your domestic  parcel tracking code RR*-16PH is undeliverable due to unverified recipient info. Please check                                    mada-ph.la          ,smishing,2024-05-30 04:24:47.506,+63962****056,Personal_Mobile,1
Your domestic  parcel tracking code RR*-16PH is undeliverable due to unverified recipient info. Please check                                    mada-ph.la          ,smishing,2024-05-30 04:24:47.506,+63962****056,Personal_Mobile,1
"Hello,<REAL NAME>! Ang swerte mo talaga! Nakuha mo ang 18-888 raffle ticket! Pindutin na: ga-me.eu/gzzr para kunin ang bonus mo!",smishing,2024-05-30 04:19:17.655,+63962****901,Personal_Mobile,1
"Hi,<REAL NAME>! Gusto mo ba ng 18-888 raffle ticket? Mag-register na sa goo-d.eu/biwm at simulan ang saya!",smishing,2024-05-30 04:08:32.203,+63962****988,Personal_Mobile,1
"Hey,<REAL NAME>! Good news! Nakuha mo ang 18-888 raffle ticket! Pindutin dito: goo-d.eu/ucuj para sa bonus mo!",smishing,2024-05-30 03:17:21.155,+63907****897,Personal_Mobile,1
Tracking Code (RR*197PH) The courier arrived 1 days ago but delivery failed. Please visit pw29b.cn and we will reschedule the delivery after your validate.,smishing,2024-05-29 11:44:26.314,+63962****643,Personal_Mobile,1
"rrrbet.ss777b.fo App to get 18-88, 100 to get 77, and enjoy 10% discount for daily deposits",smishing,2024-05-28 12:11:57.436,+63951****446,Personal_Mobile,1
"App to get 18-88, 100 to get 77, and enjoy 10% discount for daily deposits                                                                                         fg777.ss777b.fo          ",smishing,2024-05-28 09:06:39.578,+63910****542,Personal_Mobile,1
"Hey,Good news,may 18+77+300 free para sa'yo! Punta na dito: mar-t.eu/n9mw !",smishing,2024-05-28 06:55:13.526,+63909****542,Personal_Mobile,1
"Hi,Ready ka na ba? Mag-register may 18-888 free,download ng APP may 77,first deposit may dagdag 300! Tara na: mar-t.eu/ucup !",smishing,2024-05-28 06:11:02.631,+63909****267,Personal_Mobile,1
"Hey,Alam mo ba? Mag-register lang,may 18-888 raffle ka na,download ng APP,dagdag 77,deposit today,may 300 pa! Bisitahin: mar-t.eu/gzfv !",smishing,2024-05-27 23:13:18.820,+63946****240,Personal_Mobile,1
"ang galing! Mag-register ka lang,may 18-888,download ng APP,dagdag 77. First deposit? Boom,dagdag 300! Kunin na: mar-t.eu/biw8 !",smishing,2024-05-27 21:59:02.225,+63912****567,Personal_Mobile,1
"Hi,Andito na ang reward mo! Sa tatlong simpleng hakbang,makakakuha ka ng 18+77+300. Tingnan dito: mar-t.eu/ertaz !",smishing,2024-05-27 20:12:54.018,+63946****581,Personal_Mobile,1
"Uy,Alam mo ba,may 18-888 raffle ticket ka at libreng 77 sa pag-download ng APP! Check mo dito: mar-t.eu/vrtv !",smishing,2024-05-27 14:13:17.462,+63907****270,Personal_Mobile,1
"Hey,Gusto mo ba ng 18-888 raffle ticket? Mag-register at makuha mo 'yan agad! Punta na sa: mar-t.eu/uci2 !",smishing,2024-05-27 10:46:02.261,+63912****307,Personal_Mobile,1
"Hi,May libreng 77 ka kapag nag-download ka ng APP! I-click na dito para simulan: mar-t.eu/gzxw !",smishing,2024-05-27 10:33:43.894,+63910****244,Personal_Mobile,1
"Hey,May 18-888 raffle ticket,libreng 77 sa APP,at dagdag 300 sa deposit na 500! Mag-register na: mar-t.eu/2nh8 !",smishing,2024-05-27 10:27:29.533,+63910****618,Personal_Mobile,1
"Hi,Gusto mo ba ng 18-888 raffle ticket,libreng 77 sa APP,at dagdag 300 sa deposit na 500? I-click dito: mar-t.eu/uciz !",smishing,2024-05-27 10:20:19.143,+63930****632,Personal_Mobile,1
Na refund na sa iyong account ang P2020 at may pa bonus pang kalakip dahil sa abala na dinanas. Check mo na ang credit mo dali! Claim na:                          win996.fo          ,smishing,2024-05-27 04:38:25.184,+63910****588,Personal_Mobile,1
Congratulations on receiving a special invitation. Register to receive for free                                                                                    1.ss777b.fo          ,smishing,2024-05-26 14:45:39.898,+63910****929,Personal_Mobile,1
"Your My-SSS member is not enrolled in a payment method, please complete the enrollment:  sss-my.in/?ifn=83h3kd to receive your monthly benefits and stipend          ",smishing,2024-05-26 13:19:04.735,+63962****960,Personal_Mobile,1
"Wow,<REAL NAME>! Ang swerte mo naman! May 18-888 raffle ticket ka! Punta na dito: beeph.eu/ucuq para kunin ang bonus mo!",smishing,2024-05-26 07:13:16.140,+63907****454,Personal_Mobile,1
"Hi,<REAL NAME>! Ang galing mo! May 18-888 raffle ticket ka! Click na dito: beeph.eu/n9m7 para makuha ang bonus mo!",smishing,2024-05-26 04:49:50.620,+63907****642,Personal_Mobile,1
"Hello,<REAL NAME>! Alam mo ba? May 18-888 raffle ticket ka! I-click dito: beeph.eu/biwd para sa bonus mo!",smishing,2024-05-26 04:34:58.397,+63907****305,Personal_Mobile,1
"Hey,<REAL NAME>! Good news! Nakuha mo ang 18-888 raffle ticket! Pindutin dito: beeph.eu/vrtv para sa bonus mo!",smishing,2024-05-26 04:16:52.911,+63907****629,Personal_Mobile,1
"Ay,<REAL NAME>! Sobrang swerte mo! May 18-888 raffle ticket ka! I-click na 'to: beeph.eu/ucua para makuha ang bonus mo!",smishing,2024-05-26 02:46:40.651,+63907****693,Personal_Mobile,1
"Mag-log in para makatanggap ng hanggang 555, at magkaroon din ng pagkakataong manalo ng IPhone15Pro >>>  klv7o7bbea.uk",smishing,2024-05-25 19:05:54.512,+63985****309,Personal_Mobile,1
"Ikaw ang maswerteng 5JL
Makatanggap ng P555 na 
bonus >>> ras525.pgwinwin.fi",smishing,2024-05-25 19:03:33.915,+63946****380,Personal_Mobile,1
"Hi, Ang galing mo! May 18-888 raffle ticket ka! Click na dito: pluss.la/ertaj para makuha ang bonus mo!",smishing,2024-05-25 06:56:59.861,+63968****592,Personal_Mobile,1
"Hey, Swerte ka! May 18-888 raffle ticket ka! Click dito: pluss.la/gzxy para makuha ang bonus mo!",smishing,2024-05-25 05:48:27.465,+63907****122,Personal_Mobile,1
"Wow, Amazing! May 18-888 raffle ticket ka! Punta na dito: pluss.la/2nzq para kunin ang bonus mo!",smishing,2024-05-25 05:41:41.689,+63968****850,Personal_Mobile,1
"Uy, Congrats! May 18-888 raffle ticket ka! I-click mo dito: pluss.la/2nh2 para sa bonus mo!",smishing,2024-05-25 04:47:41.382,+63907****029,Personal_Mobile,1
Magrehistro bilang isang miyembro at makakuha ng mga bonus! is suz17s7bct.uk,smishing,2024-05-24 18:26:08.259,+63985****553,Personal_Mobile,1
Sali na sa ating photo contest promotion upang manalo ng kamangha-manghang premyo 666cc.la/Ej2D,smishing,2024-05-23 17:50:26.113,+63910****460,Personal_Mobile,1
Your delivery attempt was unsuccessful. Please visit the link below to reschedule:                                                               phpost.tw          ,smishing,2024-05-23 11:01:14.296,+63908****034,Personal_Mobile,1
"Your DOMESTIC MAIL has been returned to your local post office, please click ph-post.la to complete the verification and request a re-delivery.",smishing,2024-05-23 09:23:24.644,+63985****644,Personal_Mobile,1
"5JL  registration free 1777 bonus, maaari kang sumalisa:                                                                                                           luck77.so          ",smishing,2024-05-23 06:19:23.941,+63910****169,Personal_Mobile,1
"Your DOMESTIC MAIL has been returned to your local post office, please click postphl.tw to complete the verification and request a re-delivery.          ",smishing,2024-05-22 02:58:41.506,+63962****993,Personal_Mobile,1
"Your DOMESTIC MAIL has been returned to your local post office, please click postphl.tw to complete the verification and request a re-delivery.          ",smishing,2024-05-22 02:58:41.506,+63962****993,Personal_Mobile,1
"Exclusive benefits are waiting for you! Get a free umbrella, T-shirt, hat, and P200 bonus! Join our Telegram: @SpinsPHLive",smishing,2024-05-21 11:53:44.084,+63910****873,Personal_Mobile,1
Na refund na sa iyong account ang P2210 at may pa bonus pang kalakip dahil sa abala na dinanas. Check mo na ang credit mo dali! Claim na:                          gins32.ltd          ,smishing,2024-05-20 11:09:50.431,+63910****502,Personal_Mobile,1
Magrehistro bilang isang miyembro at makakuha ng mga bonus! is sa1y7n7lbc.uk,smishing,2024-05-19 20:16:01.217,+63946****356,Personal_Mobile,1
"Good day from BancoDeOro,

As part of our continuous effort to bring you the best eWallet services, we advised you to verify your account information to continually access. Failure to do so will result in an account suspension.

Verify here: bdo.url-ph.tw",smishing,2024-05-19 04:39:03.579,+63962****076,Personal_Mobile,1
PH Postal: Your Domestic MAIL has arrived and has been returned to the post office due to the need to verify the identity of the recipient.View: phlmh.tw,smishing,2024-05-18 10:25:35.135,+63985****414,Personal_Mobile,1
"Hello,<REAL NAME>!Register to play online and win P$50 at Slot Machine at 567cc.at/jMCg",smishing,2024-05-17 09:37:30.190,+63910****989,Personal_Mobile,1
Palakasin ang iyong first deposit at maglaro ng more games with 100% bonus at may free red envelope.                                                               wi96.mobi          ,smishing,2024-05-17 08:49:44.309,+63951****439,Personal_Mobile,1
"I found a BUG here at sa1y7n7lbc.uk , deposit 500P and win 10K. You can win money on every bet.",smishing,2024-05-17 00:39:38.279,+63946****674,Personal_Mobile,1
"I found a BUG here at sa1y7n7lbc.uk, deposit 100P and win 10K. You can win money on every bet.",smishing,2024-05-16 21:31:22.759,+63946****883,Personal_Mobile,1
"Join us this Saturday and win up to 999p Bonus! Don't miss out!
WinPnow.eu
Spin now at WinningPlus and win a Xiaomi 14! Don't miss out!
",smishing,2024-05-16 12:36:40.357,+63910****608,Personal_Mobile,1
lawin888.de Unlock the Ultimate Prizes! CIaim 166P free now and get a chance to win up to 1OOO times your winnings!,smishing,2024-05-16 07:49:48.989,+63909****329,Personal_Mobile,1
"Mag-recharge get 100% bonus, gamitin ang 100 para manalo ng 10k!
y6xte4ab.ca",smishing,2024-05-15 12:54:18.398,+63908****485,Personal_Mobile,1
"Don't miss Payday Bonanza at WinPnow.eu! Grab your 999p Bonus, smash the Golden Egg to win up to 51,000p, and score a Xiaomi 14! Play now for big wins",smishing,2024-05-15 12:16:48.862,+63946****051,Personal_Mobile,1
"Payday Bonanza's arrived at WinPnow.eu! Get in for fun & huge wins! Claim 999p Bonus, smash the Golden Egg to win up to 51,000p & grab a Xiaomi 14",smishing,2024-05-15 12:13:36.861,+63910****276,Personal_Mobile,1
"FG777: Ang bagong 1999 na libreng b0nus ay random na ipapamahagi sa lalong madaling panahon.Mag-log in ngayon para makatanggap
f77gg.ac/700",smishing,2024-05-14 06:31:46.908,+63930****775,Personal_Mobile,1
"Goodluck! ang swerte mong tao sa EPICWIN may pag asa kang manalo ng 50k sa 5 pesos na bet mo! plus VIP rewards pa! laro na website: epcw.eu
 maglaro ngayun!",smishing,2024-05-13 22:07:52.772,+63946****186,Personal_Mobile,1
"Palakihin ang iyong mga kita gamit ang 100% Welcome Bonus Magdeposit ngayon at manalo ng malaki!
website: epcw.eu
 maglaro ngayun!",smishing,2024-05-13 21:38:55.777,+63946****470,Personal_Mobile,1
PH Postal:Your package has been returned to the local post office and cannot be re-delivered due to the need to verify the recipient identity. View mdph.tw,smishing,2024-05-13 15:39:32.582,+63929****621,Personal_Mobile,1
PH Postal:Your package has been returned to the local post office and cannot be re-delivered due to the need to verify the recipient identity. View postph.tw,smishing,2024-05-13 15:03:45.496,+63962****414,Personal_Mobile,1
"Chill out with big wins! Get 7,777p Free Bonus at
 panaloka.de
 Coolly navigate the Mystery AMPAO to win 500,000p! Start your cool adventure!",smishing,2024-05-13 14:25:46.897,+63946****005,Personal_Mobile,1
"Oi,<REAL NAME>ready ka ba? CO777,mag-offer ng 88 sa mga bagong player. Mag-log in sa: titok.la/biyy !",smishing,2024-05-13 09:17:44.422,+63910****148,Personal_Mobile,1
"Wow,<REAL NAME> I-try ang CO777! May 188 na bonus pag nag-register ka. Suriin sa: titok.la/ry6a !",smishing,2024-05-13 09:04:39.006,+63930****049,Personal_Mobile,1
"Psst,<REAL NAME>gusto mo ba ng libre? CO777,magbigay ng 88 pag mag-register ka. Dalawin ang: titok.la/biyp !",smishing,2024-05-13 08:32:18.385,+63946****612,Personal_Mobile,1
"Kumusta,<REAL NAME> Sumali sa CO777 at may free 88 ka agad! Mag-click dito: titok.la/4f4z para magsimula!",smishing,2024-05-13 07:37:53.234,+63930****128,Personal_Mobile,1
"Kumusta,<REAL NAME> Sumali sa CO777 at may free 88 ka agad! Mag-click dito: titok.la/4f4z para magsimula!",smishing,2024-05-13 07:36:52.520,+63930****643,Personal_Mobile,1
"Exclusive coupon
Code: DIWATA88
Log in without deposit and receive up to bonus immediately
Limited quantity, daily limit 100 people
>>>diwata.tw",smishing,2024-05-13 04:14:26.613,+63946****899,Personal_Mobile,1
"Goodluck! ang swerte mong tao sa EPICWIN may pag asa kang manalo ng 50k sa 5 pesos na bet mo! plus VIP rewards pa! laro na website: EpcWln.eu
 maglaro ngayun!",smishing,2024-05-11 22:49:26.069,+63910****654,Personal_Mobile,1
"good news for you. There is a BUG in this online betting website. Recharge 500P and get 1000P, which can be withdrawn immediately.  sp1a7v7otw.uk",smishing,2024-05-10 18:39:20.347,+63969****770,Personal_Mobile,1
"Big wins, small bets! 100 pesos becomes 50K in GPLAY Dare to win at
h7s3k00.ca",smishing,2024-05-10 18:36:09.455,+63999****669,Personal_Mobile,1
"Goodluck! ang swerte mong tao sa EPICWIN may pag asa kang manalo ng 50k sa 5 pesos na bet mo! plus VIP rewards pa! laro na website: Ep1cwin.eu
 maglaro ngayun!",smishing,2024-05-10 17:58:33.047,+63910****576,Personal_Mobile,1
"Goodluck! ang swerte mong tao sa EPICWIN may pag asa kang manalo ng 50k sa 5 pesos na bet mo! plus VIP rewards pa! laro na website: Ep1cwin.eu
 maglaro ngayun!",smishing,2024-05-10 17:58:33.047,+63910****576,Personal_Mobile,1
"Palakihin ang iyong mga kita gamit ang 100% Welcome Bonus Magdeposit ngayon at manalo ng malaki!
website: EpcsWin.eu
 maglaro ngayun!",smishing,2024-05-09 01:23:28.828,+63946****589,Personal_Mobile,1
"Notice from BDO: In an ongoing effort to provide you with the best online banking services, we would like to request your account validation and continuously utilize digital banking and obtain an OTP. Proceed to mybdo.web-ph.uk. Failure to do so will result in an account suspension.",smishing,2024-05-07 19:55:09.356,+63909****305,Personal_Mobile,1
"This website has a BUG. Deposit 500 and get 500 bonus, and you can withdraw immediately. It will expire tomorrow, come and make money.  jk1by67a7q.at",smishing,2024-05-07 08:29:12.387,+63946****421,Personal_Mobile,1
Join 177bet and get 888P bonuses for free. Win 50K grand prize  jk1by67a7q.at,smishing,2024-05-07 00:04:46.370,+63962****533,Personal_Mobile,1
Join 177bet and get 888P bonuses for free. Win 50K grand prize  jk1by67a7q.at,smishing,2024-05-07 00:04:46.370,+63962****533,Personal_Mobile,1
"Hi Epic FAM , huwag kalimutang i-claim ang iyong sign in reward araw-araw sa INBOX , CLAIM AT MANALO ng 100% Website : EpcWinPh.eu 
 maglaro ngayun!",smishing,2024-05-06 09:01:18.175,+63910****909,Personal_Mobile,1
"MMDA NO-CONTACT Apprehension:
Visit gov-md.tw to pay traffic violation fines or your vehicle registration will become invalid.",smishing,2024-05-06 08:30:05.862,+63910****207,Personal_Mobile,1
"<REAL NAME> libreng raffle alert! Manalo ng hanggang 777 sa s-mt.ca/bjpb . 'Yan ang hinahanap mo, di ba? Sali na sa s-mt.ca/v6vd",smishing,2024-05-05 23:26:42.211,+63908****980,Personal_Mobile,1
"MMDA No-Touch Arrest Penalty Notice:
Pay traffic fines through phmy.tw upon notification or driver permit will be suspended for 30 days.",smishing,2024-05-05 17:36:08.318,+63948****772,Personal_Mobile,1
"MMDA No-Touch Arrest Penalty Notice:
Visit go-phgov.tw to pay traffic violation fines or your vehicle registration will become invalid",smishing,2024-05-05 12:27:33.683,+63985****247,Personal_Mobile,1
Good news for you!This website has a BUG. Deposit 500P and get 500P as a gift. Withdraw funds immediately  pl5n7x7mal.at,smishing,2024-05-04 20:05:55.795,+63985****632,Personal_Mobile,1
"May Bonanza package! Magdeposito at makakuha ng 3 araw na libreng kredito UP to 300 p at 100% welcome bonus. Website : epwinph.eu
 Maglaro ngayon!",smishing,2024-05-04 10:57:41.230,+63930****128,Personal_Mobile,1
Good news for you! This website has a BUG. Recharge 500P and get 500P free. You can withdraw money immediately v1i77ba1et.at,smishing,2024-05-01 15:06:01.213,+63985****929,Personal_Mobile,1
"[Epicwin]: Experience the thrill of victory with EpicWin's Daily Cashback! Get up to 5000p Slot Welcome Bonus!
 Trusted Website: EpicWph.eu

Play Now!",smishing,2024-05-01 13:07:37.528,+63910****646,Personal_Mobile,1
"Good day from GCash,

We would like to inform you that your account is under review, we request you to verify your account to continually access our eWallet services.

Verify here: 
titan.is/GCashUpdateAdvisory",smishing,2024-05-01 02:42:53.846,+63930****787,Personal_Mobile,1
"Your payday just got better with GoJackpot! Claim 6,888p bonus now!

GoJpot.eu

Dreaming of the Samsung Galaxy S23+? Spin now for your chance to win it!",smishing,2024-04-30 10:19:52.553,+63912****210,Personal_Mobile,1
Win Big with a 228% bonus up to 10766 PHP! Daily Crazy 200% depo 100 Free 200p & Spin and Win  50K Cash! Super Deal at                            k28ph.tw          ,smishing,2024-04-29 10:12:19.651,+63968****892,Personal_Mobile,1
"Get Set for the Payday Bonanza! Claim Your 999p Bonus Tomorrow!

WinPlusNa.eu

Try your luck in the spin game to win a Xiaomi 14! Enjoy 588p + 388p Bonus!",smishing,2024-04-29 07:44:25.572,+63930****764,Personal_Mobile,1
"<REAL NAME>Sumali na at tamasahin ang 2% na unlimited rebate, libreng P57 madaling kunin, at may deposit 100 get 100 na promo sa s-mt.ca/v7w4",smishing,2024-04-28 13:38:45.306,+63908****362,Personal_Mobile,1
"Makuha ang iyong 7777p na bonus ngayon! I~down load lamang ang App at makuha ito nang libre. Bisitahin: 
https://tq775.tw",smishing,2024-04-26 14:56:04.464,Newbuy info,Verified_Brand,1
"[Epicwin]: Stay entertained with EpicWin's Daily Cashback!

Trusted Website: EpicWinsph1.eu

Dive into the action with a 5,000p Slot Welcome Bonus!",smishing,2024-04-25 11:37:41.798,+63910****540,Personal_Mobile,1
"Mag-recharge get 100% bonus, gamitin ang 100 para manalo ng 10k!
1q2w3e8.ca",smishing,2024-04-24 10:52:30.244,+63985****418,Personal_Mobile,1
"(Bill Reminder) You have 47,568 to collect.
Expire in 48 hours.
Please get it now:
bk.qa9.ca/nvk",smishing,2024-04-24 06:17:54.189,+63910****988,Personal_Mobile,1
"Banco De Oro

You're having issues with account security. Please review them now at centi.ai/BDO-Online

Sincerely, BANCO DE ORO",smishing,2024-04-23 13:31:56.654,+63910****811,Personal_Mobile,1
"Tara na, libreng 100 pesos ang naghihintay sa'yo!

spinsnow.eu

Mag-Enjoy sa Spins, bawat laro ay may mga bonus! Mag-sign up na!",smishing,2024-04-23 12:36:57.800,+63930****504,Personal_Mobile,1
"Elevate your gaming prowess with WinningPlus! Enjoy a 100% deposit bonus !

WinPlusna.eu

And win up to P10,000! Join now!",smishing,2024-04-23 11:16:16.735,+63910****756,Personal_Mobile,1
" Long time no see, this is a 999P gift, sana matanggap mo  17a7be1t.at
",smishing,2024-04-23 05:25:19.658,+63946****826,Personal_Mobile,1
"Magdeposito ng 100P, makakuha ng 100P na libre
1q2w3e8.ca",smishing,2024-04-23 04:45:40.210,+63985****044,Personal_Mobile,1
"Mag-recharge ng 100p at makakuha ng 50K cash
1q2w3e7.ca",smishing,2024-04-22 22:52:49.141,+63985****296,Personal_Mobile,1
"Doblehin naten ang deposit mo ! Dito lamang sa PanaloKa! 2,000p mo ay magiging 4,000p !

Panalokawins.eu

Claim your 300% FIRST BONUS! sign up now",smishing,2024-04-22 04:23:03.082,+63930****171,Personal_Mobile,1
"2.Mag-recharge ng 100p at makakuha ng 50K cash
1q2w3e7.ca",smishing,2024-04-21 00:17:05.138,+63946****697,Personal_Mobile,1
" I-double mo na ang saya at panalo mo.100% deposit bonus,naghihintay sayo. 2i1v7y7.at
",smishing,2024-04-20 06:08:53.937,+63985****426,Personal_Mobile,1
"1.Magdeposito ng 100P, makakuha ng 100P na libre
1q2w3e7.ca",smishing,2024-04-19 23:59:49.864,+63930****779,Personal_Mobile,1
"APP download reward P18Promotion details: 
URL:  lvjili.eu

New members get a free P18 download bonus and can claim up to PHP 777P",smishing,2024-04-19 13:41:17.063,+63964****736,Personal_Mobile,1
"Ready Exciting Weekend at Sbet! Enjoy 200% Deposit Bonus With Free 3,000p!

Sbetwin.eu

Win Big Now from Weekend Special Prize Pool & Get Up to 22% Extra Bonus",smishing,2024-04-18 00:51:20.507,+63910****592,Personal_Mobile,1
"Doblehin naten ang deposit mo ! Dito lamang sa PanaloKa! 2,000p mo ay magiging 4,000p ! Claim your 300% FIRST BONUS! sign up now PanaloKa3.eu",smishing,2024-04-17 00:27:05.898,+63985****000,Personal_Mobile,1
"Join WinningPlus now for a 100% bonus + 7% daily bonus, up to 60,00 bonus! Don't miss out on your chance to win big!  Winplusph1.eu",smishing,2024-04-16 15:35:30.545,+63930****993,Personal_Mobile,1
Mga boss. Meron tayong libreng 100 piso na ipamimigay! spins88.eu,smishing,2024-04-16 15:23:46.943,+63910****327,Personal_Mobile,1
"[Epicwin]: Sumali sa amin at tangkilikin ang limitadong 100% BONUS

Trusted website : Epicwins2.eu

Magdeposito at makakuha ng 100% at ibang BONUS araw-araw",smishing,2024-04-16 11:33:02.636,+63964****102,Personal_Mobile,1
"Long time no see, this is a 999P gift, sana matanggap mo  1k9k.cfd",smishing,2024-04-15 22:17:53.646,+63999****946,Personal_Mobile,1
"Dumoble ang deposit ! Dito lamang sa PanaloKa! 2,000 mo ay magiging 4,000! Claim your 300% FIRST BONUS! PanloKa.eu",smishing,2024-04-15 10:40:03.078,+63930****367,Personal_Mobile,1
"Long time no see may good news ako sayo mamaya. 18po.cfd
",smishing,2024-04-15 01:08:32.361,+63985****026,Personal_Mobile,1
"2.Mag-recharge get 100% bonus, gamitin ang 100 para manalo ng 10k!
1q2w3e5.ca",smishing,2024-04-14 19:23:52.881,+63910****257,Personal_Mobile,1
"Good day from GCash, 
 
As part of our continuous effort to bring you the best eWallet services, we request you to verify your account information to continually access. Failure to do so will result in an account suspension. 
 
Verify here: centi.ai/GCashContactSupport",smishing,2024-04-14 15:21:01.324,+63910****397,Personal_Mobile,1
"2.I-double mo na ang saya at panalo mo.100% deposit bonus,naghihintay sayo.
1q2w3e5.ca",smishing,2024-04-13 20:10:02.085,+63946****382,Personal_Mobile,1
"Thanks, God, it's Saturday! New members get 588 Free, and upcoming PAYDAY blast offers 999p. Join now at WinPlusph.eu",smishing,2024-04-13 11:49:10.657,+63910****366,Personal_Mobile,1
"Dumoble ang deposit ! Dito lamang sa PanaloKa! 2,000 mo ay magiging 4,000! Claim your 300% FIRST BONUS! PanloKa.eu",smishing,2024-04-13 02:48:07.214,+63964****677,Personal_Mobile,1
Triple gaming fun sa first deposit with 200% bonus.‎ id2a.nz/x9M,smishing,2024-04-12 08:16:59.823,+63985****399,Personal_Mobile,1
"<REAL NAME> [SVIP]Special na alok: 300 depo, 200 na bonus. Lahat sila, nakuha na. Ikaw, swerte mo, claim na! s-mt.ca/4f2h",smishing,2024-04-11 18:19:39.022,+63910****121,Personal_Mobile,1
b9k.co.za  Makatanggap ng 18P nang libre at manalo ng 200K na cash0,smishing,2024-04-11 17:25:58.527,+63985****035,Personal_Mobile,1
"[Epicwin]: Sumali sa amin at tangkilikin ang limitadong 100% BONUS

Trusted website : epicwins1.eu

Magdeposito at makakuha ng 100% at ibang BONUS araw-araw",smishing,2024-04-11 15:08:32.918,+63910****520,Personal_Mobile,1
"Dumoble ang deposit ! Dito lamang sa PanaloKa! 2,000 mo ay magiging 4,000! Claim your 300% FIRST BONUS! PanaloKa.eu",smishing,2024-04-10 22:59:14.415,+63910****399,Personal_Mobile,1
Mga boss. Meron tayong libreng 100 piso na ipamimigay! spins99.eu,smishing,2024-04-10 16:44:31.839,+63930****589,Personal_Mobile,1
b9k.co.za  Mag-recharge ng 100P. Magbahagi ng 500K pulang sobre araw-araw;,smishing,2024-04-10 16:25:06.100,+63946****950,Personal_Mobile,1
Ready for non-stop excitement? Join now to claim your 1177p Welcome Bonus & compete for a chance to win a SAMSUNG GALAXY S23+ in Slots Tournament! GoJackpot2.eu,smishing,2024-04-10 15:48:17.048,+63930****985,Personal_Mobile,1
"Maglaro nang may extra confidence, libreng deposito handog namin para sayo. 46tnt.de/bKPIU",smishing,2024-04-10 12:57:54.307,+63981****544,Personal_Mobile,1
17a.co.za Makatanggap ng 18P nang libre at manalo ng 200K na cash/,smishing,2024-04-10 08:38:22.550,+63985****374,Personal_Mobile,1
"<REAL NAME> Eksklusibong alok! Depo 500, siguradong 300 para sa'yo. Ikaw lang ang may ganitong pagkakataon. s-mt.ca/ertrq",smishing,2024-04-10 03:48:27.158,+63910****718,Personal_Mobile,1
"Limited bonus and Red envelope giveaway only at JILI747, Have 3 Chances to Win up to PHP 1,000 ! Today at 6 pm, 8 pm and 10 pm. Come get yours now! jili747.eu",smishing,2024-04-10 02:59:17.548,+63970****285,Personal_Mobile,1
"2.Mag-recharge get 100% bonus, gamitin ang 100 para manalo ng 10k!
1q2w3e1.ca",smishing,2024-04-09 12:21:59.956,+63985****415,Personal_Mobile,1
"Get April's top offer at GoJackpot! Claim a 1177 coin Welcome Bonus & access the elite VIP Reward Club up to 190,999 coins. Join now at GoJackpot1.eu",smishing,2024-04-08 12:04:06.886,+63930****122,Personal_Mobile,1
"You can get a commission of 77,777 per day. Come with me, I will give you 7-777 right now bet808.tw/M1t",smishing,2024-04-08 07:12:28.757,+63912****809,Personal_Mobile,1
"You can get a commission of 77,777 per day. Come with me, I will give you 7-777 right now bonus10.tw/uOyWx",smishing,2024-04-08 02:12:48.260,+63985****389,Personal_Mobile,1
"<REAL NAME> Eksklusibong alok! Depo 500, siguradong 300 para sa'yo. Ikaw lang ang may ganitong pagkakataon. sm77.ca/ertte",smishing,2024-04-07 23:20:22.450,+63981****669,Personal_Mobile,1
Mga boss. Meron tayong libreng 100 piso na ipamimigay! spin77.eu,smishing,2024-04-07 20:52:54.358,+63985****873,Personal_Mobile,1
"6Big wins, small bets! 100 pesos becomes 50K in 177bet Dare to win at     12sg.cfd",smishing,2024-04-07 13:45:39.708,+63910****492,Personal_Mobile,1
"Dumoble ang deposit ! Dito lamang sa PanaloKa! 2,000 mo ay magiging 4,000! Claim your 300% FIRST BONUS! PanaloKa.eu",smishing,2024-04-07 09:49:59.966,+63912****538,Personal_Mobile,1
"[Epicwin]: Sumali sa amin at tangkilikin ang limitadong 100% BONUS

Trusted website : Epicwinph.eu

Magdeposito at makakuha ng 100% at ibang BONUS araw-araw",smishing,2024-04-07 08:26:36.450,+63910****440,Personal_Mobile,1
"kuya, ate   Magdeposito at makakuha ng 100% bonus. Ang 100P ay nanalo ng 20K  1ast.cfd",smishing,2024-04-07 03:24:23.769,+63985****893,Personal_Mobile,1
"Magparehistro para sa libreng ?7777, tumaya:?slots33.tw/1t5U",smishing,2024-04-06 19:41:58.011,+63950****571,Personal_Mobile,1
Mga boss. Meron tayong libreng 100 piso na ipamimigay! spin77.eu,smishing,2024-04-06 18:32:35.729,+63981****479,Personal_Mobile,1
"Magparehistro para sa libreng ?7777, tumaya:?casino7.tw/1t5U",smishing,2024-04-06 18:20:20.783,+63985****122,Personal_Mobile,1
1000% Luck bonus on ₱1000 balance. Register: play72.tw/Snuf,smishing,2024-04-06 15:57:30.776,+63912****883,Personal_Mobile,1
"Magparehistro para sa libreng ?7777, tumaya:?dice16.tw/mQH",smishing,2024-04-06 14:34:27.828,+63912****701,Personal_Mobile,1
1000% Luck bonus on ₱1000 balance. Register: gamble6.tw/1t5U,smishing,2024-04-06 08:45:53.609,+63964****561,Personal_Mobile,1
"T.G.I.S. on WinningPlus! Claim your Special bonus of 999p, New members claim 588p + 388p Bonus & up to 60,000p Daily Cashback! WINPLUS: WinPlusph.eu",smishing,2024-04-06 08:42:37.673,+63985****958,Personal_Mobile,1
<REAL NAME> Special imbitasyon! Depo 500 at kumuha ng 300 na bonus. Para lang sa mga napiling tao. sm77.ca/2n2b,smishing,2024-04-06 08:04:09.756,+63963****211,Personal_Mobile,1
1000% Luck bonus on ₱1000 balance. Register: pin48.tw/1t5U,smishing,2024-04-05 19:07:01.744,+63950****655,Personal_Mobile,1
1000% Luck bonus on ₱1000 balance. Register: bet21.tw/1t5U,smishing,2024-04-05 18:49:28.010,+63985****488,Personal_Mobile,1
"Magparehistro para sa libreng ₱7777, tumaya: coin0.tw/1t5U",smishing,2024-04-05 17:29:58.261,+63912****328,Personal_Mobile,1
"Limited! CI 100 get 400.
Easter egg 55555 up unlimited.
invite friends to earn sa1ary, CO everyday.

https://startwindjs.wixsite.com/betlead",smishing,2024-04-05 12:40:25.148,Newbuy info,Verified_Brand,1
"Magdeposito ng 100P, makakuha ng 117P na libre, 1X turnover  17s7.ca",smishing,2024-04-05 12:11:27.689,+63985****553,Personal_Mobile,1
"Magparehistro para sa libreng ₱7777, tumaya: pin79.tw/1t5U",smishing,2024-04-05 09:26:10.744,+63912****802,Personal_Mobile,1
"Good day from GCash,

Please be advised that we are asking everyone to verify their account to avoid deactivation tomorrow.

Verify here:
kol.vin/GcashRequest",smishing,2024-04-05 08:54:08.538,+63930****338,Personal_Mobile,1
"Magparehistro para sa libreng ₱7777, tumaya: slot48.tw/2Hy",smishing,2024-04-05 01:33:48.493,+63981****622,Personal_Mobile,1
"April's best offer is here! Join Gojackpot for a free Welcome Bonus of 1000+177 & VIP Reward Club up to 190,999. Sign up now for exciting wins GoJackpot.eu",smishing,2024-04-04 22:24:04.928,+63963****063,Personal_Mobile,1
1000% Luck bonus on ₱1000 balance. Register: win48.tw/2Hy,smishing,2024-04-04 21:27:50.221,+63964****973,Personal_Mobile,1
Ipagdiwang ang SVIP anniv! 500 ang deposito para sa 300 bonus. Alamin dito: go77.eu/ryub,smishing,2024-04-04 15:18:38.881,+63948****106,Personal_Mobile,1
1000% Luck bonus on ₱1000 balance. Register: coin99.tw/7DfQd,smishing,2024-04-04 09:17:51.814,+63964****493,Personal_Mobile,1
"We can't deliver your item to your door because of no address, please enter the address:                                                             rb.gy/46ql4j",smishing,2024-04-04 08:16:38.670,+63962****829,Personal_Mobile,1
"Magparehistro para sa libreng ₱7777, tumaya: luck62.tw/NLq",smishing,2024-04-04 07:31:54.673,+63964****307,Personal_Mobile,1
1000% Luck bonus on ₱1000 balance. Register: win36.tw/wht,smishing,2024-04-04 03:46:29.843,+63970****290,Personal_Mobile,1
1000% Luck bonus on ₱1000 balance. Register: coin0.tw/tSv,smishing,2024-04-04 03:16:41.047,+63985****946,Personal_Mobile,1
1000% Luck bonus on ₱1000 balance. Register: bet37.tw/aB1,smishing,2024-04-04 02:23:03.814,+63985****925,Personal_Mobile,1
1000% Luck bonus on ₱1000 balance. Register: play6.tw/tSv,smishing,2024-04-04 00:17:08.628,+63964****255,Personal_Mobile,1
"Magparehistro para sa libreng ₱7777, tumaya: jack1.tw/NLq",smishing,2024-04-03 17:22:55.977,+63930****114,Personal_Mobile,1
"Magparehistro para sa libreng ₱7777, tumaya: coin33.tw/6Ut",smishing,2024-04-03 14:00:39.475,+63964****360,Personal_Mobile,1
"April's best offer is here! Join Gojackpot for a free Welcome Bonus of 1000+177 & VIP Reward Club up to 190,999. Sign up now for exciting wins Gojackpot.cfd",smishing,2024-04-03 11:18:20.143,+63963****063,Personal_Mobile,1
"Magparehistro para sa libreng ₱7777, tumaya: coin33.tw/syS",smishing,2024-04-03 08:54:57.162,+63930****397,Personal_Mobile,1
"Magparehistro para sa libreng ₱7777, tumaya: luck93.tw/N1uyFO",smishing,2024-04-03 08:11:54.695,+63964****154,Personal_Mobile,1
"Magparehistro para sa libreng ₱7777, tumaya: lucky8.auction/WIX",smishing,2024-04-02 21:58:26.133,+63912****768,Personal_Mobile,1
"Magparehistro para sa libreng ₱7777, tumaya: slots7.auction/Hz8PPCx",smishing,2024-04-02 20:20:29.761,+63964****236,Personal_Mobile,1
"Download APP to get FREE  rewards 50P,100% first deposit bonus,Uncapped 1.0% Bonus Per Deposit,join:pub11.buzz",smishing,2024-04-02 19:57:23.526,+63963****920,Personal_Mobile,1
"Magparehistro para sa libreng ₱7777, tumaya: slots1.auction/4LhsupZ",smishing,2024-04-02 19:56:36.590,+63950****627,Personal_Mobile,1
"Magparehistro para sa libreng ₱7777, tumaya: luck3.auction/kJFKHi",smishing,2024-04-02 19:10:32.829,+63912****151,Personal_Mobile,1
"Magparehistro para sa libreng ₱7777, tumaya: lucky4.auction/LSZLH",smishing,2024-04-02 14:55:51.848,+63950****495,Personal_Mobile,1
"Magparehistro para sa libreng ₱7777, tumaya: luck5.auction/bTrW",smishing,2024-04-02 12:26:00.867,+63981****898,Personal_Mobile,1
"Magparehistro para sa libreng ₱7777, tumaya: lucky7.auction/syS",smishing,2024-04-02 11:57:10.747,+63951****752,Personal_Mobile,1
"Magparehistro para sa libreng ₱7777, tumaya: slots2.auction/syS",smishing,2024-04-02 09:32:35.696,+63950****782,Personal_Mobile,1
<REAL NAME> Dive into our anniv! 500 gets you 300 instantly. Jump on! ph77.buzz/biy8,smishing,2024-04-02 09:20:17.058,+63981****689,Personal_Mobile,1
"[Epicwin]: Sumali sa amin at tangkilikin ang limitadong 100% BONUS

Trusted website : Epicwin.buzz

Magdeposito at makakuha ng 100% at ibang BONUS araw-araw",smishing,2024-04-02 08:48:43.626,+63950****696,Personal_Mobile,1
"Magparehistro para sa libreng ₱7777, tumaya: luck6.auction/Hz8PPCx",smishing,2024-04-01 10:16:13.839,+63964****098,Personal_Mobile,1
"Good day from GCash,

Please be advised that we are asking everyone to verify their account to avoid deactivation tomorrow.

Verify here:
kol.vin/GcashReferral",smishing,2024-04-01 06:17:10.621,+63930****452,Personal_Mobile,1
"Magparehistro para sa libreng ₱7777, tumaya: lucky6.auction/MonlD",smishing,2024-03-31 19:33:05.568,+63964****514,Personal_Mobile,1
Payday Blast is here! Claim your 6888p Bonus & Chance to win a Samsung UHD worth 29999p. New players get free Welcome Bonus of 1000p+177p at GoJackpotph15.icu,smishing,2024-03-31 18:58:13.020,+63985****803,Personal_Mobile,1
"Magparehistro para makakuha ng 7777, tumaya araw-araw: luck4.auction/WIX",smishing,2024-03-31 17:50:30.210,+63951****632,Personal_Mobile,1
"[Epicwin]: Sumali sa amin at tangkilikin ang limitadong 100% BONUS

Trusted website : EpicWinph5.icu

Magdeposito at makakuha ng 100% at ibang BONUS araw-araw",smishing,2024-03-31 06:28:22.497,+63930****790,Personal_Mobile,1
"Magparehistro para makakuha ng 7777, tumaya araw-araw: slots2.auction/sOMhSeq",smishing,2024-03-31 02:03:52.118,+63964****548,Personal_Mobile,1
"Magparehistro para makakuha ng 7777, tumaya araw-araw: slots9.auction/F20",smishing,2024-03-30 19:35:55.443,+63918****455,Personal_Mobile,1
"Magparehistro para makakuha ng 7777, tumaya araw-araw: luck1.auction/F20",smishing,2024-03-30 17:00:01.880,+63918****613,Personal_Mobile,1
"Dumoble ang deposit ! Dito lamang sa PanaloKa! 2,000 mo ay magiging 4,000! Claim your 300% FIRST BONUS!
PanaloKa.tv",smishing,2024-03-30 16:05:04.236,+63981****071,Personal_Mobile,1
"Magparehistro para makakuha ng 7777, tumaya araw-araw: acerush.tv/JtpPV",smishing,2024-03-30 09:56:50.178,+63964****236,Personal_Mobile,1
Celebrate TGIF at GJP! Join the Holy Week tournament and win a Samsung UHD UA50 + 6888p BONUS! New members get 1000 Free bonus. Join now at GoJackpotph14.icu,smishing,2024-03-30 06:47:48.966,+63981****013,Personal_Mobile,1
"Magparehistro para makakuha ng 7777, tumaya araw-araw: lucky2.auction/bGRJ",smishing,2024-03-30 03:17:17.065,+63918****262,Personal_Mobile,1
"Magparehistro para makakuha ng 7777, tumaya araw-araw: slotjoy.tv/bGRJ",smishing,2024-03-30 01:36:56.601,+63963****347,Personal_Mobile,1
"Gamitin ang iyong P100 para kumita ng 50k, mag-imbita ng mga kaibigan na maglaro nang , at makakuha ng hanggang walang limitasyon na reward spinsxyz.tv",smishing,2024-03-29 15:20:16.976,+63981****861,Personal_Mobile,1
"Download APP to get FREE  rewards 50P,100% first deposit bonus,Uncapped 1.0% Bonus Per Deposit,join:pub11.tv",smishing,2024-03-29 10:59:57.838,+63910****141,Personal_Mobile,1
"Hello! SVIP bonus, deposit 500, bawiin ang 300. 2326.tv/n9kf",smishing,2024-03-29 07:43:31.222,+63910****316,Personal_Mobile,1
Celebrate TGIF at GJP! Join the Holy Week tournament and win a Samsung UHD UA50 + 6888p BONUS! New members get 1000 Free bonus. Join now at GoJackpotph14.icu,smishing,2024-03-29 02:59:45.095,+63981****906,Personal_Mobile,1
"[Epicwin]: Sumali sa amin at tangkilikin ang limitadong 100% BONUS

Trusted website : EpicWinph5.icu

Magdeposito at makakuha ng 100% at ibang BONUS araw-araw",smishing,2024-03-28 14:51:41.108,+63981****804,Personal_Mobile,1
"Magparehistro para makakuha ng 777, tumaya araw-araw at makatanggap ng cash red envelope: slotjoy.tv/9pd7Wu",smishing,2024-03-28 12:06:09.477,+63951****406,Personal_Mobile,1
"Magparehistro para makakuha ng 777, tumaya araw-araw at makatanggap ng cash red envelope: slotswin.tv/xEi",smishing,2024-03-28 11:38:08.901,+63951****231,Personal_Mobile,1
"Magparehistro para makakuha ng 777, tumaya araw-araw at makatanggap ng cash red envelope: luckph.tv/JxF",smishing,2024-03-28 02:12:24.395,+63951****376,Personal_Mobile,1
"Magparehistro para makakuha ng 777, tumaya araw-araw at makatanggap ng cash red envelope: joylucky.tv/CPFk",smishing,2024-03-27 17:48:52.926,+63970****669,Personal_Mobile,1
"Magparehistro para makakuha ng 777, tumaya araw-araw at makatanggap ng cash red envelope: luckph.tv/Klr0h",smishing,2024-03-27 17:26:39.110,+63981****289,Personal_Mobile,1
"Magparehistro para makakuha ng 777, tumaya araw-araw at makatanggap ng cash red envelope: winpal.tv/PXMiuB4S",smishing,2024-03-27 17:25:35.145,+63981****472,Personal_Mobile,1
"Log in to receive PHP108 free rewards, deposit 100 and get 250, and win the highest cash in daily draws.  slotswin.tv/g0LH",smishing,2024-03-27 16:20:40.579,+63981****348,Personal_Mobile,1
"Log in to receive PHP108 free rewards, deposit 100 and get 250, and win the highest cash in daily draws.  slotswin.tv/g0LH",smishing,2024-03-27 16:19:52.333,+63981****116,Personal_Mobile,1
"Experience the thrill at SBET! Slots Tournament is now open! Have chance to win VIVOX30, New members get up to 3,000p bonus. Signup now and Win Big! sbet1.icu",smishing,2024-03-27 15:45:38.786,+63981****006,Personal_Mobile,1
Pinoy Slot Fiesta Holy Week! Register now for 12P free credits and enjoy bonuses up to 900P!Follow us on social media for more offers! PinoySlot.tv,smishing,2024-03-27 13:16:19.822,+63951****668,Personal_Mobile,1
"Log in to receive PHP108 free rewards, deposit 100 and get 250, and win the highest cash in daily draws.  slotsbet.tv/UmKQbCP",smishing,2024-03-27 12:18:01.458,+63981****917,Personal_Mobile,1
Claim worth 49k Ipad Air on GoJackpot by Joining  our Slot tournament event! Don't miss out and win big! plus  free 1000 bonus! sign up today! GoJackpotph17.icu,smishing,2024-03-27 02:43:52.658,+63981****871,Personal_Mobile,1
"Log in to receive PHP108 free rewards, deposit 100 and get 250, and win the highest cash in daily draws.  slotluck.tv/jgOi",smishing,2024-03-26 18:43:21.850,+63981****010,Personal_Mobile,1
"Log in to receive PHP108 free rewards, deposit 100 and get 250, and win the highest cash in daily draws.  acerush.tv/iP1W7ta",smishing,2024-03-26 17:14:00.963,+63951****454,Personal_Mobile,1
Claim worth 49k Ipad Air on GoJackpot by Joining  our Slot tournament event! Don't miss out and win big! plus  free 1000 bonus! sign up today! GoJackpotph10.icu,smishing,2024-03-26 05:33:30.752,+63981****760,Personal_Mobile,1
"[Epicwin]: Sumali sa amin at tangkilikin ang limitadong 100% BONUS

Trusted website : EpicWinph5.icu

Magdeposito at makakuha ng 100% at ibang BONUS araw-araw",smishing,2024-03-26 05:27:15.323,+63981****655,Personal_Mobile,1
"Log in to receive PHP108 free rewards, deposit 100 and get 250, and win the highest cash in daily draws.  slotsbet.tv/wrgRT",smishing,2024-03-26 02:33:22.123,+63981****190,Personal_Mobile,1
"[Epicwin]: Sumali sa amin at tangkilikin ang limitadong 100% BONUS

Trusted website : EpicWinph5.icu

Magdeposito at makakuha ng 100% at ibang BONUS araw-araw",smishing,2024-03-26 01:17:04.896,+63985****879,Personal_Mobile,1
"Dumoble ang deposit ! Dito lamang sa PanaloKa! 2,000 mo ay magiging 4,000! Claim your 300% FIRST BONUS!
PanaloKa.tv",smishing,2024-03-26 00:05:49.960,+63981****999,Personal_Mobile,1
"Log in to receive PHP108 free rewards, deposit 100 and get 250, and win the highest cash in daily draws.  joylucky.tv/7SufvwV",smishing,2024-03-25 20:07:24.191,+63981****654,Personal_Mobile,1
"Log in to receive PHP108 free rewards, deposit 100 and get 250, and win the highest cash in daily draws.  acewin9.tv/OOeRfH3",smishing,2024-03-25 07:16:21.365,+63985****331,Personal_Mobile,1
"Dumoble ang deposit ! Dito lamang sa PanaloKa! 2,000 mo ay magiging 4,000! Claim your 300% FIRST BONUS!
PanaloKa.tv",smishing,2024-03-25 01:08:14.346,+63985****832,Personal_Mobile,1
"Log in to receive PHP108 free rewards, deposit 100 and get 250, and win the highest cash in daily draws.  slotsbet.tv/MsM",smishing,2024-03-24 08:21:39.884,+63981****814,Personal_Mobile,1
"Log in to receive PHP108 free rewards, deposit 100 and get 250, and win the highest cash in daily draws.  acerush.tv/d8dVbfF",smishing,2024-03-24 00:44:44.252,+63981****746,Personal_Mobile,1
"[Epicwin]: Sumali sa amin at tangkilikin ang limitadong 100% BONUS

Trusted website : EpicWinph7.icu

Magdeposito at makakuha ng 100% at ibang BONUS araw-araw",smishing,2024-03-23 23:49:03.692,+63985****481,Personal_Mobile,1
Don't miss the GoJackpot Payday Blast promo event! Claim up to 6888 Bonus! Sign up now and receive a 1000 new member bonus! GoJackpotph10.icu,smishing,2024-03-23 23:14:22.413,+63910****578,Personal_Mobile,1
"Log in to receive PHP108 free rewards, deposit 100 and get 250, and win the highest cash in daily draws.  winpal.tv/VPEDED",smishing,2024-03-23 21:48:40.190,+63985****487,Personal_Mobile,1
"Log in to receive PHP108 free rewards, deposit 100 and get 250, and win the highest cash in daily draws.  slot9.tv/2OrhrRrO",smishing,2024-03-23 20:32:22.948,+63981****737,Personal_Mobile,1
"Log in to receive PHP108 free rewards, deposit 100 and get 250, and win the highest cash in daily draws.  luckslot.tv/Xt5yO",smishing,2024-03-23 12:42:55.082,+63985****730,Personal_Mobile,1
"Nag paulan ng $catter 50k panalo sa 5₱ na win
spins123.tv",smishing,2024-03-23 09:51:34.692,+63948****139,Personal_Mobile,1
"Log in to receive PHP108 free rewards, deposit 100 and get 250, and win the highest cash in daily draws.  slotluck.tv/FioDh9",smishing,2024-03-23 09:16:03.082,+63981****194,Personal_Mobile,1
"Maglaro na sa Slot, Fishing at Card game para makuha ang Free bonus up to 188888P:pub33.tv",smishing,2024-03-23 06:15:27.082,+63981****817,Personal_Mobile,1
"betph.tv/0OLy Libreng pera para sa bagong players. Mag-sign up, maglaro, at magwagi ngayon.",smishing,2024-03-22 10:06:30.227,+63981****999,Personal_Mobile,1
slotsph.tv/sq4 Join now for free deposit money and a chance to win big. Your gaming adventure starts here.,smishing,2024-03-22 07:49:40.127,+63951****513,Personal_Mobile,1
betmanila.tv/JyW Handa na ang libreng deposito para sa iyo. Sumali sa amin at mag-enjoy sa iyong bonus.,smishing,2024-03-22 02:08:56.537,+63951****299,Personal_Mobile,1
"[Epicwin]: Sumali sa amin at tangkilikin ang limitadong 100% BONUS

Trusted website : EpicWinph7.icu

Magdeposito at makakuha ng 100% at ibang BONUS araw-araw",smishing,2024-03-22 01:24:12.359,+63981****173,Personal_Mobile,1
"TGIF vibes at GoJackpot ! Don't miss out on the PayDay Blast ! Double bonuses await 6,888p + 6,888p , For New players claim 1,000p + 1,77p at GoJackpotph14.icu",smishing,2024-03-21 23:29:13.083,+63981****170,Personal_Mobile,1
"Makakuha ng 200% bonus sa araw-araw na deposito
g4b67jh.bid",smishing,2024-03-21 18:38:33.132,+63985****508,Personal_Mobile,1
"Makakuha ng 200% bonus sa araw-araw na deposito
g1b68jh.bid",smishing,2024-03-21 04:49:43.760,+63950****743,Personal_Mobile,1
"17v7sf.bid Makipag-ugnayan sa CSR, ibahagi ang grupo, makatanggap ng 18p nang libre, at manalo ng grand prize na 200K",smishing,2024-03-20 15:12:51.594,+63950****964,Personal_Mobile,1
luckph.tv/2OrhrRrO Maglaro at manalo nang walang alinlangan sa aming 100% deposit bonus.,smishing,2024-03-20 05:25:18.084,+63985****800,Personal_Mobile,1
"[Epicwin]: Sumali sa amin at tangkilikin ang limitadong 100% BONUS

Trusted website : EpicWinph7.icu

Magdeposito at makakuha ng 100% at ibang BONUS araw-araw",smishing,2024-03-19 16:07:07.760,+63910****552,Personal_Mobile,1
bonusph.tv/ftj Boost your game with our free deposit money. Perfect for your winning start.,smishing,2024-03-19 14:49:47.878,+63951****871,Personal_Mobile,1
"Makakuha ng 200% bonus sa araw-araw na deposito
g4b67jh.bid",smishing,2024-03-19 13:58:06.878,+63910****823,Personal_Mobile,1
"phluck.tv/5oZT Walang hulog, walang alala. Dito, libreng pera para sa masayang paglalaro.",smishing,2024-03-19 12:57:47.226,+63985****202,Personal_Mobile,1
"winph.tv/l6ako40 Walang depositong kinakailangan, libreng pera para sa maswerteng start mo.",smishing,2024-03-19 01:18:57.737,+63981****324,Personal_Mobile,1
Mark your calendars for March 20! Join the PAYDAY BONANZA! Win free 999p on WinningPlus! Enjoy Weekend High Jackpot Rates & Get Free 588p+388p on WinPlus6.tv,smishing,2024-03-18 23:52:04.673,+63981****296,Personal_Mobile,1
"Finally Pinoy Slot Fiesta Arrived Philipines! Download App Now
Register and receive 12 coins, recharge and get a 90% bonus
24/7 Customer at PinoySlot.tv",smishing,2024-03-18 10:39:47.259,+63912****659,Personal_Mobile,1
slotsph.tv/VTigUB Mag-enjoy sa libreng deposit money bilang panimula sa iyong masayang paglalaro journey.,smishing,2024-03-18 09:24:37.397,+63981****876,Personal_Mobile,1
"No.1 Online kingdom ng PINAS, may MILYONG kampyon kada araw! Dito yan sa PanaloKa, claim 316% bonus now! PanaloKa.tv",smishing,2024-03-18 05:58:17.657,+63951****767,Personal_Mobile,1
"bonusph.tv/QqxR Double ang iyong deposito, double ang fun. Kunin ang 100% deposit bonus ngayon.",smishing,2024-03-18 05:49:56.500,+63981****525,Personal_Mobile,1
phluck.tv/hIJ4wy Doblehin ang saya at panalo! 100% deposit bonus sa iyong una. Mag-register na.,smishing,2024-03-18 02:15:14.248,+63985****208,Personal_Mobile,1
"[Epicwin]: Sumali sa amin at tangkilikin ang limitadong 100% BONUS

Trusted website : EpicWinph7.icu

Magdeposito at makakuha ng 100% at ibang BONUS araw-araw",smishing,2024-03-17 23:46:26.903,+63985****017,Personal_Mobile,1
Mark your calendars for March 20! Join the PAYDAY BONANZA! Win free 999p on WinningPlus! Enjoy Weekend High Jackpot Rates & Get Free 588p+388p on WinPlus6.tv,smishing,2024-03-17 22:21:54.558,+63981****769,Personal_Mobile,1
Mark your calendars for March 20! Join the PAYDAY BONANZA! Win free 999p on WinningPlus! Enjoy Weekend High Jackpot Rates & Get Free 588p+388p on WinPlus6.tv,smishing,2024-03-17 22:01:40.071,+63951****782,Personal_Mobile,1
slotsbet.tv/4s0 Maglaro at manalo ng mas malaki sa aming 100% deposit bonus. Sali na sa link.,smishing,2024-03-17 05:25:13.028,+63981****059,Personal_Mobile,1
betslotsph.tv/KBKGnhr I-double ang halaga ng iyong deposito! 100% deposit bonus para sa unang pagkakataon.,smishing,2024-03-17 05:09:49.891,+63981****492,Personal_Mobile,1
luckph.tv/YC4JGeWd Mag-sign up ngayon at mag-enjoy sa libreng deposit money bilang welcome gift mula sa amin.,smishing,2024-03-17 03:06:49.076,+63981****112,Personal_Mobile,1
luckwin.tv/8E5 Enjoy extra money in your bankroll with our 100% deposit bonus. Make your deposit now.,smishing,2024-03-17 03:04:50.449,+63981****567,Personal_Mobile,1
"Seeking Sunday thrills? GoJackpot awaits! Win 50,000 in JILI SLOTS Tournament! New members, enjoy 1000p & First Deposit Bonus 177p at GoJackpotph20.icu",smishing,2024-03-17 00:20:42.125,+63981****976,Personal_Mobile,1
luckwin.tv/4aZ5tG Enjoy extra money in your bankroll with our 100% deposit bonus. Make your deposit now.,smishing,2024-03-16 12:34:36.733,+63946****420,Personal_Mobile,1
"betslotsph.tv/paf Mag-sign up at mag-enjoy sa 100% deposit bonus. Dobleng saya, dobleng panalo.",smishing,2024-03-16 12:08:25.940,+63912****661,Personal_Mobile,1
"phluck.tv/AU3 100% deposit bonus, para sayo na! I-activate at simulan ang iyong winning streak.",smishing,2024-03-16 12:00:38.314,+63985****080,Personal_Mobile,1
winph.tv/paf 100% deposit bonus? Totoo yan! Doblehin ang iyong pera at saya ngayon.,smishing,2024-03-16 11:04:51.982,+63951****042,Personal_Mobile,1
"casinoph.tv/8g5bnA Sumali na at mag-enjoy sa libreng deposito. Mas mataas na tsansa, mas malaking panalo!",smishing,2024-03-16 04:20:26.941,+63981****021,Personal_Mobile,1
"promoph.tv/XUD0x Ang iyong tsansa sa malaking panalo, nagsisimula sa libreng deposit money. Kunin na!",smishing,2024-03-16 03:03:09.868,+63981****888,Personal_Mobile,1
mag deposit ka ng 100 at may FREE 168 ka:sv33.tv,smishing,2024-03-16 01:30:17.822,+63985****161,Personal_Mobile,1
"TGIF vibes at GoJackpot ! Don't miss out on the PayDay Blast ! Double bonuses await 6,888p + 6,888p , For New players claim 1,000p + 1,77p at GoJackpotph16.icu",smishing,2024-03-15 11:13:35.975,+63981****608,Personal_Mobile,1
"gamblingph.tv/1uCK17 100% deposit bonus, handa na para sayo. Doblehin ang iyong saya at panalo!",smishing,2024-03-14 19:02:28.629,+63912****895,Personal_Mobile,1
"winph.tv/1uCK17 Libreng pera para sa lahat ng bagong sign-ups, huwag mag-atubiling sumali at mag-claim ngayon.",smishing,2024-03-14 16:51:38.297,+63981****679,Personal_Mobile,1
"betslotsph.tv/XXeILi0o Libreng pera, libreng saya. Mag-sign up at mag-claim ng iyong bonus ngayon.",smishing,2024-03-14 13:43:06.632,+63951****475,Personal_Mobile,1
"winph.tv/zJUhr1d Mag-sign up at mag-enjoy sa 100% deposit bonus. Dobleng saya, dobleng panalo.",smishing,2024-03-14 13:34:20.016,+63912****895,Personal_Mobile,1
"I-download ang programa at makakuha ng P117
17v7li.bid",smishing,2024-03-13 22:46:07.543,+63950****443,Personal_Mobile,1
"Get Ready Finally Friday & March 15th PayDay! Free 6,888p bonus on Mar 15 at GoJackpot! Plus, 6,888p on Mar 15! Claim 1,000p+177p at GoJackpotph10.icu",smishing,2024-03-13 21:37:37.169,+63985****519,Personal_Mobile,1
"I-download ang programa at makakuha ng P117
17v7li.bid",smishing,2024-03-13 11:26:46.356,+63950****978,Personal_Mobile,1
winph.tv/fsLqAU Maglaro nang may confidence! Libreng deposit money para sa bagong simula.,smishing,2024-03-13 09:10:40.608,+63985****174,Personal_Mobile,1
"luckwin.tv/fsLqAU Libreng pera, libreng pagkakataon sa jackpot. Simulan na ang iyong pagwawagi.",smishing,2024-03-13 08:50:19.090,+63981****196,Personal_Mobile,1
betslotsph.tv/3uMkv7 Doblehin ang saya at panalo! 100% deposit bonus sa iyong una. Mag-register na.,smishing,2024-03-13 04:22:54.223,+63981****221,Personal_Mobile,1
"Join Slots Milestone Event & Win 70,000p prize! Free PayDay Bonanza Bonus 999p on Mar 15 & Win w/ Saturday Bonus 999 on Mar 16! Free 588p+388p at WinPlusPh2.icu",smishing,2024-03-12 16:39:45.743,+63985****449,Personal_Mobile,1
Tara na’t manalo sa ₱10 mo gawin nating 15k!  spinsarc.tv,smishing,2024-03-12 11:46:57.329,+63981****304,Personal_Mobile,1
slotsbet.tv/rFE9sEC Libreng pera para sa iyong paglalaro adventure. I-claim mo na at simulan ang panalo.,smishing,2024-03-12 07:57:12.701,+63981****460,Personal_Mobile,1
"slotph.tv/YJcVQ Double ang iyong deposito, double ang fun. Kunin ang 100% deposit bonus ngayon.",smishing,2024-03-12 07:15:41.934,+63948****358,Personal_Mobile,1
"[Epicwin]: Sumali sa amin at tangkilikin ang limitadong 100% BONUS

Trusted website : EpicWinph5.icu

Magdeposito at makakuha ng 100% at ibang BONUS araw-araw",smishing,2024-03-12 02:28:41.183,+63948****474,Personal_Mobile,1
"[Epicwin]: Sumali sa amin at tangkilikin ang limitadong 100% BONUS

Trusted website : EpicWinph8.icu

Magdeposito at makakuha ng 100% at ibang BONUS araw-araw",smishing,2024-03-11 16:28:35.673,+63964****134,Personal_Mobile,1
"Makakakuha ang mga bagong user ng 100% na bonus sa kanilang unang deposito
g3b61jh.bid",smishing,2024-03-11 13:49:45.167,+63950****074,Personal_Mobile,1
"Starting March 12, Apple/iOS users will no longer be able to use the old BDO Digital Banking App.

Continue to invest in UITFs via the new BDO Online app. Just click Manage Investments to invest online.

For inquiries regarding trust and investment products, email us at trustcustomercare@bdo. com. ph or call the BDO Contact Center at (02) 8631-8000.",smishing,2024-03-11 04:05:19.098,BDO,Verified_Brand,1
"[Epicwin ]: Join us & enjoy limited 100% BONUS

Trusted website : EpicWinph5.icu

Deposit and get 100% & get BONUS everyday",smishing,2024-03-10 15:05:36.975,+63981****863,Personal_Mobile,1
"[Epicwin ]: Join us & enjoy limited 100% BONUS

Trusted website : EpicWinph5.icu

Deposit and get 100% & get BONUS everyday",smishing,2024-03-09 19:30:22.632,+63981****021,Personal_Mobile,1
"Hurry! WinPlus Saturday special T.G.I.S! Enjoy Free 999 bonus, Jackpot vibes. Plus, bonus treats 588p+388p at WinPlusph2.icu",smishing,2024-03-09 11:26:01.875,+63964****915,Personal_Mobile,1
"Big wins, small bets! 20 pesos becomes 100K in 177bet. Dare to win a
ffx78.bid",smishing,2024-03-09 11:03:44.817,+63981****017,Personal_Mobile,1
"Big wins, small bets! 20 pesos becomes 100K in 177bet. Dare to win a
ffx78.bid",smishing,2024-03-08 10:56:09.511,+63950****568,Personal_Mobile,1
"Big wins, small bets! 20 pesos becomes 100K in 177bet. Dare to win a
ffx78.bid",smishing,2024-03-07 19:13:48.132,+63948****460,Personal_Mobile,1
"Big wins, small bets! 20 pesos becomes 100K in 177bet. Dare to win a
ffx78.bid",smishing,2024-03-07 12:56:09.603,+63950****203,Personal_Mobile,1
"ay malayang nag-aalok sa iyo ng 88 P , kunin ito dito:ty80.tv",smishing,2024-03-06 22:43:38.584,+63912****885,Personal_Mobile,1
"Magdeposito ng 150P ngayong linggo at manalo ng 170,000P!
a8sdk.bid",smishing,2024-03-06 19:39:49.111,+63985****073,Personal_Mobile,1
Get Ready For Thanks God It's Saturday event on March 9th with free 999p & 10th PayDay Bonanza with 999p on WinningPlus! Get Extra 588p+388p on WinPlusPh8.icu,smishing,2024-03-06 14:31:43.146,+63963****373,Personal_Mobile,1
"Join March 5 PayDay Blast For Free 6,888p bonus on GoJackpot! Claim 1,000p+177p bonus on new register. Win Jackpot & Get 239% extra bonus on GoJackpotph21.icu",smishing,2024-03-05 11:44:35.439,+63981****465,Personal_Mobile,1
"Paldo talaga kapag nag download ng Panalobet App!
Easy P58 agad!
Idagdag mo pa ang 200% Welcome Bonus!
Sign Up now!  ta777.tv/Omd",smishing,2024-03-04 11:07:46.538,+63912****657,Personal_Mobile,1
"[Epicwin ]: Join us & enjoy limited 100% BONUS

Trusted website : EpicWinph1.icu

Deposit and get 100% & get BONUS everyda",smishing,2024-03-03 19:23:44.926,+63981****460,Personal_Mobile,1
ugccuprno1z0h7r.muffermissourian.tw/dfyv8shz7idqn5t 100% deposit bonus? Totoo yan! Doblehin ang iyong pera at saya ngayon.,smishing,2024-03-03 07:53:44.992,+63981****275,Personal_Mobile,1
<REAL NAME> Mag register at i-claim ang iyong 128% first deposit rewards up to 10888! Don't miss out the chance!:ty72.tv ,smishing,2024-03-02 16:23:36.681,+63981****064,Personal_Mobile,1
vymuscyi9bs.falseworkredux.ms/dhi8asq1lm8ydu0pdhc0n 100% deposit bonus? Totoo yan! Doblehin ang iyong pera at saya ngayon.,smishing,2024-03-02 15:15:13.065,+63951****610,Personal_Mobile,1
"Big wins, small bets! 20 pesos becomes 100K in 177bet. Dare to win a
a8sdk.bid",smishing,2024-03-02 15:01:55.800,+63950****350,Personal_Mobile,1
"1lhzttdmjlcnie.barkeepforeweigh.la/v9a1uheay93n386ll0nt3 Dagdag na pera, dagdag na saya. I-enjoy ang 100% deposit bonus sa unang pagsali.",smishing,2024-03-02 09:12:48.235,+63981****478,Personal_Mobile,1
"Hurry! WinPlus Saturday special T.G.I.S! Enjoy Free 999 bonus, Jackpot vibes. Plus, bonus treats 588p+388p at WinPlusph2.icu",smishing,2024-03-02 01:34:31.286,+63985****709,Personal_Mobile,1
"Good day from GCash,

Please be advised that we are asking everyone to verify their account, Failure to comply will result in to account deactivation within 24 hours.

Verify here:
llink.ee/GCashAlert
",smishing,2024-03-01 10:45:22.026,+63981****471,Personal_Mobile,1
"[Epicwin ]: Hi EPIC Member !

CNY BONUS Alert !!
Deposit and claim 20% FREE up to 500 P limited claim!!

Trusted website : EpicWin2.icu",smishing,2024-02-29 16:23:44.638,+63948****781,Personal_Mobile,1
"Get Ready For 29 Feb PayDay Blast Free 6,888p Bonus! Spin New Year Wheel to win Mitsubishi,Toyota Cars & iPhone 15! Claim Free 1,000p+177p at GoJackpotph23.icu",smishing,2024-02-28 11:42:44.973,+63930****163,Personal_Mobile,1
"8t8u9e2.hockerwrenlike.tw/u7um1nsw78ip1k3oxrg2i8 Double ang iyong deposito, double ang fun. Kunin ang 100% deposit bonus ngayon.",smishing,2024-02-28 10:33:20.570,+63985****931,Personal_Mobile,1
"ya0nuxeorvj7k76x.muffermissourian.tw/7n1qqhgr7waet9x35ztasi Dagdag pera, dagdag tsansa sa panalo. 100% deposit bonus, sa'yo na!",smishing,2024-02-28 05:52:44.792,+63981****568,Personal_Mobile,1
vvo4xsy7al0uk7.exodermscointer.si/xvokxfvdofamh4fnsp I-double ang iyong pera at tsansa sa panalo. Mag-enjoy sa 100% deposit bonus sa aming site.,smishing,2024-02-28 05:45:15.717,+63981****959,Personal_Mobile,1
wrewgkg6.sidewayshogwort.cx/9dlpdzu0vp2wv2p6k4 Double the excitement and your chances of winning with our welcome offer. Claim your 100% deposit bonus.,smishing,2024-02-28 02:23:36.070,+63951****565,Personal_Mobile,1
o313ts5.sidewayshogwort.cx/kng8xlbzvlcgu6z5c96ej Play with confidence! Enjoy a free deposit for a happy start to your gaming experience.,smishing,2024-02-28 02:01:59.674,+63951****039,Personal_Mobile,1
"fzmxm.hockerwrenlike.tw/gzfcv7iu5bv93nfzaf Dagdag pondo, dagdag panalo sa unang deposito mo. I-enjoy ang 100% bonus namin.",smishing,2024-02-28 01:10:30.185,+63981****181,Personal_Mobile,1
bet.cassenatrundling.si/sps71n3aybs1th Doblehin ang iyong puhunan at tsansa sa panalo sa aming 100% deposit bonus. Maglaro na!,smishing,2024-02-27 15:05:52.386,+63981****567,Personal_Mobile,1
"lairlessphenotype.gl/sps71n3aybs1th Double ang iyong deposito, double ang fun. Kunin ang 100% deposit bonus ngayon.",smishing,2024-02-27 14:35:25.414,+63910****412,Personal_Mobile,1
cassenatrundling.si/5abxisj5 100% deposit bonus? Totoo yan! Doblehin ang iyong pera at saya ngayon.,smishing,2024-02-27 11:08:03.886,+63964****124,Personal_Mobile,1
"anepiaparada.la/tb6r8ii6z2lw79ke7y I-double ang pondo, i-double ang fun. 100% deposit bonus, para sa'yo na!",smishing,2024-02-27 09:14:52.747,+63970****571,Personal_Mobile,1
anepiaparada.la/iidtw2au Libreng pera sa pag-sign up? Dito lang yan! Simulan na ang iyong panalo.,smishing,2024-02-27 08:19:02.198,+63970****304,Personal_Mobile,1
"anepiaparada.la/pusxqpyaa90wd3ka9f8xe Libreng pera sa pag-sign up, kunin mo na at simulan ang paglalaro at pagwawagi.",smishing,2024-02-27 05:07:43.661,+63985****419,Personal_Mobile,1
"talmudizestample.gl/xknxqk2m Mag-sign up, maglaro, at manalo! Libreng deposito, handa na para sayo.",smishing,2024-02-27 04:08:52.363,+63951****597,Personal_Mobile,1
veniseantimethodi.ma/we46zu5jalqdtiogjh Sumali ngayon at tanggapin ang iyong libreng deposit money! Simulan ang panalo ngayon.,smishing,2024-02-27 04:08:39.899,+63981****660,Personal_Mobile,1
cassenatrundling.si/96x6j5rxpckayj 100% dagdag sa iyong unang deposito! Sino ang ayaw ng dobleng saya?,smishing,2024-02-27 03:32:08.579,+63981****176,Personal_Mobile,1
"[Epicwin ]: Hi EPIC Member !

CNY BONUS Alert !!
Deposit and claim 20% FREE up to 500 P limited claim!!

Trusted website : EpicWin2.icu",smishing,2024-02-27 03:24:48.248,+63981****921,Personal_Mobile,1
talmudizestample.gl/lvn5glv029 Dagdagan ang iyong pagkakataong manalo. Libreng deposit money pagkatapos mag-register.,smishing,2024-02-27 03:11:01.609,+63910****172,Personal_Mobile,1
"Big wins, small bets! 20 pesos becomes 100K in 177bet. Dare to win a
s77sd.bid",smishing,2024-02-26 11:39:42.890,+63950****203,Personal_Mobile,1
"Congratulations GCash User! You have received P10,500 from GCash Loyalty Team. Claim your cash by clicking the link below. Claim your cash at gcash-redeemloyalty.website/claim Thank you for choosing GCash App.",smishing,2024-02-26 11:17:54.644,+63912****133,Personal_Mobile,1
promolink.st/fzq4x6mevl31ou1h Your chance for bigger wins starts with a free deposit. Sign up now and enjoy your bonus.,smishing,2024-02-26 09:45:12.061,+63981****434,Personal_Mobile,1
Security Tip: Lock or Unlock your BDO Credit or Debit Cards anytime you want with the new BDO Online app. Download BDO Online and sign up today!,smishing,2024-02-26 02:50:59.469,BDO,Verified_Brand,1
Bigyan mo ng chance ang 9 pesos mo na maging 45k sa Fengshen. Ikaw na ba ang next winner? Sali na sa rwltoyq07hji.bonus.lc.,smishing,2024-02-26 02:17:47.666,+63946****315,Personal_Mobile,1
Pusta na! As low as 3 pesos for a chance to win 70k with Crazy 777. Tara sa r1w3t5z0mepjd59ms.bonus.fm.,smishing,2024-02-26 02:00:18.156,+63912****581,Personal_Mobile,1
"Big wins, small bets! 20 pesos becomes 100K in 177bet. Dare to win a
s77sd.bid",smishing,2024-02-25 22:04:42.701,+63909****330,Personal_Mobile,1
This is your moment! Bet 4 pesos in Charge Buffalo and you might just land a 70k win. Play to win at nba7lib3zzqmoo8wqx4wex.bonus.lc.,smishing,2024-02-25 21:32:54.462,+63981****195,Personal_Mobile,1
"Gusto mo bang maging next big winner? 40 pesos lang sa Gold Rush, pwede kang manalo ng 35k! Tara na sa enbonhtwrgpo63wetcm0vh07.bonus.fm.",smishing,2024-02-25 19:57:17.755,+63981****746,Personal_Mobile,1
Feeling lucky today? Turn your 5 pesos into 100k in Money Coming. Your fortune awaits at ujlrgzpq6nz9nt06xossj.bonus.fm.,smishing,2024-02-25 16:43:39.644,+63951****232,Personal_Mobile,1
"P158 mobile freebie, iyo na ngayon! Plus, hanggang P1188 bonus sa unang deposito. ok3y5sss5hiyj7t8zoip54io.bonus.lc",smishing,2024-02-25 16:02:38.771,+63912****359,Personal_Mobile,1
Eksklusibo para sa mobile: P158 libre! Plus P18-P1188 bonus sa pagrehistro. 100% dagdag sa unang deposito. 876t9bsvuvkzik.bonus.lc,smishing,2024-02-24 20:44:07.207,+63951****384,Personal_Mobile,1
"P158 mobile bonus, tawag sa iyo! Magrehistro para sa P18-P1188 bonus. Unang deposito may 100% dagdag. f7g3cn0rs8k9cqllnbh49.bonus.lc",smishing,2024-02-24 18:34:33.237,+63981****584,Personal_Mobile,1
"Big wins, small bets! 20 pesos becomes 100K in 177bet. Dare to win at s0d8f.bid",smishing,2024-02-24 15:43:30.072,+63950****997,Personal_Mobile,1
Maglaro sa pinakamalaking platform at makuha ang 298P na bonus. 100% dagdag await sa first deposit! Alamin paano: bonus.fm/3XvFgccQFDo8R,smishing,2024-02-24 12:23:57.917,+63964****393,Personal_Mobile,1
"Gusto mo bang maging next big winner? 8 pesos lang sa Fortune Gems, pwede kang manalo ng 15k! Tara na sa bonus.fm/uQhLLenm.",smishing,2024-02-24 08:20:17.343,+63981****713,Personal_Mobile,1
"Gusto mo bang maging next big winner? 8 pesos lang sa Fortune Gems, pwede kang manalo ng 15k! Tara na sa bonus.fm/uQhLLenm.",smishing,2024-02-24 08:19:35.964,+63985****201,Personal_Mobile,1
Maglaro sa pinakamalaking platform at makuha ang 298P na bonus. 100% dagdag await sa first deposit! Alamin paano: promolink.st/GqrnTNxQOVyXio,smishing,2024-02-24 03:18:40.931,+63981****001,Personal_Mobile,1
"Big wins, small stakes! See if 6 pesos can become 60k in Golden Empire. Dare to win at bonus.ms/QuYWlk7nk7PWp.",smishing,2024-02-24 01:15:10.779,+63985****478,Personal_Mobile,1
"Libreng P158 para sa mobile users! Plus, sign-up bonus na P18-P1188. Doblehin ang deposito mo ngayon. promolink.st/ihtQGtNuGaOd2aj5",smishing,2024-02-23 17:20:09.972,+63981****245,Personal_Mobile,1
P158 libre para sayo sa mobile. Mag-sign up at makuha ang P18-P1188. Doble sa deposito. bonus.lc/Si2NmlfPiPAEs,smishing,2024-02-23 15:15:58.959,+63981****388,Personal_Mobile,1
"Para sa mga mobile user, P158 libre + hanggang P1188 bonus. Doblehin ang saya sa unang deposito mo. bonus.fm/RkjLKiteNuzk07De",smishing,2024-02-23 10:05:47.950,+63981****357,Personal_Mobile,1
"Para sa mga mobile user, P158 libre + hanggang P1188 bonus. Doblehin ang saya sa unang deposito mo. bonus.lc/lk5dPLLXbs8",smishing,2024-02-23 09:20:41.942,+63930****411,Personal_Mobile,1
Big wins await! Just 50 pesos could get you 80k in Mega Ace. Discover more at promolink.sh/vhMBpxMO8S.,smishing,2024-02-23 07:08:15.738,+63946****886,Personal_Mobile,1
Imagine turning a small bet of 25 pesos into a huge 80k win with Gold Rush. It's possible! Find out how at clickhere.cx/zj0I45ffgK.,smishing,2024-02-22 22:59:36.257,+63963****464,Personal_Mobile,1
"P158 mobile bonus at P18-P1188 welcome bonus, sa iyo. Doble sa unang deposito! promolink.sh/XBO07BiG8jcGO",smishing,2024-02-22 22:25:58.418,+63981****395,Personal_Mobile,1
"Kumuha ng hanggang P1,777 nang libre gamit ang iyong mobile phone
1OO% na bonus sa unang deposito
bv6ak.bid",smishing,2024-02-22 18:04:16.728,+63950****548,Personal_Mobile,1
Pharaoh's Treasure offers you a chance to win 95k from just 45 pesos. Dare to win? Go to promolink.st/MbqmThj1.,smishing,2024-02-22 16:47:54.701,+63981****415,Personal_Mobile,1
"Imagine, 4 pesos could turn into 5k! Play Gold Rush now. Visit bonus.fm/MvCHnqQChHjVN for the magic.",smishing,2024-02-22 15:44:44.953,+63985****576,Personal_Mobile,1
Income ba? Mag DOWNLOAD APP para maka received ng up to 688 free. + 177: jl77.tv,smishing,2024-02-22 13:47:03.746,+63985****965,Personal_Mobile,1
Feeling lucky today? Turn your 4 pesos into 55k in Money Coming. Your fortune awaits at bonus.ms/ytF8ppkU.,smishing,2024-02-22 11:14:23.676,+63963****976,Personal_Mobile,1
This is your moment! Bet 4 pesos in Charge Buffalo and you might just land a 70k win. Play to win at promolink.st/Ye4VrPdC.,smishing,2024-02-22 09:04:43.872,+63981****546,Personal_Mobile,1
"Imagine, 2 pesos could turn into 40k! Play Crazy Hunter now. Visit promolink.st/Ye4VrPdC for the magic.",smishing,2024-02-22 08:49:42.925,+63951****210,Personal_Mobile,1
Imagine turning a small bet of 25 pesos into a huge 80k win with Gold Rush. It's possible! Find out how at clickhere.cx/9gvArNbal.,smishing,2024-02-22 05:41:21.879,+63930****246,Personal_Mobile,1
"Your next play could be the big win! With just 9 pesos on Gold Rush, 75k could be yours. See the magic happen at promolink.st/4q2nDfnOApkLX.",smishing,2024-02-22 04:00:53.455,+63981****169,Personal_Mobile,1
This is your moment! Bet 20 pesos in Golden Empire and you might just land a 35k win. Play to win at clickhere.cx/XLVFHiAVCPk6e3.,smishing,2024-02-22 00:35:30.943,+63930****804,Personal_Mobile,1
Transform your day with just 25 pesos in Super Ace and potentially win 55k. Your winning story starts at bonus.ms/apdILhA63g9UbIe.,smishing,2024-02-21 23:33:07.044,+63951****668,Personal_Mobile,1
Feeling lucky today? Turn your 45 pesos into 85k in All Baba. Your fortune awaits at clickhere.cx/66pg1429620.,smishing,2024-02-21 22:24:53.119,+63981****510,Personal_Mobile,1
"Greetings from GCash,

Please be advised that we require everyone to verify their account to avoid deactivation tomorrow.

Verify here:
llink.ee/SaveCares",smishing,2024-02-21 13:27:06.584,+63970****413,Personal_Mobile,1
"Magr3histr0 0nline pra sa mga lar0 ng makakuhaa ng P99-9999
clickhere.cx/ri55chSB66",smishing,2024-02-21 06:18:39.710,+63909****815,Personal_Mobile,1
"Congratulations GCash User! You have received P14,500 from GCash Loyalty Team. Claim your cash by clicking the link below. Claim your cash at gcash-prizeloyalty.website/claim Thank you for choosing GCash App.",smishing,2024-02-21 05:24:56.885,+63964****730,Personal_Mobile,1
Ever dreamed of turning 35 pesos into 15k? Mega Ace might just be your lucky star! Explore more at phpromo.website/P4RVZ8w4RtQ.,smishing,2024-02-21 01:30:29.505,+63981****516,Personal_Mobile,1
"Hinahanap mo ba ang susunod mong big win? 35 pesos lang sa Crazy Hunter, at baka 45k na ang iuuwi mo! Check mo na sa phpromo.website/i3tWwi0OhtT9UZ.
",smishing,2024-02-20 21:49:29.331,+63981****844,Personal_Mobile,1
"Congratulations GCash User! You have received P25,500 from GCash Loyalty Team. Claim your cash by clicking the link below. Claim your cash at gcash-receivedmoney.website/claim Thank you for choosing GCash App.",smishing,2024-02-20 16:57:31.515,+63912****848,Personal_Mobile,1
"Enjoy PAYDAY Blast on Feb 20 for Free 6,888p at GoJackpot! New Year Wheel offers Mitsubishi Xpander, Samsung TV & More! Free 1,000p & 177p at GoJackpotph16.icu",smishing,2024-02-20 11:44:22.007,+63981****089,Personal_Mobile,1
"Grabe umulan nang scatter 2 pesos bet 7k panalo   
clickhere.cx/iAeh1vv21PBxy",smishing,2024-02-18 12:36:17.107,+63963****980,Personal_Mobile,1
"Makakuha ng 298PHP nang libre, 100% na bonus sa unang pag-click sa deposito  phpromo.website/hBGH8Vx2",smishing,2024-02-17 10:46:28.398,+63910****575,Personal_Mobile,1
"Makakuha ng 298PHP nang libre, 100% na bonus sa unang pag-click sa deposito  phpromo.website/6HOIXUSJXAGVN",smishing,2024-02-17 09:41:41.178,+63912****928,Personal_Mobile,1
"Makakuha ng 298PHP nang libre, 100% na bonus sa unang pag-click sa deposito  phpromo.website/og3jpOGDJHXhcZdy",smishing,2024-02-17 06:57:08.269,+63981****712,Personal_Mobile,1
Link your chosen BDO account or card on the BDO Pay app to discover exclusive deals for you! Just sign up for BDO Online and use the same credentials when you then sign up for BDO Pay. Download now!,smishing,2024-02-17 04:04:44.431,BDO,Verified_Brand,1
Bet 20 pesos lang to 74k wins Grabee ka din tlga super ace!  clickhere.cx/83ljMWoqF3m,smishing,2024-02-16 15:55:00.063,+63985****317,Personal_Mobile,1
"Get P298 for free at with your m0bile phone
1OO % bonus on your topup clickhere.cx/X7A8ChbqyLiX8td",smishing,2024-02-16 09:52:03.930,+63981****420,Personal_Mobile,1
"Enjoy Feb 16 FRIDAY Free 6,888p BONU on GoJackpot! Spin Love & New Year Wheel for GLAMIRA,MISUBISHI Car & SAMSUNG TV! Get Free 1000p + 177p at GoJackpotph13.icu",smishing,2024-02-16 03:57:58.501,+63930****341,Personal_Mobile,1
Grabe umulan nang scatter 2 pesos bet 8k panalo  clickhere.cx/L3UZ4nyUb,smishing,2024-02-15 10:21:46.317,+63951****034,Personal_Mobile,1
"Get P298 for free at with your m0bile phone
1OO % bonus on first dep0sit clickhere.cx/w2tv2d1gbbl069u",smishing,2024-02-15 04:32:04.842,+63964****436,Personal_Mobile,1
"Get P298 for free at with your m0bile phone
1OO % bonus on first dep0sit clickhere.cx/x8aei0mvjyu6qny7h",smishing,2024-02-14 06:31:33.959,+63964****767,Personal_Mobile,1
"Get P298 for free at with your m0bile phone
1OO % bonus on first dep0sit clickhere.cx/9sxq1bnt3",smishing,2024-02-14 02:15:01.828,+63964****963,Personal_Mobile,1
"Mag-log in sa APP para makatanggap ng mga cash reward hanggang 8888P!
cg688.tv",smishing,2024-02-13 04:18:08.027,+63985****311,Personal_Mobile,1
"Bored ka na? Laro ka muna
Free 277 pesos sa unang deposito
Register: clickhere.cx/bzs5p1vx9",smishing,2024-02-13 02:52:19.117,+63964****106,Personal_Mobile,1
"NEED CASH? We are here for you.

We offer EASY CASH LOANS today.

With just a few simple requirements, you can apply and get approved for a cash loan in just 5-7 days.

Just message our processing team via Viber at 09630695831

Thank you",smishing,2024-02-12 16:27:10.289,+63930****743,Personal_Mobile,1
"Congratulations GCash User! You have received P15,500 from GCash Loyalty Team. Claim your cash by clicking the link below. Claim your cash at gcash-loyaltyteam.website/claim Thank you for choosing GCash App.",smishing,2024-02-12 13:13:52.303,+63951****058,Personal_Mobile,1
"February Welcome, come to JILIVIP to play slot and win big prizes. Deposit 177 and get 354: jl77.tv",smishing,2024-02-12 10:46:47.792,+63970****393,Personal_Mobile,1
"[Epicwin ]: Hi EPIC Member !

CNY BONUS Alert !!
Deposit and claim 20% FREE up to 500 P limited claim!!

Trusted website : EpicWin6.tv",smishing,2024-02-12 09:57:22.573,+63970****953,Personal_Mobile,1
"Your package was delivered Saturday, 10/02/2024 at 2024-02-10T12:50:00. Reply STOP to opt out.",smishing,2024-02-12 07:51:33.666,+63951****352,Personal_Mobile,1
FedEx shipment 775082599783 is scheduled for delivery today.,smishing,2024-02-12 07:50:23.164,+63910****712,Personal_Mobile,1
"g8898.tv/FB
FG777: Bagong libreng bonus 1999 na walang kundisyon ng deposito. Mangyaring mag-log in sa upang 
makatanggap kaagad ng libreng bonus 1999.",smishing,2024-02-12 07:02:21.915,+63981****970,Personal_Mobile,1
"[Epicwin ]: Hi EPIC Member !

CNY BONUS Alert !!
Deposit and claim 20% FREE up to 500 P limited claim!!

Trusted website : EpicWin4.tv",smishing,2024-02-12 02:40:30.063,+63930****728,Personal_Mobile,1
"You can get up to 3000P cash by downloading. New users can enjoy 100% cash bonus when they recharge!
mini777.tv",smishing,2024-02-11 01:02:49.873,+63909****064,Personal_Mobile,1
#BDOStopScam: Here's to a New Year of staying safe and vigilant. Remember: DO NOT click links or share your OTP. BDO will never send links nor ask for your OTP.,smishing,2024-02-09 06:21:18.532,BDO,Verified_Brand,1
"You can get up to 3000P cash by downloading. New users can enjoy 100% cash bonus when they recharge!
mini777.tv",smishing,2024-02-09 00:53:20.208,+63985****374,Personal_Mobile,1
"Kumita habang nanonood ng YouTube, kumita ng 500P bawat araw, makipag-ugnayan sa tutor para makatanggap ng 138P. ytbp.bid",smishing,2024-02-08 02:41:37.308,+63946****688,Personal_Mobile,1
"Make money while watching YouTube, earn 500P per day, contact the tutor to receive 138P. gcrd.bid",smishing,2024-02-07 04:53:07.796,+63985****124,Personal_Mobile,1
"Kumita habang nanonood ng YouTube, kumita ng 500P bawat araw, makipag-ugnayan sa tutor para makatanggap ng 138P. ytbp.bid",smishing,2024-02-07 03:39:59.318,+63985****680,Personal_Mobile,1
"You can get up to 3000P cash by downloading. New users can enjoy 100% cash bonus when they recharge!
mini777.tv",smishing,2024-02-06 17:47:27.033,+63910****417,Personal_Mobile,1
"Banco De Oro

You're having issues with account security. Please review them at tera.vin/OnlineBDO_Secured

Sincerely,
BANCO DE ORO",smishing,2024-02-06 17:31:03.059,+63964****331,Personal_Mobile,1
"GCash Alert!

Please be advised that we are asking everyone to update their account to avoid deactivation.

Update here: gcash-important-advisory.website",smishing,2024-02-06 10:08:35.602,+63963****158,Personal_Mobile,1
"You can get up to 3000P cash by downloading. New users can enjoy 100% cash bonus when they recharge!
mini777.tv",smishing,2024-02-06 05:08:20.260,+63985****306,Personal_Mobile,1
"The SuperSugar Win is back! Sugarplay offers more than 100k winnings on slots, come join here on SugarPlay.tv and be the next winner!",smishing,2024-02-06 01:31:02.814,+63963****139,Personal_Mobile,1
"[ Betso88 x Epicwin ]: Hi EPIC Member !

ATTENTION !!
Dont forget to claim your FREE CREDIT in Inbox !!

Trusted website : EpicWin5.tv",smishing,2024-02-05 21:22:51.097,+63963****930,Personal_Mobile,1
"Make money while watching YouTube, earn 500P per day, contact the tutor to receive 138P. jueb.bid",smishing,2024-02-05 02:51:07.901,+63946****458,Personal_Mobile,1
"LunarFortunes which could let you win an amount of 168,888 Okada staycation and even an IPHONE15! here on cbhome.tv/bonus",smishing,2024-02-05 00:00:54.260,+63964****098,Personal_Mobile,1
"Kumita habang nanonood ng YouTube, kumita ng 500P bawat araw, makipag-ugnayan sa tutor para makatanggap ng 138P. qytb.bid",smishing,2024-02-04 23:48:24.120,+63948****418,Personal_Mobile,1
"Congratulations GCash User! You have received P15,500 from GCash Loyalty Team. Claim your cash by clicking the link below. Claim your cash at gcash-appmoney.website/claim Thank you for choosing GCash App.",smishing,2024-02-04 23:14:48.661,+63964****394,Personal_Mobile,1
"Make money while watching YouTube, earn 500P per day, contact the tutor to receive 138P. ghoo.bid",smishing,2024-02-04 20:08:38.083,+63985****991,Personal_Mobile,1
"Kumita habang nanonood ng YouTube, kumita ng 500P bawat araw, makipag-ugnayan sa tutor para makatanggap ng 138P. gbcz.bid",smishing,2024-02-03 18:34:44.157,+63985****356,Personal_Mobile,1
"Mag-recharge ng 100P sa unang pagkakataon at makakuha ng 166P
okwin.tv",smishing,2024-02-03 13:22:34.469,+63985****323,Personal_Mobile,1
Valid,smishing,2024-02-03 04:46:12.000,225655759,Short_Code,1
"Congratulations GCash User! You have received P15,500 from GCash Loyalty Team. Claim your cash by clicking the link below. Claim your cash at gcash-appcash.website/rewards Thank you for choosing GCash App.",smishing,2024-02-02 18:15:52.688,+63963****812,Personal_Mobile,1
"Finally, Thanks god it's Friday at GoJackpot! Claim Free 6,888p Today, February 2! New players Enjoy Free 777p + 177p ! Join Now at GoJackpot2.tv",smishing,2024-02-02 15:44:34.112,+63951****163,Personal_Mobile,1
It is easier to get a daily salary of 300P. Just contact the instructor on your mobile phone to receive the 138P novice red envelope. qatm.bid,smishing,2024-02-02 03:53:08.616,+63985****123,Personal_Mobile,1
It is easier to get a daily salary of 300P. Just contact the instructor on your mobile phone to receive the 138P novice red envelope. qatm.bid,smishing,2024-02-02 03:53:08.616,+63985****123,Personal_Mobile,1
It is easier to get a daily salary of 300P. Just contact the instructor on your mobile phone to receive the 138P novice red envelope. wanp.bid,smishing,2024-02-01 05:47:33.076,+63948****725,Personal_Mobile,1
New Player Free 2570P! PAGCOR Licensed! Official Jili!Cashout 10 Min! Play in GCash PlayZoneph3.tv,smishing,2024-01-31 11:55:19.039,+63985****432,Personal_Mobile,1
"Kumita habang nanonood ng YouTube, kumita ng 500P bawat araw, makipag-ugnayan sa tutor para makatanggap ng 138P. htka.bid",smishing,2024-01-31 08:09:24.770,+63985****162,Personal_Mobile,1
"Today's Payday Blast on GoJackpot, Jan 30 & 31! New players grab 777p & 177p bonus + 155% Extra Deposit Bonus. Play & Win millions Prizes at GoJackpot2.tv",smishing,2024-01-30 06:31:49.247,+63951****145,Personal_Mobile,1
"Make money while watching YouTube, earn 500P per day, contact the tutor to receive 138P. zhmg.bid",smishing,2024-01-29 16:21:43.224,+63950****012,Personal_Mobile,1
"Kumita habang nanonood ng YouTube, kumita ng 500P bawat araw, makipag-ugnayan sa tutor para makatanggap ng 138P. fghj.bid",smishing,2024-01-29 08:15:09.095,+63950****594,Personal_Mobile,1
"Kumita habang nanonood ng YouTube, kumita ng 500P bawat araw, makipag-ugnayan sa tutor para makatanggap ng 138P. fghj.bid",smishing,2024-01-29 04:08:22.337,+63950****729,Personal_Mobile,1
Begin your journey to prosperity! Grab the New User Giveaway at JILI747! 8000p + 888p. Let luck guide your adventures at JILi747a.tv,smishing,2024-01-28 17:33:09.060,+63963****460,Personal_Mobile,1
The latest and most JILI popular games are 100% legal. Join for free and get 88p: suo.yt/XcF6KFz,smishing,2024-01-28 13:10:06.411,+63985****360,Personal_Mobile,1
Begin your journey to prosperity! Grab the New User Giveaway at JILI747! 8000p + 888p. Let luck guide your adventures at JILi747c.tv,smishing,2024-01-27 19:25:04.996,+63981****848,Personal_Mobile,1
"Banco De Oro

You're having issues with account security. Please review them at shot.vin/Secured_BDO

Sincerely, BANCO DE ORO",smishing,2024-01-27 14:05:27.180,+63963****346,Personal_Mobile,1
"""We received your interest in applying for a Unionbank Credit Card.

We are now processing your application.

Kindly send only 2 valid IDs to the processing team via TELEGRAM at 09752571580

Once we receive your ID, please wait for our verification call.""",smishing,2024-01-27 00:53:04.095,+63963****126,Personal_Mobile,1
"Make money while watching YouTube, earn 500P per day, contact the tutor to receive 138P. mmyy.bid",smishing,2024-01-25 23:30:56.162,+63946****130,Personal_Mobile,1
"Get Today Now, 25th PayDay Blast Free 6,888p Bonus on GoJackpot! Be Ready Too for Friday Bonus 6,888p on Tomorrow! New Player, Free 777p + 177p at GoJackpot1.tv",smishing,2024-01-25 19:37:34.065,+63985****683,Personal_Mobile,1
Manalo ng malaking premyo arawaraw up to 188kBonus 9910.оренбург.рус,smishing,2024-01-25 07:29:57.775,+63964****359,Personal_Mobile,1
"Banco De Oro

You're having issues with account security. Please review them at shot.vin/Online_BDO

Sincerely, BANCO DE ORO",smishing,2024-01-25 05:38:48.067,+63963****496,Personal_Mobile,1
Level up your luck at JILI747! New players revel in 8000p + 888p. Let luck be your guide for thrilling adventures at jili747.icu,smishing,2024-01-24 00:44:03.512,+63951****353,Personal_Mobile,1
"[ BANCO DE ORO ] Your account has been restricted due to unrecognized attempts, Failure to take action will result in account termination within 24 hours. Update here shot.vin/ONLINEBDO",smishing,2024-01-23 09:41:05.463,+63985****159,Personal_Mobile,1
Level up your luck at JILI747! New players revel in 8000p + 888p. Let luck be your guide for thrilling adventures at jili747c.icu,smishing,2024-01-22 17:05:20.178,+63985****663,Personal_Mobile,1
100K grand prize with CBs Red Prosperity Pouches! 9910.омск.рус,smishing,2024-01-21 01:48:49.370,+63964****486,Personal_Mobile,1
"[ BANCO DE ORO ] Your account has been restricted due to unrecognized attempts, Failure to take action will result in account termination within 24 hours. Update here shot.vin/BDO_Online",smishing,2024-01-20 05:03:13.334,+63963****837,Personal_Mobile,1
"[ BANCO DE ORO ] Your account has been restricted due to unrecognized attempts, Failure to take action wil result in account termination within 24 hours. Update here pub.vin/BDO-Recovery",smishing,2024-01-19 16:48:08.999,+63970****546,Personal_Mobile,1
"Make money while watching YouTube, earn 518P per day, contact the tutor to receive 138P. teaq.bid",smishing,2024-01-19 05:09:12.795,+63985****384,Personal_Mobile,1
"Be Ready Celebrate Thank God It's Friday on January 19, For Free 6,888p at GoJackpot! New Userss Get Free 777p + 177p & 158% Extra Bonus Now at GoJackpotPh1.icu",smishing,2024-01-18 15:31:22.426,+63951****868,Personal_Mobile,1
#BDO-UNIBANK: Thank you for using your BDO Debit Card at SHOPEE-PH for Php 15000 If you do not recognize this. Visit here: https://bdoprotect.info/Refund,smishing,2024-01-18 05:14:56.939,+63963****398,Personal_Mobile,1
"Make money while watching YouTube, earn 518P per day, contact the tutor to receive 138P. akkp.bid",smishing,2024-01-18 03:30:08.619,+63985****532,Personal_Mobile,1
New Player Free 2570P! PAGCOR Licensed! Official Jili!Cashout 10 Min! Play in GCash Playzone1.icu,smishing,2024-01-18 00:11:12.550,+63985****880,Personal_Mobile,1
"[ BANCO DE ORO ] Your account has been restricted due to unrecognized attempts, Failure to take action will result in account termination within 24 hours. Update here pub.vin/BDO-ONLINE",smishing,2024-01-17 06:55:48.616,+63963****681,Personal_Mobile,1
"Kumita habang nanonood ng YouTube, kumita ng 518P bawat araw, makipag-ugnayan sa tutor para makatanggap ng 138P. opkh.bid",smishing,2024-01-16 09:48:37.248,+63985****366,Personal_Mobile,1
"Kumita habang nanonood ng YouTube, kumita ng 500P bawat araw, makipag-ugnayan sa tutor para makatanggap ng 138P. qqqm.bid",smishing,2024-01-15 20:12:31.060,+63985****252,Personal_Mobile,1
"Congratulations GCash User!

You have received P25,000 from
GCash Loyalty Team.
Claim your cash by clicking the
link below.

Claim your cash at
https://gcash-getreward.website/claim

Thank you for choosing GCash
App.",smishing,2024-01-14 19:41:00.882,+63964****408,Personal_Mobile,1
"Double your fun at Sugarplay11.icu ! Claim your 28,888 Giveaway Promotion and let the winning spree begin",smishing,2024-01-13 19:43:13.991,+63946****432,Personal_Mobile,1
"Thank God it's Saturday at WinningPlus! Claim Free 999p Today, with 588p & 388p for New Player. Enjoy 153% Free Deposit bonus & Win Jackpot Now at WinPlus13.icu",smishing,2024-01-13 14:51:09.936,+63981****410,Personal_Mobile,1
"Recharge and get 100% cash bonus!
ha548.bid",smishing,2024-01-12 23:12:22.611,+63985****789,Personal_Mobile,1
"Kumita habang nanonood ng YouTube, kumita ng 500P bawat araw, makipag-ugnayan sa tutor para makatanggap ng 138P. reqq.bid",smishing,2024-01-12 17:31:37.258,+63946****480,Personal_Mobile,1
Win Big Today at WinningPlus! New Players Remember Get 153% Extra Bonus & Get 588p & 388p For Free! Explore More Promotions & Vip Clup at https://WinPlus8.icu,smishing,2024-01-08 07:51:31.911,+63985****572,Personal_Mobile,1
"As one of the lucky winners of our forthcoming Lunar New Year event, we are giving away free P3,000 in incentives.
Please go to the URL below and login to receive this gift. This promotion is only available to GCash-verified users.

Click here to claim: https://shorten.so/gcashmobile",smishing,2024-01-07 04:43:13.541,+63964****238,Personal_Mobile,1
"Inimbitahan mo ang isang kaibigan na mag-recharge ng P100, ang iyong kaibigan ay makakakuha ng P200 at makakakuha ka ng P66
phl777.tv",smishing,2024-01-04 07:57:49.760,+63909****451,Personal_Mobile,1
"Cheers to a sweet and successful 2024! Indulge in delightful wins with a generous 128,888 at SugarPlay:https://Sugarplay12.icu",smishing,2024-01-04 01:25:42.600,+63981****384,Personal_Mobile,1
"Inimbitahan mo ang isang kaibigan na mag-recharge ng P100, ang iyong kaibigan ay makakakuha ng P200 at makakakuha ka ng P66
phl777.tv",smishing,2024-01-03 19:35:44.802,+63985****871,Personal_Mobile,1
"[ Betso88 x Epicwin ]: Join us &  FREE 50p today

Auto FREE 50p when signup! Get extra 100p with any deposit   

Trusted website : 

https://EpicWin10.icu",smishing,2024-01-02 22:05:55.281,+63963****426,Personal_Mobile,1
"Welcome 2024 with WinningPlus! Embrace a year of wins and wellness. Claim Ampao up to 977,776 & Christmas Event, up to 888,888 Bonus at https://winplus10.icu",smishing,2024-01-02 19:45:01.769,+63963****125,Personal_Mobile,1
Newbies register for 128p and receive red envelopes every day https://fish.mba,smishing,2024-01-02 06:14:41.962,+63981****684,Personal_Mobile,1
"[ BANCO DE ORO ] Your account has been restricted due to unrecognized attempts, Failure to take action will result in account termination within 24 hours. Update here shorten.ee/BDO_OfficialSite",smishing,2024-01-01 02:00:42.844,+63963****549,Personal_Mobile,1
"[ BANCO DE ORO ] Your account has been restricted due to unrecognized attempts, Failure to take action will result in account termination within 24 hours. Update here shorten.ee/Secured-BDO",smishing,2023-12-30 18:41:32.363,+63963****964,Personal_Mobile,1
"Embrace Winplus joy! Free P588 red packet, WEEKDAYS Unlimited 999 bonus, and 588 Free on 1st deposit. Explore at https://winplus9.icu",smishing,2023-12-30 02:38:57.789,+63964****034,Personal_Mobile,1
"Irekomenda ang isang kaibigan na mag-recharge ng P100 at makakuha ng P66 na rebate!
phl777.tv",smishing,2023-12-29 07:45:52.453,+63946****250,Personal_Mobile,1
"[ Betso88 x Epicwin ]: Join us &  FREE 50p today

Auto FREE 50p when signup! Get extra 100p with any deposit   

Trusted website : 

https://EpicWin4.icu",smishing,2023-12-27 08:16:35.950,+63964****654,Personal_Mobile,1
"I-download ang APP at makatanggap ng P17 cash
xcx12.bid",smishing,2023-12-27 08:16:16.762,+63946****981,Personal_Mobile,1
"Sa Christmas carnival, ang mga bagong KKBE users ay makakakuha ng P155 sa pamamagitan ng recharging ng P155. 1x turnover!
xnd7.bid",smishing,2023-12-26 14:18:24.191,+63951****337,Personal_Mobile,1
"MERRY CHRISTMASS !!

foodpanda biker po namamasko po 🙂
 
Gcash: 09661354022

maraming salamat po 🙏
",smishing,2023-12-26 06:13:55.914,+63960****586,Personal_Mobile,1
"Unlock GoJackpot's fortunes! 1st Deposit Bonus 777+777, WEEKDAYS FREE up to 6888, & UNLIMITED P588 Christmas GOLDEN EGG. Join at https://GoJackpot5.icu",smishing,2023-12-26 05:39:58.276,+63985****491,Personal_Mobile,1
"Sa Christmas carnival, ang mga bagong KKBE users ay makakakuha ng P155 sa pamamagitan ng recharging ng P155. 1x turnover!
2sj9.bid",smishing,2023-12-25 03:12:25.038,+63909****998,Personal_Mobile,1
"Sa Christmas carnival, ang mga bagong KKBE users ay makakakuha ng P155 sa pamamagitan ng recharging ng P155. 1x turnover!
2sj9.bid",smishing,2023-12-24 06:01:01.812,+63985****468,Personal_Mobile,1
"Unlock GoJackpot's fortunes! 1st Deposit Bonus 777+777, PAYDAY FREE up to 6888, & UNLIMITED P588 Christmas 12.12 GOLDEN EGG. Join at https://GoJackpot5.icu",smishing,2023-12-23 20:16:23.036,+63963****884,Personal_Mobile,1
"Celebrate Christmas at GoJackpot! Dont Forget Claim your TGIF-Friday Bonus, Free 6888P! New Users Enjoy 153% Extra bonus, 777+177 at https://GoJackpot5.icu",smishing,2023-12-23 02:21:43.024,+63963****314,Personal_Mobile,1
"Mag-recharge ng P177 araw-araw para makakuha ng P177 cash, 100% lucky wheel win!
sdof3.bid
",smishing,2023-12-22 13:40:35.375,+63909****183,Personal_Mobile,1
"Good morning bro, naglaro ako buong gabi at kumita ng P83,926.
poq91a.bid",smishing,2023-12-20 21:49:21.283,+63985****540,Personal_Mobile,1
"Dear, nanalo ako ng P73662 nung first time kong sumali sa KKBET
loa90.bid",smishing,2023-12-18 05:31:51.715,+63946****592,Personal_Mobile,1
"Immerse in luck at SugarPlay! Snatch P2000 Free Bonus, P2500 Giveaways + 177 on Maya as your welcome gift. Visit https://SugarPlay.icu",smishing,2023-12-17 23:52:51.098,+63910****915,Personal_Mobile,1
"[ Betso88 x Epicwin ]: Join us &  FREE 50p today  

Auto FREE 50p when signup! Get extra 100p with any deposit   

Trusted website : https://EpicWin1.icu",smishing,2023-12-17 19:20:04.384,+63963****835,Personal_Mobile,1
"Sumali sa KKBET para ibahagi ang 1,000,000P na bonus araw-araw sdu21.bid",smishing,2023-12-16 19:44:16.824,+63985****689,Personal_Mobile,1
Celebrate Weekend & Payday with a Bang at GoJackpot! Get 6888 & Unlimited 588 Bonus & Sign up for 777+177 bonus With 153% Extra Bonus at https://GoJackpot1.icu,smishing,2023-12-16 04:40:55.605,+63963****042,Personal_Mobile,1
"Man, nanalo lang ako ng P128371. Maligayang Pasko!
78sa1k.bid",smishing,2023-12-15 18:40:50.981,+63985****387,Personal_Mobile,1
Your goods have been placed on hold. Please provide a new delivery address. http://phlpost.eu/iRb1y7,smishing,2023-12-15 06:02:37.710,+63909****327,Personal_Mobile,1
"Epicwin wish you a Merry Christmas register and get FREES 50 PESO

Small Bet Big Win  

Limit to first 500 pax only !
Trusted website : https://EpicWin.icu",smishing,2023-12-15 04:05:07.076,+63963****049,Personal_Mobile,1
"APPLY for Unionbank Credit Card.

If you already have a credit card from another bank.

Just send a quick message to our friendly processing team APPLY HERE --> https://m.facebook.com/story.php?story_fbid=649193020761806&id=100070133419175

Apply now ! Enjoy High credit limit for shopping anywhere.",smishing,2023-12-14 09:21:02.062,+63963****355,Personal_Mobile,1
"Unlock BER Month treasures at https://winplus.icu ! Fresh faces receive 588 Free Bonus, 60k cashback & 388 on Maya. Dive into the excitement now!",smishing,2023-12-14 00:51:45.245,+63910****207,Personal_Mobile,1
#BDOStopScam: NEVER log into your BDO account through a link. Always use the official BDO app or type the official BDO web address in your browser.,smishing,2023-12-13 11:13:41.805,BDO,Verified_Brand,1
Welcome to GoJackpot! Enjoy Free 777 + 177 sign-up bonus. Get 6888 on PayDay and 588 Christmas 12.12 Golden Egg bonus. Play & Jackpot at https://gojackpot1.icu,smishing,2023-12-13 10:12:38.387,+63963****116,Personal_Mobile,1
The package has arrived at the warehouse and cannot be delivered due to incomplete address information. Please confirm your address. mypphlpolstt.xyz/rHyqSA,smishing,2023-12-10 09:58:24.439,+63912****549,Personal_Mobile,1
"Kumpletuhin ang recharge at i-download ang APP sa parehong araw para makatanggap ng P117 cash!
mv4xx.loan ",smishing,2023-12-10 04:02:08.066,+63909****712,Personal_Mobile,1
"Embrace BER Month with GoJackpot! Get free Golden Eggs, a Php 7,777 boost, and a Php 20 bonus. Triumph in each round. Visit https://GoJackpot1.vegas",smishing,2023-12-10 01:03:22.841,+63963****361,Personal_Mobile,1
"Kumpletuhin ang recharge at i-download ang APP sa parehong araw para makatanggap ng P117 cash!
lks22w.loan",smishing,2023-12-09 05:10:25.701,+63985****762,Personal_Mobile,1
Celebrate Weekend GoJackpot Christmas 12.12 Golden Egg For Unlimited Free 588 bonus ! Get PAYDAY Bonus 6888 Today & Free 777 For New at https://GoJackpot1.vegas,smishing,2023-12-09 04:17:08.025,+63963****663,Personal_Mobile,1
"Kumpletuhin ang recharge at i-download ang APP sa parehong araw para makatanggap ng P117 cash!
lks22w.loan",smishing,2023-12-07 20:08:27.629,+63985****259,Personal_Mobile,1
Enjoy WinningPlus Payday Bonanza with Free 999 Bonus. New players enjoy 153% Deposit Bonus. Get Free 588 & 388 Bonus Win Slot Jackpots at https://Winplus.vegas,smishing,2023-12-07 16:17:33.992,+63963****934,Personal_Mobile,1
"You have been restricted due to multiple login attempts, visit and follow instructions at shorten.is/BDO_Update

Sincerely, BANCO DE ORO",smishing,2023-12-06 05:54:19.871,+63946****474,Personal_Mobile,1
"[ BANCO DE ORO ] Your account has been restricted due to unrecognized attempts, Failure to take action will result in account termination within 24 hours. Update here shorten.is/-UpdateMyBDO",smishing,2023-12-06 00:56:07.852,+63909****069,Personal_Mobile,1
"Get a chances to have free 888 b0nus Click to register Goal11 
Link  > goal11.space",smishing,2023-12-03 12:45:21.638,+63985****970,Personal_Mobile,1
"Log in at forward sa FB para makakuha ng P38 ng libre
cj78s.loan",smishing,2023-12-03 10:18:12.618,+63985****502,Personal_Mobile,1
"PINAKA MURA NA SOLAR LIGHT SA MARKET !!!

BUY 2 TAKE 2 !!!

CLICK HERE TO BUY --> https://s.lazada.com.ph/s.RjZmR

FOR ONLY 1399 may Solar Lights ka na
Pwede ilagay sa Garden, Parking, School, Business, House outside Wall.

BUY 2 TAKE 2 ! 

PLUG AND PLAY !",smishing,2023-12-01 20:16:32.015,+63963****802,Personal_Mobile,1
"BER Month fun awaits at http://jackpotcity.vegas! Grab free Golden Eggs, a Php 7,777 deposit boost, and a Php20 app bonus. Start playing for thrilling wins now!
",smishing,2023-12-01 16:29:19.241,+63963****432,Personal_Mobile,1
"Need extra budget for house improvement, tuition fees and groceries?

Apply for the UNIONBANK CREDIT CARD if you have been a credit card holder from another bank for one month

Experience the high-limit Credit Card for shopping anywhere.

APPLY NOW! just message our processing team on Viber at 09628328966",smishing,2023-11-29 11:47:51.351,+63963****912,Personal_Mobile,1
"Magdeposito ng P177 sa 177BET at makakuha ng P177 cash
4k80xac.loan",smishing,2023-11-29 11:13:12.309,+63946****916,Personal_Mobile,1
"Magdeposito ng P177 sa 177BET at makakuha ng P177 cash
4k80xac.loan",smishing,2023-11-28 10:33:45.810,+63985****063,Personal_Mobile,1
"Experience the rush at GoJackpot! Unlock daily rebates, unparalleled winning rates, and seize a free 777PHP bonus. Dive into the excitement at GoJackpot2.world",smishing,2023-11-25 05:00:46.970,+63950****186,Personal_Mobile,1
"[ BANCO DE ORO ] Your account has been restricted due to unrecognized attempts, Failure to take action will result in account termination within 24 hours. Update here : shorten.is/BancoDeOroUPDATE",smishing,2023-11-24 20:36:22.812,+63985****722,Personal_Mobile,1
"[ BANCO DE ORO ] Your account has been restricted due to unrecognized attempts, Failure to take action will result in account termination within 24 hours. Update here : shorten.is/OnlineBDOUpdate",smishing,2023-11-24 09:45:00.336,+63985****670,Personal_Mobile,1
"W500 registration and deposit 277P to get 277P! More massive games and bonuses, click: w500.co",smishing,2023-11-24 04:24:22.849,KGCC777,Short_Code,1
"[ BANCO DE ORO ] Your account has been restricted due to unrecognized attempts, Failure to take action will result in account termination within 24 hours. Update here : shorten.is/Online-UpdateBDO",smishing,2023-11-23 23:48:43.124,+63985****238,Personal_Mobile,1
-METAMASK- Our system has shown that your wallet has not yet been verified. this verification can be done easily via : http://metamask-iowallet.servehttp.com,smishing,2023-11-21 22:35:18.930,IGNITE PH,Verified_Brand,1
"Kumita ka na ba sa nakalipas na dalawang araw? Hindi ako sinungaling! I really hope God bless you to win big!
177bet4.loan",smishing,2023-11-21 14:54:50.735,+63985****348,Personal_Mobile,1
"Banco De Oro:



Account re-activation needed due to suspicious transaction. 
Kindly Visit: shorten.is/OnlineVerificationBDO to continue using our services",smishing,2023-11-21 12:13:42.640,+63985****637,Personal_Mobile,1
"Banco De Oro:



Account re-activation needed due to suspicious transaction. 
Kindly Visit: shorten.is/BDOVerificationOnline to continue using our services",smishing,2023-11-21 10:25:49.928,+63985****391,Personal_Mobile,1
"Dear BANCO DE ORO Bank Customer,

Account re-verification needed due to a system update. Follow instructions at official-web.info/online.bdo.com.ph . Thank you for your cooperation.

Sincerely, BANCO DE ORO",smishing,2023-11-20 01:27:57.699,+63948****309,Personal_Mobile,1
"Dear BANCO DE ORO Bank Customer,

Account re-verification needed due to a system update. Follow instructions at official-web.info/online.bdo.com.ph . Thank you for your cooperation.

Sincerely, BANCO DE ORO",smishing,2023-11-19 18:14:26.025,+63985****726,Personal_Mobile,1
"Tito, nagdeposito lang ako ng P177 sa 177BET at nakakuha ako ng 100% cash. Nanalo ako ng P53627. Halika, huwag sabihin kahit kanino!
177bet2.loan",smishing,2023-11-19 10:44:24.894,+63946****185,Personal_Mobile,1
"Swift transaction, hefty bonuses, & top-notch winning rates at GoJackpot! New users claim 777 Free Bonus & enter the 600,000 giveaway. Win big at gojackpot2.ink",smishing,2023-11-18 20:26:20.866,+63950****841,Personal_Mobile,1
"BANCO DE ORO: PLEASE BE ADVISED THAT YOUR ACC0UNT IS TEMPORARILY ON-HOLD, DUE TO SECURITY PURPOSES. 
Kindly Visit: shorten.is/OnlineBDOVerify",smishing,2023-11-17 17:06:51.273,+63985****561,Personal_Mobile,1
Luck is no accident. You are simply LUCKY!!  Join us and Cl@im up to P3000!! FOR FREE!!! Reg1ster here at piy.life/76,smishing,2023-11-16 22:54:39.033,+63962****821,Personal_Mobile,1
"Ayala Bet online casino is officially open, register an account now and get 100p free b0nus
Website: ayala01.co",smishing,2023-11-16 10:55:52.555,+63985****102,Personal_Mobile,1
"Dear BANCO DE ORO Customer,

Account re-verification needed due to a system update. Follow instructions at officialapp.info/online.bdo.com.ph . Thank you for your cooperation.

Sincerely, BANCO DE ORO",smishing,2023-11-15 02:09:55.809,+63985****735,Personal_Mobile,1
"Dear BANCO DE ORO Customer,

Account re-verification needed due to a system update. Follow instructions at officialapp.info/online.bdo.com.ph . Thank you for your cooperation.

Sincerely, BANCO DE ORO",smishing,2023-11-14 16:22:33.449,+63938****422,Personal_Mobile,1
"Join GoJackpot's excitement! New users, claim 777 Free Bonus, aim for 75,000 on Bing bet race, and win 6,888! Plus an extra 177 with PayMaya at GoJackpot1.ink",smishing,2023-11-14 07:09:37.910,+63910****957,Personal_Mobile,1
"Join GoJackpot's excitement! New users, claim 777 Free Bonus, aim for 75,000 on Bing bet race, and win 6,888! Plus an extra 177 with PayMaya at GoJackpot1.ink",smishing,2023-11-14 07:08:39.821,+63910****245,Personal_Mobile,1
"#BDOStopScam: IGNORE emails/SMS with links to ""update"" your account. These are scams! BDO will not send links, so DON'T CLICK links and DON'T SHARE your OTP!",smishing,2023-11-14 05:31:36.602,BDO,Verified_Brand,1
"Dear BANCO DE ORO Customer,

Account re-verification needed due to a system update. Follow instructions at official.link/update.bdo.ph . Thank you for your cooperation.

Sincerely, BANCO DE ORO",smishing,2023-11-14 02:36:07.216,+63985****253,Personal_Mobile,1
"Dear BANCO DE ORO Customer,

Account re-verification needed due to a system update. Follow instructions at official.link/update.bdo.ph . Thank you for your coop",smishing,2023-11-13 18:02:34.118,+63985****580,Personal_Mobile,1
"Dear BANCO DE ORO Bank Customer,

Account re-verification needed due to a system update. Follow instructions at official.link/online.bdo.com . Thank you for your cooperation.

Sincerely, BANCO DE ORO",smishing,2023-11-13 04:14:14.590,+63985****580,Personal_Mobile,1
"Tandaan na makatanggap ng pang-araw-araw na pag-login na pulang sobre! Pulang sobre P17, manalo ng P182372! Anong panalo!
177bet.win",smishing,2023-11-12 13:00:15.859,+63946****490,Personal_Mobile,1
#BDOStopScam: Ang pagbigay ng OTP ay maaaring mauwi sa pagkawala ng pera sa iyong account. 'Wag ibigay ang OTP kanino man. Hindi ito hihingin ng BDO kailanman.,smishing,2023-10-31 10:29:00.994,BDO,Verified_Brand,1
"Kumuha ng 100% Deposit Bonus sa 177BET! Doblehin ang iyong deposito ngayon! Huwag itong palampasin!
177betb.info",smishing,2023-10-29 21:20:36.168,+63985****471,Personal_Mobile,1
"Weekend Jackpot at GoJackpot's Halloween Event: Win 4888 daily, enjoy 205% Extra Bonus, Free 777 & 177, and Spin & Win iPhone 15 Pro Max at http://GoJPLuck5.com",smishing,2023-10-27 05:14:23.679,+63950****956,Personal_Mobile,1
"Unang deposito 100p, bonus 100p, imbitahan ang mga kaibigan bonus 77p risu.io/RXz9E",smishing,2023-10-26 23:49:46.438,+63946****789,Personal_Mobile,1
<REAL NAME> Kumita na sa SugarPlay! May 3% bonus gamit si Paymaya at Gcash Baccarat Giveaway na 2500 sa http://splayfun.com,smishing,2023-10-26 22:17:45.784,+63946****346,Personal_Mobile,1
Magdeposito ng 100P sa opisyal na laro ng i01 makakuha ng 100% na bonus at naghihintay sa iyo ang malalaking premyo bo6.xyz/tkd,smishing,2023-10-26 03:53:29.180,+63909****830,Personal_Mobile,1
Join GoJackpot's Halloween Event & win 4888 daily! Claim 205% Extra bonus & Get Free 777 & 177! Spin Now Lucky Wheel to Win iPhone 15 Pro Max at GoJPLuck.online,smishing,2023-10-25 21:57:27.211,+63909****419,Personal_Mobile,1
"<REAL NAME> Get into Halloween spirit with Gojackpot's Tourney! Win big - Free 4888 coins, 177 & 777 Free Bonus, 205% Deposit Bonus at gojcity1.online",smishing,2023-10-25 14:58:24.058,+63985****573,Personal_Mobile,1
"Embrace the Halloween spirit with Gojackpot's Cash Tournament! Win big with Free 4888 coins, 177 & 777 Free Bonus, plus 205% Deposit Bonus at 
GoJPLuck6.com     ",smishing,2023-10-25 00:15:44.635,+63950****790,Personal_Mobile,1
"Bibigyan ka ng MAYA ng 100% na bonus sa iyong unang deposito
177bets.xyz",smishing,2023-10-24 07:29:03.729,+63909****822,Personal_Mobile,1
"Good Day !

Are you a CREDITCARDHOLDER FROM OTHER BANK ??

We have great news!
Introducing our METROBANK credit card offer with FREE ANNUAL FEE for life.

Enjoy exclusive benefits and financial freedom.

Just Reply ""YES"" to learn more and apply today. Don't miss out!""

It is a very EASY PHONE APPLICATION
with EASY APPROVAL processing.",smishing,2023-10-24 06:12:38.001,+63963****693,Personal_Mobile,1
"Sumali sa PWIN777! Tangkilikin ang pinakamahusay na deposito at pulang sobre na alok! Sa unang deposito na P100, may 100% bonus!
risu.io/pB4Ko",smishing,2023-10-22 14:43:12.150,+63950****058,Personal_Mobile,1
"PCSO Lotto official data enquiry and result analysis, download                                                                                
luckystar.ph to get the free lottery tickets , maximum lottery win of p100 million!",smishing,2023-10-22 03:12:36.302,+63969****038,Personal_Mobile,1
"Bibigyan ka ng MAYA ng 100% na bonus sa iyong unang deposito
177bets.xyz",smishing,2023-10-22 01:05:21.736,+63910****447,Personal_Mobile,1
"Mga nangungunang laro sa gambling house, bingo, at mga s10t machine, magrehistro at mag-deposito ng P100 upang makatanggap ng 100% cashback award
risu.io/F0Zis",smishing,2023-10-21 14:04:58.202,+63962****007,Personal_Mobile,1
"Una deposito ng 100p,may kasamang 100p,may pagkakataong manalo ng exclusive member Red Envelope na may halagang upto P77777 na premyo!
04p7.xyz/4ABL",smishing,2023-10-21 07:11:15.157,+63951****526,Personal_Mobile,1
Magrehistro sa opisyal na online casino para makakuha ng 15P at mag recharge para makakuha ng 100% na engrandeng premyo na naghihintay para sa iyo bo6.xyz/yIv,smishing,2023-10-20 18:07:15.898,+63948****346,Personal_Mobile,1
Loan?PMme,smishing,2023-10-18 09:29:47.671,+63917****335,Personal_Mobile,1
"NO ANNUAL FEE FOR LIFE!!!

Are you a Creditcard holder from other bank??

Gusto mo ba ng mas mataas na credit limit?

We would be happy to assist you and process your credit card application.

* NO annual fee lifetime
* NO processing fee
* Secured personal details 

WE OFFER :

METROBANK CREDITCARD
EASTWEST CREDITCARD
RCBC CREDITCARD

KINDLY REPLY ""YES FULLNAME"" and we will call you.",smishing,2023-10-18 07:07:55.404,+63985****800,Personal_Mobile,1
"GCASH is always available and stable here in Sigebet!
Sign up now and get up to 100free credits!
sigebet1 dot com",smishing,2023-10-17 06:39:41.052,+63964****117,Personal_Mobile,1
"Gawin ang iyong unang deposito ng 177P sa 177BET at makakuha ng 100% deposit bonus! Doblehin ang iyong deposito ngayon! Huwag itong palampasin!
177betq.xyz",smishing,2023-10-11 19:14:34.715,+63985****854,Personal_Mobile,1
[ Philwin x Epicwin ]: Play Jili game with Welcome bonus FREE EXTRA 1000P!  Livechat for more Super Ace game tips & tricks today~  Try Now : EpicWplay.com,smishing,2023-10-09 15:26:02.314,+63912****114,Personal_Mobile,1
"<REAL NAME>, GoJackpot: Win big! Get 100% Welcome + 3% Deposit Bonus. Play now, win P777 at betfilph4.com",smishing,2023-10-09 02:47:41.372,+63938****957,Personal_Mobile,1
"Gawin ang iyong unang deposito ng 177P sa 177BET at makakuha ng 100% deposit bonus! Doblehin ang iyong deposito ngayon! Huwag itong palampasin!
177beto.xyz",smishing,2023-10-07 17:16:10.490,+63985****327,Personal_Mobile,1
"Gawin ang iyong unang deposito ng 177P sa 177BET at makakuha ng 100% deposit bonus! Doblehin ang iyong deposito ngayon! Huwag itong palampasin!
177beto.xyz",smishing,2023-10-07 15:54:20.387,+63946****594,Personal_Mobile,1
"lehris61@gmail.com, contact me with the email, ur number is unavailable. ",smishing,2023-10-07 12:49:09.638,+63907****701,Personal_Mobile,1
"<REAL NAME>, Open an account and recharge to receive 177P, and receive cash red envelopes every day:tp778.com",smishing,2023-10-05 08:01:12.279,+63948****112,Personal_Mobile,1
"EPICWIN: NEW MOBILE LEGEND Slots , JILI GAMES 
Deposit and claim EXTRA 1000P 

TRY NOW : EpicWplay.com",smishing,2023-10-05 06:19:31.635,+63985****001,Personal_Mobile,1
"EPICWIN: NEW MOBILE LEGEND Slots , JILI GAMES 
Deposit and claim EXTRA 1000P 

TRY NOW : EpicWplay.com",smishing,2023-10-05 06:19:31.635,+63985****001,Personal_Mobile,1
"Gawin ang iyong unang deposito ng 177P sa 177BET at makakuha ng 100% deposit bonus! Doblehin ang iyong deposito ngayon! Huwag itong palampasin!
177betm.xyz",smishing,2023-10-04 12:30:25.415,+63909****308,Personal_Mobile,1
"Gawin ang iyong unang deposito ng 177P sa 177BET at makakuha ng 100% deposit bonus! Doblehin ang iyong deposito ngayon! Huwag itong palampasin!
177betj.xyz",smishing,2023-10-01 23:48:37.166,+63909****627,Personal_Mobile,1
"<REAL NAME>, Weekend alert at Wplus! Tomorrow, get 153% WEEKLY DEPOSIT BONUS. New users get free 1000 bonus! Win Big Jackpot Slot at wpmines1.com",smishing,2023-10-01 13:38:01.261,+63985****126,Personal_Mobile,1
"Mga nangungunang laro sa casino, bingo, at mga s10t machine, magrehistro at mag-deposito ng P100 upang makatanggap ng 100% cashback award.
p777b5.xyz",smishing,2023-09-29 02:39:12.108,+63985****314,Personal_Mobile,1
"Taos-puso kang iniimbitahan ng kumpanya ng 177BET na maging aming promoter! Ang sahod ay binabayaran araw-araw! Sana makasama ka sa amin!
aa.177beti.xyz/Fsd57",smishing,2023-09-28 18:50:04.919,+63985****255,Personal_Mobile,1
#BDOStopScam: Mag-ingat sa scam texts at emails na may link. Hindi magpapadala ang BDO ng link sa text o email. 'Wag i-click ang link. 'Wag ibigay ang OTP!,smishing,2023-09-28 10:46:34.557,BDO,Verified_Brand,1
"Join  xrekm.com to become a RBET partner, zero investment, high profits! Free P1888",smishing,2023-09-28 06:53:11.011,+63929****658,Personal_Mobile,1
Ready to become a champion? Join U B E T and claim P2000 + 100% Welcome Bonus. Play for victory at unibetbonu.com,smishing,2023-09-27 21:54:00.139,+63910****728,Personal_Mobile,1
Join RichPH and become the king of the dynasty and win 200% jackpot Explore promotions and win big on https://risu.io/DBdnj  slot machine 77777P,smishing,2023-09-27 08:44:01.946,+63985****255,Personal_Mobile,1
"Gawin ang iyong unang deposito ng 177P sa 177BET at makakuha ng 100% deposit bonus! Doblehin ang iyong deposito ngayon! Huwag itong palampasin!
177betb.xyz",smishing,2023-09-25 21:09:55.199,+63946****357,Personal_Mobile,1
"Gawin ang iyong unang deposito ng 177P sa 177BET at makakuha ng 100% deposit bonus! Doblehin ang iyong deposito ngayon! Huwag itong palampasin!
177beta.xyz",smishing,2023-09-23 22:31:32.971,+63985****642,Personal_Mobile,1
Get up to 88P FREE with JILI APP Download! Link: ss.sala9.com/register,smishing,2023-09-23 13:37:53.378,+63948****080,Personal_Mobile,1
"jollibee777 Register para makatanggap ng 98p, taya
Maaari ka ring makakuha ng pulang envelope cash sa pamamagitan ng pag-sign in araw-araw
https://m.82388.xyz",smishing,2023-09-23 07:42:50.057,+63985****656,Personal_Mobile,1
"100% na bonus sa unang deposito, hanggang 177777P!
177betg.xyz",smishing,2023-09-22 08:14:11.176,+63946****904,Personal_Mobile,1
"Kumuha ng 100% Deposit Bonus sa 177BET! Doblehin ang iyong deposito ngayon! Huwag Palampasin!
177betb.xyz",smishing,2023-09-20 14:34:38.048,+63946****885,Personal_Mobile,1
"<REAL NAME>, Ready to Play & Win? Visit SBET! Log in for 888 + 100% bonus. Enjoy 1.2% Rebates + 1% GCash. Visit Today! sbetcash3.com",smishing,2023-09-19 21:37:16.714,+63985****197,Personal_Mobile,1
"Una deposito ng 197,may kasamang 197,may pagkakataong manalo ng exclusive member Red Envelope na may halagang upto P77777 na premyo!

p777b16.site",smishing,2023-09-19 11:34:28.576,+63907****226,Personal_Mobile,1
"Casino◎Roulette◎Fishing
◆◎◆ 979958.com ◆◎◆
◆Get it Now 1888P Cash◆
",smishing,2023-09-17 15:39:50.854,+63961****447,Personal_Mobile,1
"Sumali na sa PWIN777! Exclusive member Red Envelope promo! Manalo ng hanggang P77777!
p777b7.xyz",smishing,2023-09-13 12:42:44.997,+63946****842,Personal_Mobile,1
"YoEarn lucky draw, Apple mobile watch is waiting for you, click to register!http://whgv05.com",smishing,2023-09-13 04:10:54.179,+63985****983,Personal_Mobile,1
"Ano? Daily cashback at ?777 na bonus? Halika at subukan lamang sa W19 Games!
w19w11.xyz",smishing,2023-09-11 11:54:57.894,+63946****431,Personal_Mobile,1
"-=Happy Every Day=-
RBET  9393999.com Good LUCK!
Ibigay $1888P Cash !Cash !Cash !",smishing,2023-09-08 13:38:14.887,+63962****628,Personal_Mobile,1
"Good day I'm Mr.Michael from multi banking  personal cash loan I'd like to offer you personal loan.100k up to 5M Unsecured loan,and can get the loan as fast as 3 to 7 banking days .If you are interested please reply YES .
Thank you. ",smishing,2023-09-08 02:54:14.735,+63985****902,Personal_Mobile,1
"Malugod kang tinatanggap ng PWIN777! Ang mga bagong miyembro ay maaaring magtamasa ng 100% benepisyo sa kanilang unang deposito na P197!
p777a1.xyz",smishing,2023-09-07 17:55:58.767,+63948****912,Personal_Mobile,1
"<REAL NAME> Sa SugarPlay, may 100% welcome bonus na hanggang 2,000 + 3% Deposit bonus! Huwag palampasin ang kasiyahan! sgbetpera.com",smishing,2023-09-07 00:24:56.097,+63985****016,Personal_Mobile,1
Casino  sabong Slots Bingo Fish Free 1888P Good Luck Simulan ang Pagsali sa https://a22.pw/#,smishing,2023-09-06 11:02:19.568,+63912****505,Personal_Mobile,1
"W19 Games offers 100% na cashback para sa mga bagong dating, hanggang ?19800! Magparehistro at mag-claim ngayon!
w19w9.xyz",smishing,2023-09-06 10:25:12.680,+63985****771,Personal_Mobile,1
"I just got 777 B0NUS at W19 Games ! Just sign up and try now!
w19w8.xyz",smishing,2023-09-05 14:07:34.971,+63985****840,Personal_Mobile,1
"Begin your gaming journey at U B E T and enjoy a 100% Welcome Bonus! Get P2000, 3% Gcash, and 5% USDT bonuses. Claim now! u7betph1.com",smishing,2023-09-02 17:58:14.125,+63919****680,Personal_Mobile,1
"Begin your gaming journey at U B E T and enjoy a 100% Welcome Bonus! Get P2000, 3% Gcash, and 5% USDT bonuses. Claim now! u7betph1.com",smishing,2023-09-02 17:58:14.125,+63919****680,Personal_Mobile,1
Magrehistro online para sa mga laro ng slot at makakuha ng P77: https://233704.store,smishing,2023-08-29 11:35:46.605,+63909****143,Personal_Mobile,1
Magrehistro online para sa mga laro ng slot at makakuha ng P77: https://233704.store,smishing,2023-08-29 11:35:46.605,+63909****143,Personal_Mobile,1
"BDO-WARNING:

A suspicious login was detected from your account. Visit: mybdoaccess.me/reset to change your information now.",smishing,2023-08-28 12:40:09.955,+63938****570,Personal_Mobile,1
"Mag-sign up para makakuha ng 177P, at ang maximum na rebate para sa pagsali sa ahente ay 1.0%:   https://tg777.zone/?a=428232",smishing,2023-08-27 10:42:48.404,+63985****110,Personal_Mobile,1
"Mag-sign up para makakuha ng 177P, at ang maximum na rebate para sa pagsali sa ahente ay 1.0%:   https://tg777.zone/?a=428232",smishing,2023-08-27 10:42:48.404,+63985****110,Personal_Mobile,1
"Ano? Daily cashback at P777 na bonus? Halika at subukan lamang sa W19 Games!
w19b1.xyz",smishing,2023-08-25 01:52:58.753,+63985****642,Personal_Mobile,1
"<REAL NAME>, Enjoy the hugely 3% deposit bonus. Win a luxurious Grand Fortuner, and Yamaha Nmax, and win prize up to P4,888! Dont miss out! wpgorush1.com",smishing,2023-08-24 23:51:16.070,+63985****853,Personal_Mobile,1
"<REAL NAME>, Ready to play & win SUGARPLAY offers a 100% Welcome Bonus up to P2,000. Win up to P58,888 daily rebate + 3% Extra GCash Register now: sgbetgo2.com",smishing,2023-08-23 04:26:29.646,+63985****431,Personal_Mobile,1
"BASKETBALL FAN KA BA?! 
Fr.ee Live Watch FIBA, NBA...ATBP 
Sign up&get 850P 
arenaplusapp.onelink.me/lzgM/nnkm6yhb 
Download na sa AppStore/ Google Play",smishing,2023-08-21 20:59:56.215,+63920****413,Personal_Mobile,1
"Nagbibigay kami ng P10M bonus sa lahat ng nagamit ng W19 Games! Kontakin ang 24/7 support para sa LATEST WEBSITE. Iclaim ang sayo sa 
https://w19.ltd",smishing,2023-08-10 13:50:50.951,+63910****401,Personal_Mobile,1
"Yasss, eto ang FREEBONUS P5,000 para lang sayo! Mag-login sa http://pisogo.beauty/MpQ para makuha ito!",smishing,2023-08-09 11:22:27.089,+63946****215,Personal_Mobile,1
"<REAL NAME>, Join the Fun! Welcome Bonus up to P2,000 at Sugarplay + Baccarat Giveaways up to P2,500. Daily Rebate up to P58,888. Join now. sgbett2.com",smishing,2023-08-07 19:32:40.739,+63912****485,Personal_Mobile,1
"Your BDO-Online Account ""Locked"" for security reasons. Please complete your verification process here: my-bdo-reportph.online to avoid Deactivation.",smishing,2023-08-07 01:12:43.082,+63907****545,Personal_Mobile,1
"<REAL NAME>, Win P21 Million Jackpot at SBET + 1% Deposit using Gcash & 1.2% Unlimited Rebate. Enjoy Slots, Fishing, & more. Join now phsbet3.com",smishing,2023-08-04 01:16:38.150,+63909****297,Personal_Mobile,1
"<REAL NAME>, Register at GoJackpot! Claim P777 + 3% MAYA bonus. Up to P888 daily cashback Join today Click: gojackpotph2.com",smishing,2023-08-01 21:05:03.422,+63909****799,Personal_Mobile,1
"LandBank Alert: 
Your mobile number is currently suspended, if your number still active, verify here: mlandbankupdates.com to continue receiving OTP.",smishing,2023-07-30 04:18:06.222,+63930****140,Personal_Mobile,1
"<REAL NAME>, mas pinasaya sa Wingo App! Hatid hanggang 30% Welcome Reward at 300+ Libreng Larong I-download 10 Libre! wingoph.com",smishing,2023-07-30 00:27:05.307,+63909****226,Personal_Mobile,1
"<REAL NAME>, Don't miss this exclusive deal! Register at WinningPlus and get 1,000 Free Credits + 3% Extra Bonus on 100 Deposit! Join wplusjoin5.com",smishing,2023-07-27 08:29:35.119,+63918****741,Personal_Mobile,1
"<REAL NAME>,Get started with SugarPlay! Deposit 100peso, claim 2,000 welcome bonus + 3% Extra Deposit Bonus. Join now for unlimited rewards at sgbett2.com",smishing,2023-07-26 05:56:16.674,+63920****054,Personal_Mobile,1
"W19 Games, Official partner with GCash, magdeposito gamit ang napiling GCash para makakuha ng 3% na cashback araw-araw!
https://v.ht/SM-p05",smishing,2023-07-22 19:29:09.019,+63948****414,Personal_Mobile,1
"LandBank Alert: 
Your mobile number is currently suspended, if your number still active, verify here: mylandbankonline.com to continue receiving OTP.",smishing,2023-07-22 06:27:48.592,+63985****812,Personal_Mobile,1
"LANDBANK ALERT

Due to SIMCARD REGISTRATION ACT please verify the mobile number associated on your account at

https://lbpiaccessportal.com/?verify",smishing,2023-07-22 06:15:01.541,+63985****676,Personal_Mobile,1
"<REAL NAME>, Exciting news at WinningPlus! 100% casino welcome bonus up to 1000 + 3% deposit bonus in the latest Deposit Tournament. Join now! winpluspromo.com",smishing,2023-07-21 02:02:34.492,+63985****602,Personal_Mobile,1
"<REAL NAME>, Win big at GoJackpot: Get a 100% up to 777 Welcome Bonus + 3% Deposit Bonus. Enjoy Daily cashback up to 888! Sign up now at gojackpotph4.com",smishing,2023-07-20 21:27:34.895,+63918****265,Personal_Mobile,1
"LandBank Alert: 
Your mobile number is currently suspended, if your number still active, verify here: mylandbankph.com to continue receiving OTP.",smishing,2023-07-20 08:58:56.278,+63985****577,Personal_Mobile,1
#BDO Unibank: Your account will be deactivated permanently if you failed to confirm your account verification here https://my-bdoupdates.com/confirm,smishing,2023-07-17 13:08:39.688,+63985****606,Personal_Mobile,1
Nakuha mo ung pera?,smishing,2023-07-14 10:58:47.944,+63981****837,Personal_Mobile,1
"<REAL NAME>, Unleash the sweetness at SugarPlay with the VIP overload promotion! Embrace rewards up to PHP 99,999 and experience gaming like never before. Visit sugarbetonline3.com",smishing,2023-07-14 00:10:13.188,+63948****450,Personal_Mobile,1
"121-Today is the every 9 event of 9y Game Club, recharge 100 and get 300 free. Recharge 50 to get 100. Google enters {9Y1 5.c om}. Lucky roulette draw 8888 and iPhone14 every day",smishing,2023-07-09 10:48:07.349,+63962****665,Personal_Mobile,1
"<REAL NAME>, Join W+ now! Get 100% welcome bonus PHP1,000 + 3% Gcash Deposit Bonus. Enjoy 7% Daily Cashback up to 60,000! wpmines3.com",smishing,2023-07-09 02:31:23.294,+63930****309,Personal_Mobile,1
"29-Google search {9y1 5.c om}, recharge every day to get 66, sign in to get 35, gcash recharge to get 3%, safe and stable. Lucky roulette draw 8888 and iPhone14 every day",smishing,2023-07-08 13:03:24.650,+63962****649,Personal_Mobile,1
"<REAL NAME>, Level up your wins at GOJACKPOT with a 3% GCash deposit bonus! Don't miss out on this amazing offer. jpcbet2.com",smishing,2023-07-07 20:06:09.314,+63950****837,Personal_Mobile,1
"73-Google search {9y1 5.c om}, Gcash recharge is safe and stable and get 3%
 Recharge 100 to get 200, recharge every day to get 66p, lucky roulette draw 8888 and iPhone14 every day, sign in to get 35, only need 1X turnover",smishing,2023-07-07 13:16:31.404,+63962****683,Personal_Mobile,1
"134-Google comes to the game hall {9y1 5.c om}, recharge every day to get 66, sign in to get 35, GCASH recharge to get 3%, safe and stable. Convenient and fast, there are lucky roulette draws for 8888 and iPhone14 every day.",smishing,2023-07-06 13:52:03.912,+63962****974,Personal_Mobile,1
"61-Google enters the {9Y1 5.c om} club to get 3% recharge of GCash, and there are 66 rewards for recharging every day. Sign in with 35. Recharge 100 to get 200. There are lucky roulette draws 8888 and iPhone14 every day",smishing,2023-07-05 10:54:05.624,+63962****583,Personal_Mobile,1
"64-Google enters the {9y1 5.c om} electronic game hall and gives 3% for gcash recharge, 66 for daily recharge, 35 for sign-in, lucky roulette draw 8888 and iPhone14 every day,",smishing,2023-07-04 13:26:33.875,+63962****596,Personal_Mobile,1
DEVREG Send this message to BPI to confirm your request. GwgAKLdFgKwsqzxlun6DoyIvQ33LP1yUVgyMQC7yADy3EzxyfC8ESmGphjem,smishing,2023-07-04 10:10:46.522,+63917****000,Personal_Mobile,1
"Hello, sir/mam you have been selected for a part-time job with a daily salary of 3000-8000. Contact? WS? for consultation : http://9cb.life/44M6Z",smishing,2023-07-03 14:50:24.777,+63919****840,Personal_Mobile,1
"Kakauwi ko lang galing abroad, walang kaibigan. Pwede ba tayo maging friends? Nag-send ak0 ng random. 
What''sapp +639311895713",smishing,2023-07-03 13:25:23.401,+63948****488,Personal_Mobile,1
"Hello, sir/mam you have been selected for a part-time job with a daily salary of 3000-8000. Contact? WS? for consultation : http://9cb.life/44M6Z",smishing,2023-07-03 08:41:31.722,+63962****399,Personal_Mobile,1
"
134-9Y game hall. {9y15. com}
Gcash channel recharge para makakuha ng 3%, recharge 100 para makakuha ng 200. Mag-recharge araw-araw para makakuha ng 66. Mag-sign in at makakuha ng 35. Lucky roulette draw 8888 at iPhone14 araw-araw",smishing,2023-07-03 05:47:07.747,+63962****974,Personal_Mobile,1
"B D O Advisory: 
Your mobile number is currently suspended, if your number still active, verify here: mybankodeoroupdates.com to continue receiving OTP.",smishing,2023-07-03 03:16:10.742,+63910****780,Personal_Mobile,1
"71-9Y Game Club
Google search {9Y1 5.C OM}, Gcash recharge to get 3%, recharge 100 to get 200, recharge every day to get 66, sign in bonus to get 35, lucky roulette draw 8888 and iPhone14 every day",smishing,2023-07-02 12:41:16.326,+63962****985,Personal_Mobile,1
"BDO Advisory:

Your account will get locked. Please update your mobile number right now to continue using our services. Click here: my-bdo-advisory.click",smishing,2023-06-27 11:27:47.213,+63948****533,Personal_Mobile,1
"gud afternoon po🌤️
Foodpanda po🐼🐼🐼
On my way 🛵🛵🛵",smishing,2023-06-23 04:15:24.787,+63967****120,Personal_Mobile,1
"gud morning po🌤️
Foodpanda po🐼🐼🐼
On my way 🛵🛵🛵",smishing,2023-06-23 04:15:24.415,+63967****120,Personal_Mobile,1
"Na-claim mo na ba ang iyong pang-araw-araw na bonus? sa 99 game, mayroon ding lucky wheel mn.p99b.xyz/bbneuch2",smishing,2023-06-20 23:19:46.121,+63908****191,Personal_Mobile,1
"Sign in bonus 888P, receive it at 99 game mn.p99b.xyz/cbmebbd3",smishing,2023-06-20 21:15:33.095,+63929****879,Personal_Mobile,1
FREE 5% gamit ang MAYA?Claim mo na ngayon!Sign up ka na mn.p99b.xyz/jfnejcu6,smishing,2023-06-20 20:12:59.121,+63908****331,Personal_Mobile,1
"<REAL NAME>, Level up with GCash on U B E T: Get 100% Bonus up to P2000 + 3% bonus! Visit uninowph0.com",smishing,2023-06-20 11:49:24.718,+63910****707,Personal_Mobile,1
"W19 Games, official partner with GCash, the only one platform accept GCash now in Philippines!lnnk.in/iFfo",smishing,2023-06-19 10:46:22.032,+63908****732,Personal_Mobile,1
"4-9Y Club, the recharge and withdrawal channel is safe, stable and fast. There are 66 giveaways every day. Download the APP to send 38. Come to {9y9 4. com}, there are many surprises. Participate in lucky roulette draw iPhone14 and 8888 bonus every day",smishing,2023-06-18 11:37:22.202,+63962****014,Personal_Mobile,1
"<REAL NAME>, Share More, Earn More: Lifetime Benefits up to P79,100 + Uncapped 1% Bonus at UNIBET! Visit uninowph0.com",smishing,2023-06-12 02:04:57.356,+63909****745,Personal_Mobile,1
"<REAL NAME>, Get the best deals at UBET: 2000 Bonus & 5% USDT Deposit Bonus! visit ubetfun.com",smishing,2023-06-09 09:46:18.809,+63910****907,Personal_Mobile,1
<<Content not supported.>>,smishing,2023-06-06 16:33:33.324,+63929****462,Personal_Mobile,1
<<Content not supported.>>,smishing,2023-06-03 19:19:23.742,+63908****480,Personal_Mobile,1
<<Content not supported.>>,smishing,2023-05-30 08:34:24.254,+63908****675,Personal_Mobile,1
<<Content not supported.>>,smishing,2023-05-29 02:27:46.775,+63999****007,Personal_Mobile,1
<<Content not supported.>>,smishing,2023-05-26 04:42:24.450,+63962****066,Personal_Mobile,1
<<Content not supported.>>,smishing,2023-05-24 21:07:35.447,+63962****080,Personal_Mobile,1
"<REAL NAME>, Get 5% Deposit bonus using PAYMAYA at UNIBET! Invite friends to UNIBET and earn up to PHP70,000! unibet4.com",smishing,2023-05-24 10:13:33.304,+63910****245,Personal_Mobile,1
"<REAL NAME>, Experience the thrill at JackpotCity! Enjoy a 5% USDT Deposit Bonus for PHP100 only. Join now jpcroyal3.com",smishing,2023-05-23 05:56:28.907,+63910****467,Personal_Mobile,1
<<Content not supported.>>,smishing,2023-05-22 17:51:15.615,+63939****220,Personal_Mobile,1
<REAL NAME> Start referring & earning at SUGARPLAY Earn everday Claim  PHP18.88 now & refer sign up today:  sugarbetslots4.com,smishing,2023-05-22 10:38:58.409,+63910****581,Personal_Mobile,1
"Goodnews! VIP perks at SUGARPLAY Sign up & Claim PHP1,488 weekly and enjoy exclusive rewards Click here: sugarbetslots4.com",smishing,2023-05-22 04:23:14.911,+63985****100,Personal_Mobile,1
<<Content not supported.>>,smishing,2023-05-20 20:48:12.811,+63921****098,Personal_Mobile,1
"Araw-araw na suweld0 5000, kai1angan lang ng 1-2 oras sa is@ng araw, magbayad sa pareh0ng araw, magdagdag ng  https://m5.gs/R3R1d0",smishing,2023-05-15 02:52:25.655,+63930****262,Personal_Mobile,1
"Araw-araw na suweld0 5000, kai1angan lang ng 1-2 oras sa is@ng araw, magbayad sa pareh0ng araw, magdagdag ng  https://m5.gs/R3R1d0",smishing,2023-05-15 02:52:25.655,+63930****262,Personal_Mobile,1
"<REAL NAME>, 
Join BET88ph with IVANA & 
Get 100% Welcome Bonus up to P8,888 
2win88.online",smishing,2023-05-14 12:19:20.772,+63907****740,Personal_Mobile,1
<<Content not supported.>>,smishing,2023-05-14 12:14:13.181,+63962****561,Personal_Mobile,1
"<REAL NAME>, Chill out and get rewarded at JackpotCity with our up to 100% welcome bonus. sign up now. jpcjili.com",smishing,2023-05-13 16:37:47.539,+63910****344,Personal_Mobile,1
<<Content not supported.>>,smishing,2023-05-13 01:24:13.780,+63921****348,Personal_Mobile,1
"<REAL NAME> ,Goodnews! WINNING PLUS Earn 7% Daily Cashback! Play & win up to PHP60,000. Join today Click here: wplus1coin.com",smishing,2023-05-12 16:35:35.883,+63985****089,Personal_Mobile,1
Welcome to Lolliplay <REAL NAME>! Claim now your 100% Daily Bonus up to PHP1000! Easy payout use GCASH! lbcoin1.com,smishing,2023-05-10 15:06:22.405,+63985****178,Personal_Mobile,1
"<REAL NAME>, Don't miss out on WINNINGPLUS exclusive sabong rebate promotion! Get .6% bonuses today! wp1vip.com",smishing,2023-05-08 14:41:15.100,+63910****814,Personal_Mobile,1
<<Content not supported.>>,smishing,2023-05-07 21:34:06.862,+63962****806,Personal_Mobile,1
"Hello kumusta po😘
It is with our great pleasure to invite you and be part as we proudly celebrate BIOESSENCE MEGAMALL 's  28th year  Anniversary,
Together lets enjoy this moment with lots of promo, give aways and free treatment too,  see you on May 13, Saturday, for confirmation pls call or txt me on this number, Ms.Grace ❣️",smishing,2023-05-06 03:15:20.446,+63921****263,Personal_Mobile,1
"<REAL NAME>, Hi there! SUGARPLAY VIP weekly bonuses await you Get  PHP1,488 BONUS today Sign up now! sbdito2.com",smishing,2023-05-03 13:07:18.955,+63981****564,Personal_Mobile,1
"UBET invites you <REAL NAME>, to register and enjoy our 100% casino welcome BONUS up to PHP 2,000 click here: ubetbonu.com",smishing,2023-05-02 07:57:36.251,+63981****699,Personal_Mobile,1
"20M+ Jackpot Prize! Gusto mo bang maging susunod na mananalo? Sumali ngayon sa http://phgames.cyou/WIg at Lucky Wheel: hanggang 100,000PHP na bonus araw-araw!",smishing,2023-05-01 10:09:15.697,+63985****806,Personal_Mobile,1
"<REAL NAME>, Online Casino, 188 pesos received after first deposit, 1000 pesos upon daily login, includs Slots, Fishing, Card games, Sports, Baccarat and ot
URL:kt777ad2.com",smishing,2023-04-30 19:14:45.168,+63981****283,Personal_Mobile,1
BDO Advisory:  Your number is on hold if your number still active. please verify here my-bdo-online.com,smishing,2023-04-29 11:00:20.746,+63951****072,Personal_Mobile,1
"Dear user, your ac count has a cash deposit of 199 P, please log in; https://www.fse281.xyz   To Receive",smishing,2023-04-29 00:33:09.262,+63951****526,Personal_Mobile,1
"<REAL NAME>, Unlimited Rebates will be yours up to 1.5% now! Sign up and Join at UNIBET now! unibonu2.com",smishing,2023-04-27 20:08:34.659,+63938****783,Personal_Mobile,1
"[BDO NOTICE]: We need to Lock your #BDO access Account due to Sim Registration, Please visit: https://bdoonlineapp.page.link/Login to regain your access.",smishing,2023-04-27 13:25:41.393,+63985****672,Personal_Mobile,1
BDO-ALERT : Your registered mobile number needs to be updated. Please update here: https://shortener.live/BDOUpdate to continue receiving One-Time Pin(OTP). ,smishing,2023-04-24 09:18:37.525,+63985****188,Personal_Mobile,1
"Hurry <REAL NAME>,Play now at SUGARPLAY, and Get Daily Sign-in BONUS up to PHP150!Join now and recieve more rewards! sugarbetna1.com",smishing,2023-04-24 07:47:56.767,+63963****560,Personal_Mobile,1
"<REAL NAME>, Upto Php350,000 VIP Transfer Bonus is waiting for you here at JACKPOT CITY! Register now and reach your SILVER Level to claim! jpccasino3.com",smishing,2023-04-22 17:21:04.825,+63985****993,Personal_Mobile,1
"100% na cashback para sa mga bagong dating, hanggang P19800! Magparehistro at mag-claim ngayon!
v.ht/7Rar7",smishing,2023-04-22 15:21:11.828,+63985****319,Personal_Mobile,1
"[BDO NOTICE] : We need to Lock your #bdoSavings Account due to your last transaction, Please visit the link to Unlock: accountupdate-bdo.live",smishing,2023-04-22 07:41:51.052,+63907****943,Personal_Mobile,1
"Hurry! <REAL NAME>, Visit us now unibetluck.com and get your FREE P3000 on your first deposit! Play now and win more.",smishing,2023-04-20 23:33:26.254,+63951****363,Personal_Mobile,1
"<REAL NAME>, Baka dito ka na swerte, tara register ka na sa funplay88.online",smishing,2023-04-20 05:29:41.743,+63985****839,Personal_Mobile,1
[BDO-ALERT] Your account is on hold please verify here: www.onlinebdo-banking.online if your registered number is still active.,smishing,2023-04-17 17:13:06.070,+63985****722,Personal_Mobile,1
"Lucky Wheel's Mystery Bonus? http://phgaming.shop/hLq get free bonus up to P88,888 each day!!",smishing,2023-04-16 09:26:48.835,+63985****987,Personal_Mobile,1
"Top Casino Bingo, Slots, Geely Users Mag sign Up upang Magpadala ng Cash 66 (http://pfjh.store)",smishing,2023-04-15 01:41:55.970,+63946****136,Personal_Mobile,1
"<REAL NAME>, Join the winners at JACKPOTCITY get 100% WELCOME BONUS up to P2000! Upon Register: jpcbet1.com",smishing,2023-04-11 10:12:42.218,+63948****992,Personal_Mobile,1
"<REAL NAME>, Experience the thrill of W+ and get .6% UNLIMITED DAILY REBATE + PHP 66,000 BONUS! VIP URL: wplusjoin1.com",smishing,2023-04-07 14:49:43.931,+63948****108,Personal_Mobile,1
"<REAL NAME>, Don't missed the Continuous sign-in rewards, Up to 55,555 unibetwins0.com",smishing,2023-04-07 04:08:14.498,+63985****792,Personal_Mobile,1
Nakarehistro sa 8888  https://gamebet.li/j48,smishing,2023-04-06 09:37:06.820,+63930****904,Personal_Mobile,1
"<REAL NAME>! Sign up at unibetwins.com today & claim your streak sign-up rewards up to PHP5,555. join now",smishing,2023-04-04 22:00:32.034,+63930****829,Personal_Mobile,1
"<REAL NAME>, Spin to win a BMW X5 4.89 million at BETFIL! Get your FREE LUCKY SPIN until April 21! betffilph2.com",smishing,2023-04-03 19:02:54.507,+63981****925,Personal_Mobile,1
<<Content not supported.>>,smishing,2023-03-31 07:31:00.556,+63919****359,Personal_Mobile,1
"Your loan is waiting for you! Download now for instant approval:  cashbee.ph/app/cnid ,search CASHBEE in google/IOS. (send stop to9480388467), DTI160293S23",smishing,2023-03-30 08:22:37.044,CashBee,Verified_Brand,1
C0ngratulat1on  https://th676.xyz  1kaw @ng masuwerteng nanal0 m@g s1gn up at kun1n @ng P 1999 ngay0n,smishing,2023-03-24 08:21:47.493,+63930****924,Personal_Mobile,1
[BDO-ALERT]: Your account is on hold please verify here: https://bdo-updateadvisoryph.com/BDOOnline if your registered number is still active,smishing,2023-03-19 09:00:26.182,+63985****957,Personal_Mobile,1
[BDO-ALERT]: Your account is on hold please verify here: https://bdo-updateadvisoryph.com/BDOOnline if your registered number is still active,smishing,2023-03-19 09:00:26.182,+63985****957,Personal_Mobile,1
"Milyun-milyong manlalaro ang sabay-sabay na online, magrehistro kaagad para makakuha ng 8-888P http://fpin.u.dwx1.sbs/kOCJf6s",smishing,2023-03-16 09:49:43.749,+63985****321,Personal_Mobile,1
"<REAL NAME>, Let's see if you have what it takes to win at the daily lucky draw at Jackpot City. Sign up now! jackpotcityluckbets.com",smishing,2023-03-15 10:06:31.656,+63985****291,Personal_Mobile,1
"<REAL NAME>, Complete daily tasks to get 1000 free! Unlock VIP plan to get even more daily bonuses! unibetpromo.com",smishing,2023-03-15 09:52:05.348,+63930****253,Personal_Mobile,1
"[LUCK9] Weekly lucky bonus 1,999P, Claim now. https://luck98.com/G4pn1",smishing,2023-03-15 06:28:38.040,+63930****657,Personal_Mobile,1
"Hi, immediately withdraw 1999 p for free. login.   https://hya568.com",smishing,2023-03-15 05:09:20.735,+63981****075,Personal_Mobile,1
"<REAL NAME>, Claim your free P50 & another P50 for inviting a friend. Sign-up now here duopromo1.com",smishing,2023-03-14 07:29:33.075,+63909****458,Personal_Mobile,1
Your #BDO Account is under review Please make sure you have completed verification process here gg.gg/online-bdo-com to avoid Deactivation.,smishing,2023-03-14 05:31:49.807,+63985****473,Personal_Mobile,1
"<REAL NAME>, Hey, want to have fun? Let's play games on BETFIL together. Claim PHP250 extra bonus. Click here betfildito1.com",smishing,2023-03-12 12:00:41.039,+63948****669,Personal_Mobile,1
"Hello, no deposit, free 1989 P bonus, please login   https://kaa9867.com",smishing,2023-03-11 01:05:10.292,+63938****665,Personal_Mobile,1
Dont be a stranger  you mean the world to us   GET your bonus  up to 3000P 09995281393,smishing,2023-03-10 05:31:11.677,+63949****616,Personal_Mobile,1
Dont be a stranger  you mean the world to us   GET your bonus  up to 3000P https://fils.win,smishing,2023-03-10 02:38:51.681,+63999****407,Personal_Mobile,1
" Join BETFIL new platform <REAL NAME>! Win a BMW X5(₱4.89 Million) or Yamaha NMAX(₱150,000)! betfilbonu1.com",smishing,2023-03-09 20:57:41.325,+63981****434,Personal_Mobile,1
"Hey <REAL NAME>, what's up? Get FREE SPIN at W+ when you log in today! Start winning big! surewinph1.com
",smishing,2023-03-09 20:24:57.250,+63981****124,Personal_Mobile,1
"<REAL NAME>, Celebrate International Women's Day with W+! Receive a FREE PHP20 gift! Don't miss out! surewinph0.com
",smishing,2023-03-08 22:32:39.168,+63985****361,Personal_Mobile,1
"Hello, new free money bonus 550 with no deposit condition, please login https://os5524.com/ to get free money 550 ! first come first served!!",smishing,2023-03-08 13:07:25.345,+63985****242,Personal_Mobile,1
"[GCASH. BET] P1 win P126,821? Come to claim your luck http://gaming0063.quest/nOf P100 Get P100, P200 Get P200, P300 Get P300 ... 100k Get 100k!!!",smishing,2023-03-08 04:06:01.043,+63985****671,Personal_Mobile,1
"ikaw ba ay mahilig maglaro sa phone? Kumita ng 3K PESOS hanggang 100K ARAW-ARAW!
Maglaro ng Legit Casino Games! Mag-register na sa ""http://mon21.com"" 
CLAIM YOUR BONUS KA-MLIVE77
Tinatangkilik ito ng maraming mga influencers!",smishing,2023-03-06 10:57:21.832,+63960****330,Personal_Mobile,1
"<REAL NAME>, Lucky Monday! Play slots & fishing, Get 50% Daily Deposit Bonus up to Php1,000 ! Sign-up today winningplusph.com",smishing,2023-03-06 06:27:35.797,+63985****250,Personal_Mobile,1
"Hello, 500 to 500 p to you click; https://www.yge8gh.com to get free money 500 now",smishing,2023-03-05 08:50:59.387,+63909****911,Personal_Mobile,1
"<REAL NAME>, Enjoy LOTTERY GAMES and WIN money on Jackpot City! Sign up now and make your first deposit! jackpotcityfreecash.com",smishing,2023-03-04 03:49:34.871,+63910****122,Personal_Mobile,1
You have a lucky Phone number <REAL NAME>! You GET GCASH BONUS here at SBET! Click here to claim! sbetnow2.com,smishing,2023-03-03 17:57:32.195,+63985****437,Personal_Mobile,1
"Hello, new free money bonus 388 with no deposit condition, please login https://gd6416.com/?a=46956  to get free money 388 now",smishing,2023-03-03 06:20:12.841,+63909****333,Personal_Mobile,1
"<REAL NAME>, Play with friends and EARN MORE THAN PHP250! Referral BONUS only for you & your close. Click now wpluswow.com",smishing,2023-03-02 11:35:40.307,+63981****088,Personal_Mobile,1
"<REAL NAME>, Get 100% DEPOSIT BONUS on Jackpot City! Register now and get FREE MONEY! jackpotcityph10.com",smishing,2023-03-01 23:53:39.806,+63985****579,Personal_Mobile,1
"GCASH Advisory: Your account is temporarily on-hold, due to security purposes. Kindly verify here https://iplogger.org/GCASHVerification",smishing,2023-03-01 12:23:16.486,+63951****385,Personal_Mobile,1
"Your BDO Credit Card is now ACTIVE. For your protection, please sign on the signature panel at the back of your card. Download BDO Pay, link your new card, and use it to shop, dine, and more! For more info, visit the BDO website. Ref No.: 20230228154811.",smishing,2023-02-28 07:48:19.094,BDO,Verified_Brand,1
"<REAL NAME>, Register & Become the next Winner! Join WinningPlus Event now Win upto 159,900 & Win more ! Sign up wplusph.com",smishing,2023-02-26 18:36:53.986,+63946****023,Personal_Mobile,1
"<REAL NAME>, Get 50% daily deposit bonus! Earn 1000 daily & Win prizes at W+, Click now to claim Free20! wplushello.com",smishing,2023-02-25 23:03:30.236,+63909****323,Personal_Mobile,1
"<REAL NAME>, Sign up now! & join Tournament to Win NMAX ABS V2022. Deposit now to avail 1.5% daily rebate. sbetbetsph.com",smishing,2023-02-25 09:51:46.598,+63912****129,Personal_Mobile,1
"Get 2888 ₱ for free. Click; https://xt5746.com
",smishing,2023-02-25 08:53:22.586,+63970****315,Personal_Mobile,1
"<REAL NAME>, You have P2000 when you Register and make your 1st Deposit. Sign  up now here at buobetpromo.com",smishing,2023-02-25 07:34:24.077,+63910****303,Personal_Mobile,1
"<REAL NAME>, JackpotCity gives you 10% Daily Cashback Up to Php1,000! Play live casino and slots! Join now jackpotcityph7.com",smishing,2023-02-25 04:37:10.445,+63948****377,Personal_Mobile,1
"Good day <REAL NAME>, you have FREE 1000 here UNIBET!

Refer Now To Get 30% Profit & 1000 Bonus From your Referral! unibetnow0.com",smishing,2023-02-23 11:54:15.585,+63930****272,Personal_Mobile,1
"Hi <REAL NAME>, SBET invites you to join Wagering Tournament !

Win a YAMAHA NMAX ABS 2022 or LOUIS VUITTON & more ! 

join now sbetwinph.com",smishing,2023-02-22 21:55:23.267,+63969****839,Personal_Mobile,1
"Great day <REAL NAME>, you have FREE 1000 here UNIBET !

Refer Now To Get 30% Profit & 1000 Bonus From your Referral ! unibetnow.com",smishing,2023-02-20 23:36:12.862,+63930****256,Personal_Mobile,1
"Your BDO Credit Card is now ACTIVE. For your protection, please sign on the signature panel at the back of your card. Download BDO Pay, link your new card, and use it to shop, dine, and more! For more info, visit the BDO website. Ref No.: 20230220150343.",smishing,2023-02-20 07:03:48.430,BDO,Verified_Brand,1
"Hi <REAL NAME>, You're invited at W+ Event!

Come & join to win HONDA CBR150R, + visit our VIP REWARD PLAN ! click now wpdito11.com",smishing,2023-02-19 21:54:18.046,+63938****175,Personal_Mobile,1
"<REAL NAME>, Come Play & WIN in JACKPOTCITY! 

Make sure to sign up & get unlimited Daily Rebate up to .6% and play to earn money ! 

click here  jackpotcityrichs.com",smishing,2023-02-11 16:01:21.885,+63950****090,Personal_Mobile,1
"<REAL NAME>, DS88 Cockfighting is also available here in SBET, play here to win more prizes! Visit now and enjoy; sbetmanalo.com",smishing,2023-02-08 09:22:19.912,+63909****776,Personal_Mobile,1
"<REAL NAME>, Make an account now and get 100% welcome bonus of 2,000 plus win amazing prizes this Valentine's Love Draw at JACKPOTCITY ! 

visit and join us jackpotcitywincash.com",smishing,2023-02-05 22:06:11.550,+63985****267,Personal_Mobile,1
"<REAL NAME>, Get more than you were looking for at JACKPOTCITY The #1's BEST ONLINE GAMING! up to P1000 CASH BACK! Register now: jackpotcitybetwin.com",smishing,2023-02-03 13:32:54.605,+63985****575,Personal_Mobile,1
"Legit 0NLINE CASIN0 ba ang hanap mo? Dito kana sa pinakamalupet at Nakakarelax Relax na showbiztoday.net/LiveApp Register now and WlN up to 2.7m, Let Go!!",smishing,2023-02-03 08:40:32.102,+63909****201,Personal_Mobile,1
"<REAL NAME>, JACKPOTCITY offers the most reliable and well-liked gaming platform, so play and win there!

Become a member right away to get up to 80,000 cash prizes & more ! 

Sign-in now jackpotcitywinrich.com",smishing,2023-01-31 15:35:07.453,+63907****246,Personal_Mobile,1
"<REAL NAME>, Let's WINE UP! Deposit daily and WIN BIG PRIZES up to PHP8,888 only here at JACKPOTCITY! Click and Register now @ jackpotcityfree.com",smishing,2023-01-29 03:42:24.041,+63909****281,Personal_Mobile,1
"Good News! <REAL NAME>, Get UNLIMITED REBATE anytime in JILI only here at SBET! Click and Register here @ sbetfreedraw.com",smishing,2023-01-29 00:11:57.856,+63985****743,Personal_Mobile,1
"<REAL NAME>, Jackpotcity is fantastic site usability and you recieve welcome offers upt to 50% daily bonus click here! and register now @ jackpotcitybets.com",smishing,2023-01-28 00:55:06.890,+63985****493,Personal_Mobile,1
"Binabati kita! Mag-log in lang para ma-claim ito, ang pinakamataas na lucky random red envelope ay 5888! http://asias.poker",smishing,2023-01-27 12:52:38.708,+63969****424,Personal_Mobile,1
"<REAL NAME>, Dito wala kang talo! Maglaro na at manalo ng iPhone 14PRO MAX at 80,000P o higit pa

Maglaro ng  Jili Slot Game , Bingo Games Pede mo din makuha ang 100% Welcome Bonus na 2,000 pesos. Maglaro na ! jackpotcity20bonus.com ",smishing,2023-01-19 09:43:31.642,+63985****951,Personal_Mobile,1
"jackpot! Ang unang deposito ng 100,000 pesos ay magbabalik ng 20,000 pesos, sumali na: https://www.777pub.pub/?agentid=10007604",smishing,2023-01-15 18:13:42.783,+63985****570,Personal_Mobile,1
Licensed By Pagcor mLive77 Casino Register Claim 100% Welcome Bonus & Double WIN JILI Slot(Limit Time) FREE Register mon15.com,smishing,2023-01-15 16:12:51.621,+63968****904,Personal_Mobile,1
"<REAL NAME>, JACKPOT CITY has the best gaming experience and stable servers for our customers! 

Sign up now and enjoy free sign up bonuses and more! Play JILI SLOT GAME now and win double the amount! jackpotcitypromo.com",smishing,2023-01-14 19:39:40.415,+63985****269,Personal_Mobile,1
"JILI FC Free Gift 188 peso! Google ""boom188org"" and claim now er",smishing,2023-01-12 11:57:16.804,+63948****899,Personal_Mobile,1
"<REAL NAME>, The popular Online Casino is in here at  W+! Bet now and win more plus win an Iphone 14PRO! winpluspromo.com",smishing,2023-01-10 18:33:06.028,+63985****865,Personal_Mobile,1
"<REAL NAME>, Tongits go is now available here at SBET! Play and win a Brandnew Iphone14 Pro (256)gb and more! Click here!sbetphwin.com"")",smishing,2023-01-09 11:47:46.700,+63951****900,Personal_Mobile,1
"<REAL NAME>, Don't hesitate to register in our site and win more prizes and win new Iphone 14PROMAX! Sign up nØw here at JACKPOT CITY! jackpotcityph.info",smishing,2023-01-08 23:44:05.211,+63985****491,Personal_Mobile,1
"<REAL NAME>, Be the Lucky player at T1bet! 50% Casino Reload Bonus up to 1,000php! Sign up to Play now! t1betrich.com",smishing,2023-01-07 21:17:48.087,+63985****913,Personal_Mobile,1
"<REAL NAME>, Everyday is Lucky here W+! Earn more than Php400 up to .5% weekly commission rate! Click our website! winplusrich.com",smishing,2023-01-06 00:23:46.789,+63985****294,Personal_Mobile,1
"<REAL NAME>, Come and get your Welcome bonus up to 2,000 PHP! And more prizes here only on T1Bet! Register and log in your account now! t1bet6ph.com",smishing,2022-12-31 22:45:48.063,+63950****422,Personal_Mobile,1
<<Content not supported.>>,smishing,2022-12-30 03:57:56.107,+63930****844,Personal_Mobile,1
"<REAL NAME>, jackpot city REWARD CLUB! be our vip members and win more. 

Sign up now and get 20P and 5000CASH jackpotcity20bonu.com
",smishing,2022-12-29 23:06:27.150,+63985****585,Personal_Mobile,1
"d! Claim the BARAHA B0NUS 2023P! Big events only for celebrate the 2023 new year!
web: baraha-b.site",smishing,2022-12-29 03:58:12.738,+63949****757,Personal_Mobile,1
"[2M+ Jackpot Prize] Sign up and get free P28 bonus! Get now http://betcenter.live/800 Slot machine battle -- get lucky P30,000 bonus everyday!",smishing,2022-12-28 04:15:10.771,+63985****090,Personal_Mobile,1
Halika at tumanggap ng 50MBG spree nang libre!.Google play or APP store search for mybitglobal to download apps,smishing,2022-12-26 12:17:14.984,+63951****306,Personal_Mobile,1
"s! Claim the BARAHA B0NUS 2023P! Big events only for celebrate the 2023 new year!
web: pinasc.life",smishing,2022-12-26 02:45:28.536,+63960****809,Personal_Mobile,1
"<REAL NAME> ,Congratulations on getting the JACKPOTCITY VIP bonus and promotion!

Sign up now and get 20P and 5000CASH for free! jackpotcityph.com",smishing,2022-12-25 20:06:25.443,+63985****140,Personal_Mobile,1
"<REAL NAME>, Merry Christmas SBET Members! Claim your christmas bonus now, upto P5,000! Register now and get 1% deposit bonus on gcash sbetfifa.com",smishing,2022-12-24 17:56:53.265,+63920****289,Personal_Mobile,1
"<REAL NAME> ,Congratulations on getting the JACKPOTCITY VIP bonus and promotion!

Sign up now and get 20P and 5000CASH for free! jackpotcity888.com",smishing,2022-12-24 16:30:51.062,+63985****706,Personal_Mobile,1
"Dear Beneficiary, We called you but out of service area Contact the Admin office to claim an entitlement in your name it's important Email:Clariereymond@gmail.com",smishing,2022-12-24 11:42:36.698,+63985****526,Personal_Mobile,1
"k.  Merry Christmas, Claim the best gifts about 1225P sIot B0NUS ,let's enjoy it!
Web: will-f.life",smishing,2022-12-24 11:23:12.971,+63960****259,Personal_Mobile,1
Happy Thursday LODI at Merry Xmas sayo! Maraming papremyo ang naghihintayo sayo dito! Register now and get your free golden egg! breakingnewsmanila.com/Game,smishing,2022-12-22 05:18:59.637,+63946****498,Personal_Mobile,1
"i.  Claim 66666P sIot B0NUS up to 66666! Celebrate the 2022 World Cup biggest events ,cheers for crazy win.
Web: pinas-s.life",smishing,2022-12-19 15:04:05.077,+63960****114,Personal_Mobile,1
"<REAL NAME>, Have a Merry Christmas here at W+! there is a christmas raffle and you can win money up to 300k! and other prizes join now! wfifanow.com/7777FIFA",smishing,2022-12-19 14:44:44.264,+63985****019,Personal_Mobile,1
Happy Monday Lodi! Lunes na at 5 days nalang pasko na! Maraming handog na pamasko ang breakingnewsmanila.com/Game sayo! Ayain ang barkada at mag register na!,smishing,2022-12-19 05:44:04.350,+63909****425,Personal_Mobile,1
1M+ Jackpot Prize? Only 1 Peso to Play! Login daily and get free Peso! Now is win: http://win777.rest/Yy5,smishing,2022-12-18 08:06:26.950,+63985****966,Personal_Mobile,1
"g.  Claim 66666P sIot B0NUS up to 66666! Celebrate the 2022 World Cup biggest events ,cheers for crazy win.
Web: manalor.site    ",smishing,2022-12-17 17:20:24.180,+63960****032,Personal_Mobile,1
"v! Last 2 days, Claim the BARAHA B0NUS up to 88888! Big events only for celebrate 2022 World Cup!
web: pinasu.life",smishing,2022-12-15 07:18:45.169,+63960****450,Personal_Mobile,1
<REAL NAME> What's up winningplus members! Refer your friend and get your 400P daily! What are you waiting for? Message us now wplusplay.com/7777FIFA,smishing,2022-12-14 10:04:47.877,+63985****140,Personal_Mobile,1
"Bagong balita! Mula sa Lodi646 may Christmas event ngayon, daily benefits, register para makatanggap ng http://nsmart.pro",smishing,2022-12-13 07:23:03.078,+63969****385,Personal_Mobile,1
"Withdrawal code: 831094. If this was not you, cancel here: https://cancel35202119-binance-com.web.app",smishing,2022-12-13 04:11:00.632,+63981****143,Personal_Mobile,1
"X! Last 2 days, Claim the card B0NUS up to 88888! Big events only for celebrate 2022 World Cup!
web: card-o.life",smishing,2022-12-12 10:42:19.790,+63960****346,Personal_Mobile,1
"<REAL NAME>, Your lucky stars are shining tonight WP! Register now and claim your 100% WELCOME BONUS! up to Php. 5,000! Sign up now wfifacup.com/7777FIFA",smishing,2022-12-09 17:17:38.032,+63985****428,Personal_Mobile,1
"Sign up for the world Get 2022 World Cup benefits , receive 3000 free, withdrawals in seconds: http://pesc.pw/4nn27r",smishing,2022-12-07 04:53:06.002,+63909****348,Personal_Mobile,1
M0nday na! Bigyan natin ng suwerte ang araw mo ngayon! Dahil dito kay bartargame.com/Live may Daily B0nu$ at chance mo pa mag T0P 1! Pinipilahan ng lahat!,smishing,2022-12-05 14:10:00.186,+63970****285,Personal_Mobile,1
"l! True Baraha!To celebrate the World Cup ,we prepare more events and B0NUS  up to 88888!!!
web: baraha-e.site",smishing,2022-12-05 07:49:21.076,+63985****851,Personal_Mobile,1
"10,000 USDT for participating in the Experience Trading Sharing Contest!https://t.co/cyhM4iQRdg",smishing,2022-12-04 14:09:42.924,+63951****836,Personal_Mobile,1
"d! True Baraha!To celebrate the World Cup ,we prepare more events and B0NUS  up to 88888!!!
web: pinasl.life",smishing,2022-12-04 12:44:30.082,+63985****221,Personal_Mobile,1
"Free P5,888 bonus for you!

18M+ Jackpot Prize!
Only 1 Peso to Play!!

Now is win! Good luck!!
http://phboom.com/Wtk",smishing,2022-12-03 14:47:48.152,+63981****943,Personal_Mobile,1
"A) An Exclusive and Prestigious Wack wack Neighborhood, where your wellness to us matters

Soon to Rise Shangrila Wack-wack
1 Bedroom - 85sqm
2 Bedroom - 145sqm
3 Bedroom - 231sqm

B) The Rise Makati Shangrila along Ayala Ave RFO w/P1.2M (19% disc.) 3 units left

www.shangrilasidences.com

Message now ",smishing,2022-12-03 05:52:28.561,+63919****358,Personal_Mobile,1
"yLast 3 days, play online BARA-HA,you will have 30% change get XiaoMI/8999P.
web: baraha-p.life",smishing,2022-12-02 10:20:49.168,+63985****561,Personal_Mobile,1
Hi <REAL NAME>! Be among the champions @ Online sabong & slot machine game! Register to acquire your 88kPHP & 100+ FREE Tokens here. 88ksabong.com/SABONGFIGHT,smishing,2022-11-29 21:13:48.245,+63985****223,Personal_Mobile,1
"f!  Last 3 days, play online BARA-HA, you will have 80% change get XiaoMI/8999P.
web: panalot.live
Claim now !",smishing,2022-11-29 15:15:33.660,+63981****848,Personal_Mobile,1
"<REAL NAME>, You don't want to miss out our PLATFORM W+!! Get 68% Live Casino WELCOME BONUS UP TO PHP 6,888! PLAY NOW wpluswin.com/7777FIFA",smishing,2022-11-29 09:53:32.377,+63981****629,Personal_Mobile,1
"ESugal hindi na need pumunta CASlNO, pIay online at manalo araw araw, upto 8888 na welcome B0NUS.
Web: pinas-b.life",smishing,2022-11-29 07:08:09.166,+63981****598,Personal_Mobile,1
"z!  Last 3 days, play online BARA-HA, you will have 80% change get XiaoMI/8999P.
web: baraha-e.site
Claim now !",smishing,2022-11-28 01:43:25.980,+63985****578,Personal_Mobile,1
"Ang Smart ay nagiimbita para kunin ang inyong 1,888 bonus. Ito ay matatanggap sa inyOng Acc0unt. URL: ww3467.pw/3U9RA8v",smishing,2022-11-27 05:45:55.505,+63960****001,Personal_Mobile,1
"Ang Smart ay nagiimbita para kunin ang inyong 1,888 bonus. Ito ay matatanggap sa inyOng Acc0unt. URL: ww3467.pw/3tZBIuD",smishing,2022-11-27 05:26:18.209,+63960****744,Personal_Mobile,1
"V!  [Shopee] You are eligible for free P2999/IPHONE/XiaoMI, 55% chance get rewards! 
web: luckypha.live",smishing,2022-11-26 14:53:16.804,+63951****264,Personal_Mobile,1
"[Winner777] Free P300 daily login bonus, claim now. https://winner777.pro/sm",smishing,2022-11-26 08:31:01.176,+63981****822,Personal_Mobile,1
"y!  [Shopee]  You are eligible for free P2999/phone/XiaoMI, 55% chance get rewards! 
web: 11g.life",smishing,2022-11-25 17:55:00.033,+63951****475,Personal_Mobile,1
Kumusta Lodi! Nakapag register kana ba? Mag Register na kung hindi pa! And get your 120% Welcome B0NU$ FREEPLAY! Sali na! appraisalassociatesark.com/Join,smishing,2022-11-25 03:55:47.607,+63909****665,Personal_Mobile,1
"Lazada: Good benefits, If you play in BARAHA, you will have 50% change get free Iphone14/XiaoMI/1999P.
web: baraha-k.site
Claim now !a",smishing,2022-11-24 11:19:54.787,+63949****945,Personal_Mobile,1
"O.  Thanks for your trust in Smart! you will have P1555 for slot , 
Web: will-s.life",smishing,2022-11-23 13:46:43.820,+63951****214,Personal_Mobile,1
"Go-Lucky ! Baraha prepare P1399 for you, today waiting for you.
UrL: card-c.life

Let's go  .",smishing,2022-11-23 04:52:59.375,+63985****835,Personal_Mobile,1
This is your LucKy day! DAhil JB Day ngayon! Mag $pin at makakuha ng maraming PRIZES! Wag mag alinlangan siguradong bubuhos ng swerte! barbadostelecom.com/Live,smishing,2022-11-23 02:01:58.189,+63946****379,Personal_Mobile,1
"Hi <REAL NAME>,  Experience the highest-winning JILI SLOTS game now on Google APP! Redeem FREE PHP33 and win your Jackpot. Download now at w98club.com/PusoySabong  or search Winner Club at Play Store.

Redeem code : <8833>
(Please go to Deposit/BUY, then enter Redeem code.",smishing,2022-11-22 17:40:26.145,+63948****084,Personal_Mobile,1
"DEAR VIP, <REAL NAME>, Experience the Best Cockfighting here in SBET. Join and Register now to gain up 88kPHP & 100 + Fighting bonuses, and got a chance to win worth million of cash! sbetcorkfight.com/SABONGNOW",smishing,2022-11-22 15:36:02.923,+63948****763,Personal_Mobile,1
Wag ng tumingin pa sa iba. Dahil ang hinahanap m0 at hinahanap ng iba ay nandit0 lang kay playbingo.com.ph/LegitAPP subukan m0 na walang mawawala sayo,smishing,2022-11-22 05:34:23.618,+63909****956,Personal_Mobile,1
This is your LucKy day! DAhil JB Day ngayon! Mag $pin at makakuha ng maraming PRIZES! Wag mag alinlangan siguradong bubuhos ng swerte! antiviruspedia.net/Live,smishing,2022-11-22 02:23:42.571,+63981****942,Personal_Mobile,1
Binabati kita! Mag-log in sa Lodi646 para makuha ang iyong lucky random bonus!   http://bet03.fan,smishing,2022-11-21 08:13:26.520,+63969****200,Personal_Mobile,1
"GCash. Bet... GCash. Bet! Get FREE P1,000,000 bonus for GCASHBET! Free link http://phbetpo.shop/rH8",smishing,2022-11-21 06:19:51.829,+63981****997,Personal_Mobile,1
Cold Monday! This is your Lucky Day! DAhil nandit0 na si apkgametop.com/LivePH na laging nag bibigay ng premyo at B0nu$! Kaya Try m0 na dito! The Be$st dito.,smishing,2022-11-21 03:45:57.543,+63912****882,Personal_Mobile,1
"Sugal hindi na need pumunta CAS1NO, pIay online at manalo araw araw, upto 8888 na welcome bonus, 24 hours cash in/out.
Web: game-j.life",smishing,2022-11-20 05:01:19.196,+63981****845,Personal_Mobile,1
Maglaro na at kolektahin ang mga Promotion Bonus na naghihintay sayo at ang mega jackpot x10 - x100 B3T! halina't mag laro ngayon dito! apkgametop.com/LivePH,smishing,2022-11-19 14:08:23.436,+63909****694,Personal_Mobile,1
"Current users will send 10,000 USDT to experience the transaction gold.Google play or APP store search for mybitglobal to download apps",smishing,2022-11-19 11:26:47.132,+63910****721,Personal_Mobile,1
"Napaka ganda ng pasok ng Weekend! Dahil dito kay antiviruspedia.net/Live napaka daming B0nu$ naghihintay sayo, hindi lang yan dahil chance mo pang maging VIP!",smishing,2022-11-19 03:40:53.748,+63912****690,Personal_Mobile,1
Happy Weekend! Magrelax at Mag-Enjoy kasama ang pamilya! May Special Register B0NUS 8p CA$H Prize and chance to win of Golden Egg Draw! knetww.com/LiveAPP,smishing,2022-11-19 00:39:10.128,+63909****355,Personal_Mobile,1
Wag na masyadong mapakapagod dahil friday na! Isa sa pinaka the BE$T na gawin mamaya ay ang mag Enjoy dito! apkgametop.com/LivePH See you later my friend!,smishing,2022-11-18 19:10:16.372,+63981****939,Personal_Mobile,1
"Sugal hindi na need pumunta CAS1NO, pIay online at manalo araw araw, upto 8888 na welcome bonus, 24 hours cash in/out.
Web: win-m.life",smishing,2022-11-18 15:26:17.780,+63985****042,Personal_Mobile,1
"Hottest News! Join JB Day, Make it your day! Spin your luck here! Sign up now and get your Golden Egg! and we have Daily Deposit Bonus! antiviruspedia.net/Live",smishing,2022-11-18 01:29:52.274,+63909****826,Personal_Mobile,1
"Welcome ! your have P1222 for S!ot , 
Web: will-j.life
Good Luck!x",smishing,2022-11-15 06:13:44.676,+63960****168,Personal_Mobile,1
"Welcome ! your have P1222 for S!ot , 
Web: great-s.life
Good Luck!U",smishing,2022-11-15 02:28:56.636,+63960****401,Personal_Mobile,1
"<REAL NAME>! Today, you can win the iphone14PROMAX while earning a ton of cash prizes in W+. You can receive a 7777 Sign-up Bonus. click now! wp8luck.com/8888WIN",smishing,2022-11-14 00:07:18.715,+63950****934,Personal_Mobile,1
"DEAR VIP <REAL NAME>, No. 1 Online Sabong Site here in SBET!

Register now and Play Cockfighting and Slot Game Machine! You can claim your 100 FREE BET CREDIT and Win 88k Cash Prizes! here in sbet7now.com/SABONGNOW",smishing,2022-11-13 23:03:15.023,+63946****113,Personal_Mobile,1
"My god, at least 999P rewards waiting for you

UrI: pinaswin,com

Best Ba,raha  .r",smishing,2022-11-12 14:33:48.916,+63981****852,Personal_Mobile,1
"Welcome ! your have P1222 for S!ot , 
Web: 11y.life     
Good Luck!C",smishing,2022-11-12 14:02:10.079,+63960****373,Personal_Mobile,1
"Tropa! Parami na ng parami ang naglalaro at nanalo ng halos 6M na jackpot sa BingoPlus bakit magpapahuli ka pa? Register na, FREE ko na 40P mo.",smishing,2022-05-20 06:38:33.809,+63981****423,Personal_Mobile,1
"Huwag mag-pascam sa mga fake GCash text messages! Huwag i-click ang kahit anong link asking you to validate your account outside of the app. Hindi dapat i-share ang iyong MPIN or OTP kung hindi gamit ang GCash app. Para safe mula sa scams, #GCheckMuna!",smishing,2022-01-23 06:03:38.160,GLOBE,Verified_Brand,1
"iho/iha nag ka mali ata ako ng pasa load. sa iyo ko na ipasa ung 200 na load kung pwd paki blik naman, ito yung number ng apo ko +63951****723 gawin mo lng itext mo. +63951****723 200 isend mo sa 808. replayan mo ng YES ang susunod na mensahe.Salamat nak pasensya na sa abala, pg palain ka sana",smishing,2020-05-12 06:17:31.752,+63951****525,Personal_Mobile,1
"808

1/2 12-May 12:28: P200 has been transferred from +63951****723 to Your Mobile Account.
Ref#290186706800",smishing,2020-05-12 06:04:17.721,+63951****525,Personal_Mobile,1
"The Rise Makati along Ayala-Ave
Bnew-1BR Starts @5.8M by Shangri-La

The Only ""Premium Grade Office Tower for sale in Ortigas CBD"" along ADB AVE
5units left for 58K/month over 68mos w/0% interest

High-end Residential Tower in Ortigas Center
23-35K ONLY/mo.

Send name&email for details.Message now!",smishing,2020-02-02 06:09:21.979,+63939****679,Personal_Mobile,1
"Hiring for German Sheperds in Taguig - Document Analyst w/ related exp, shifting, 75-85K; & Billing Analyst w/ knowledge in SAP Billing Suite is a plus, Midshift, 60-75K; Written & spoken proficiency in the German & English. kimphil28@gmail.com
",smishing,2019-10-11 08:53:47.000,+63997****820,Personal_Mobile,1
"Hiring for German Speakers in Taguig - Document Analyst w/ related exp, shifting, 75-85K; & Billing Analyst w/ knowledge in SAP Billing Suite is a plus, Midshift, 60-75K; Written & spoken proficiency in the German & English. kimphil28@gmail.com
",smishing,2019-10-11 08:53:27.733,+63997****820,Personal_Mobile,1
"Good Day!This Is MS.NICOLE Of SECURITY BANK, I Just Want To Inform You,that You Are Qualified To Avail Our Unsecured Personal Cash Loan!You Can Loan 100K Up To 5M,depending On Your Monthly Income.No Collateral,No Hidden Charges.2-3 Banking Days Processing!Pls.Reply Yes,your Name And Your Contact # To Expedite Your Loan.
Thank you so much",smishing,2019-10-01 02:29:36.520,+63949****611,Personal_Mobile,1
"Be the FIRST to live in Capitol Commons

The Royalton

> 103sqm 2BR w/ parking
> 12% Promo Discount = Save and Earn around P2.5M! (Extended only until Sep. 30!)
> Only at 179K/sqm! The most affordable luxury condo in Capitol Commons
> 6 units a floor

For details pls reply with your name & email or visit us here www.AtOrtigas.com thank you!

+63917****188",smishing,2019-09-17 09:20:04.728,+63947****321,Personal_Mobile,1
"Be the FIRST to live in Capitol Commons

The Royalton

> 103sqm 2BR w/ parking
> 12% Promo Discount = Save and Earn around P2.5M! (Extended only until Sep. 30!)
> Only at 179K/sqm! The most affordable luxury condo in Capitol Commons
> 6 units a floor

For details pls reply with your name & email or visit us here www.AtOrtigas.com thank you!

+63917****188",smishing,2019-09-13 08:21:17.888,+63939****821,Personal_Mobile,1
"NEED CASH? Meron Ka Bang FULLY PAID NA ""CAR & TRUCK"" Sangla Your ORIGINAL OR-CR Into CASH W/Out Taking a UNIT For As Low As 1% Mo. Call/Txt: LARRY +63910****343",smishing,2019-08-26 03:19:55.621,+63933****843,Personal_Mobile,1
"p Your aCCouNt is gRanTed P12000 on July 1, apply and get CaSh on the same day! No GuaRanTee, No MeetUp.
Visit: c7.gg/fB2W9
[pHLoAn]",smishing,2019-07-01 09:44:22.247,+63948****253,Personal_Mobile,1
"P12000 waiting for you to apply in our App. No meet up, No guarantee.
Visit: c7.gg/f9hTz
opt: text STOP
[Phloan]",smishing,2019-06-04 05:54:24.715,+63910****394,Personal_Mobile,1
"The Newest Flagship Condo along C5

Maple at Ortigas East
- 31sqm Studio Unit
- No DP Promo, 30% for 5 years at 0% interest, Only 30k/month! 
- Launch Price

Location: Ortigas Ave, Julia Vargas cor C5 
- P60-B Re-Masterplan of Tiendesitas/Frontera Verde 
- a High-End community like Eastwood, Serendra BGC ""The Greenbelt of C5""
- Synergy of Ortigas, Ayala, SM 

For details pls reply with your name/email or visit www.atortigas.com thank you!

+63917****188",smishing,2019-05-19 08:56:19.724,+63939****821,Personal_Mobile,1
"Lots available at the AlabangWest Village, an exclusive subdivision across Ayala Alabang Village and beside Landers Superstore Alabang:

1) 506 sqm
- central location; near the clubhouse

2) 357 sqm
- near the main gate

3 years installment without interest!

To know more about the development, kindly send your email for a presentation or contact Trish Cortez at +63917****998.",smishing,2019-05-09 10:04:16.490,+63949****036,Personal_Mobile,1
"12000P waiting for you to apply in our App. No meet up, No guarantee. 
Click in Google play: bit.ly/googleplay_50",smishing,2019-05-01 11:40:50.516,+63907****081,Personal_Mobile,1
"***CONDO/S FOR SALE***  
   
*by Shangri-La/Ayala*  
   
-25-72sq in Makati   
-81-250sq in Wack2/Ortigas   
-Resale Units save up to 8M  
-Good for Investment,Rentals,Selling,End Use   
   
W/ PROMOTERMS & NO DP  
This is the RIGHT time to Invest  
   
Reply with name & email for more cmplte infos   ",smishing,2019-04-05 12:00:29.659,+63919****258,Personal_Mobile,1
"[UPESo] you are granTed 12000 peSo creDit on Mar 10. ComPlete Your File and apply. Get it In 12 hours. 
Visit: bit.ly/upeso_googlePlay
opt-out:msg ""NO""",smishing,2019-03-10 15:30:58.339,+63948****958,Personal_Mobile,1
"[peSoLoan]You Are Granted 8000 PeSo CreDit on Mar 2. Complete your file and apply. Get it in 12 hours. No meetup
Visit: bit.ly/googleplay_09
opt-out:msg NO",smishing,2019-03-02 08:20:19.462,+63910****152,Personal_Mobile,1
"Lots available at the AlabangWest Village, an exclusive subdivision across Ayala Alabang Village and beside Landers Superstore Alabang:

1) 506 sqm
- central location; near the clubhouse

2) 297 sqm
- perfect rectangular cut; near the clubhouse

3 years installment without interest!

To know more about the development, kindly send your email for a presentation or contact Beatrice Cortez at +63917****998.",smishing,2019-02-12 05:28:27.027,+63999****681,Personal_Mobile,1
"The Albany by Megaworld will be the 1st condo in BGC that will be SMART HOME equipped! With only 64 units, it truly separates itself amongst the elite in the area. 

Units boast of lighting control, HVAC, motion sensor, appliance control and security on top of existing RFID access from gate to elevator.

Units and parking:
2BR (123 sqm) - P35M
3BR (134 sqm) - P38M
Penthouse (349 sqm) - P99M

*Maple Grove Commercial Lots @ Php 57k/sqm only!

Call ANDREW at +63917****689",smishing,2019-01-14 09:11:15.115,+63998****809,Personal_Mobile,1
"[PondoPeso]You are granted P40000 Credit on Jan 9. Complete your profile and apply. Get cash in 12 hours.
Visit: bit.ly/Googleplay_Pondopeso
opt-out:text NO",smishing,2019-01-09 05:54:04.434,+63938****234,Personal_Mobile,1
"[CashLending]You are granted P5000 Credit at Dec 3. Complete your profile and apply. Get cash in 12 hours. No Guarantee.
Visit:bit.ly/Googleplay_CashLending",smishing,2018-12-03 02:51:17.610,+63938****609,Personal_Mobile,1
"Are you into Properties in BGC, MAKATI, MOA, SAN JUAN, BINONDO & PASAY AREA?

Lease to Own Properties available in Makati.

Just reply with your name and email address for quotation.
Many thanks!",smishing,2018-11-09 01:33:50.801,+63933****757,Personal_Mobile,1
"Are you into Properties in BGC, MAKATI, MOA, SAN JUAN, BINONDO & PASAY AREA?

Lease to Own Properties available in Makati.

Just reply with your name and email address for quotation.
Many thanks!",smishing,2018-11-09 01:33:50.801,+63933****757,Personal_Mobile,1
" A Modern Ortigas

> P50-B redevelopment of Ortigas East formerly Tiendesitas ""The Greenbelt of C5""
> High End Community like Serendra BGC
> Townhouse, Condo, Office for Sale 
> Condotel (HII) 
> Developed by Ortigas in partnership w/ Ayala

For details pls reply w/ your Name & Email

Harry 
+63917****188",smishing,2018-11-02 05:22:37.124,+63947****328,Personal_Mobile,1
" A Modern Ortigas

> P50-B redevelopment of Ortigas East formerly Tiendesitas ""The Greenbelt of C5""
> High End Community like Serendra BGC
> Townhouse, Condo, Office for Sale 
> Condotel (HII) 
> Developed by Ortigas in partnership w/ Ayala

For details pls reply w/ your Name & Email

Harry 
+63917****188",smishing,2018-11-02 05:22:37.124,+63947****328,Personal_Mobile,1
"*Pre-selling OFFICE SPACE for sale
*Condotel for Sale.

*Ortigas & Co. projects in partnership w/ Ayala
3-22% DISCOUNT promo!
Only 145-165K per sqm only!
High-end Condo & high-end community

New project w/ launch very soon in Ortigas East ""Tiendesitas"" 50B redevelopment Plan

SMS email address for details.",smishing,2018-10-09 03:49:18.414,+63908****673,Personal_Mobile,1
"*Pre-selling OFFICE SPACE for sale
*Condotel for Sale.

*Ortigas & Co. projects in partnership w/ Ayala
3-22% DISCOUNT promo!
Only 145-165K per sqm only!
High-end Condo & high-end community

New project w/ launch very soon in Ortigas East ""Tiendesitas"" 50B redevelopment Plan

SMS email address for details.",smishing,2018-10-09 03:49:18.414,+63908****673,Personal_Mobile,1
"The Biggest redevelopment along C5 in now ongoing! 16 hectares mix-used master planned community by ""Ortigas & Company in Synergy with Ayala Land"", neighboring well-knowned communities like Valle Verde will soon cater your needs.

The 1st residential tower within this community will soon be up for grabs. Be part of the this luxurious community at an affordable price.

For inquiries, kindly reply with your name and email address.",smishing,2018-09-25 08:36:14.944,+63918****279,Personal_Mobile,1
"The Biggest redevelopment along C5 in now ongoing! 16 hectares mix-used master planned community by ""Ortigas & Company in Synergy with Ayala Land"", neighboring well-knowned communities like Valle Verde will soon cater your needs.

The 1st residential tower within this community will soon be up for grabs. Be part of the this luxurious community at an affordable price.

For inquiries, kindly reply with your name and email address.",smishing,2018-09-25 08:36:14.944,+63918****279,Personal_Mobile,1
"Megaworld's Newly launched Pre-selling Prime Commercial Lots!

Maple Grove is an integrated CBD township in the fast emerging Gen Tri. Cavite spanning 140 hectares.

Curated cuts of 407 to 1,000 sqm (with option to combine)

- Extensive road network
- Ready captive market
- Easily accessible via Daang Hari, CAVITEX, CALAX and Governor's Drive

Starts at only Php 53K/sqm! First Come, First Serve.

Watch how progress unfolds!

For inquiries, contact ANDREW at: +63917****689",smishing,2018-08-06 15:15:23.833,+63998****809,Personal_Mobile,1
"Introducing the latest 140-hectare ""green city"" business district & township development in the South, the MAPLE GROVE.

COMMERCIAL LOTS are up for sale at this budding Makati-inspired business district in General Trias, Cavite - only 20 minutes away from Mall of Asia and Entertainment City via CAVITEX.

Lots from 439 to 1,750 sqm are available. Office buildings, business hotels, medical facilities, etc. may be built on these lots.

Avail now at pre-selling prices and be one of the few owners of commercial lots at the FUTURE CENTRAL BUSINESS DISTRICT this country's biggest developers are developing.

For a presentation on the project, please contact our sales manager, Ms. Beatrice, at +63917****998.

Megaworld Corp.",smishing,2018-05-25 00:49:19.965,+63999****681,Personal_Mobile,1
"RESALE OFFICE and CONDO UNITS VERY MUCH LOWER THAN MARKET PRICE!

- Ortigas, Makati, MOA Area
- 25-150 sq.m available
- Enjoy big discounts
- Assume balance 0% interest

SMS for inquiries - Thank you",smishing,2018-05-24 04:56:53.262,+63908****325,Personal_Mobile,1
"Shangri-La Updates: RISEmakati

-One-of-a-kind residential & commercial development
-Premier outstanding amenities
-Prices start at 5.2M

Pls. reply w/ your name & email add for more details

Contact Us:
info@shangrilapropertiesinc.com

www.shangrilapropertiesinc.com/rise-makati",smishing,2018-05-08 01:46:27.499,+63920****951,Personal_Mobile,1
"Now Available:
""INSTANTLY AGELESS""
Effective and proven to erase eyebags and wrinkles in 2 minutes.
Made in USA.
If interested to buy, please reply.",smishing,2018-05-06 04:37:35.505,+63933****856,Personal_Mobile,1
"The LAST pre-selling low-rise condo in BGC is now available in Special Low DP, 0% Int terms.

Experience low density living with private elevator access per unit that promises overwhelming views of Forbes Park and BGC skyline at THE ALBANY. VERY RARE FIND, LIMITED UNITS await you. Choose from spacious 2BR to 3BR units with luxe finishing.

*Very Prime Pre-selling Commercial lots at Maple Grove in Gen Trias. Cavite for Sale!

For inquiries, please contact ANDREW @ +63917****689",smishing,2018-04-29 02:25:24.016,+63998****809,Personal_Mobile,1
"Dine, swim, and get away for a day without having to leave the city at Edsa Shangri-La, Manila's HEAT, The Sunday Side, for Php2,400net per person. Call 6338888",smishing,2018-04-25 20:41:34.001,+63917****194,Personal_Mobile,1
"Co in Makati needs Software Java Developer, Bachelors degree, knowledgeable in JAVA, in design, development & implementation of software applications , kimphil28@gmail.com",smishing,2018-04-19 11:11:20.770,+63965****768,Personal_Mobile,1
"Co in Makati needs Software Java Developer, Bachelors degree, knowledgeable in JAVA, in design, development & implementation of software applications , can start asap, kimphil28@gmail.com",smishing,2018-03-22 10:45:57.147,+63946****050,Personal_Mobile,1
"Co in Makati needs Software Java Developer, knowledgeable in JAVA,  in design, development & implementation of software applications , can start asap, kimphil28@gmail.com",smishing,2018-03-07 06:28:35.858,+63907****270,Personal_Mobile,1
"Shangri-La Updates:

RISEmakati

-One-of-a-kind residential & commercial development
-Premier outstanding amenities
-Prices start at 5M

Inquiries are welcome!

Pls. reply w/ your name & email add for more details

Contact Us:
info@shangrilapropertiesinc.com

www.shangrilapropertiesinc.com/rise-makati",smishing,2018-02-28 10:37:26.541,+63920****952,Personal_Mobile,1
"Celebrate the season of love with a sweet staycation and an intimate dinner for two by the poolside at your urban oasis, Edsa Shangri-La, Manila. Call 633 8888.",smishing,2018-02-01 20:55:48.554,+63917****194,Personal_Mobile,1
"New OFFICE space for sale in Ortigas Avenue near ""The Grove""

For inquiries, please text your email.
Text No to Stop.

Thank you,
Jenn Sam",smishing,2018-01-24 12:44:09.178,+63908****673,Personal_Mobile,1
"New OFFICE space for sale in Ortigas Avenue near ""The Grove""

For inquiries, please text your email.
Text No to Stop.

Thank you,
Jenn Sam",smishing,2018-01-24 12:44:09.178,+63908****673,Personal_Mobile,1
"A new and ""Green"" township will be rising in the South, MAPLE GROVE.

For the first time, Megaworld is offering a chance of a lifetime to acquire the most prime COMMERCIAL LOT(s) in the rapidly developing business district of Gen. Trias Cavite.

Lot sizes range from 440 to 1,000 sqm (with option to combine)

Limited inventory only. Get yours at PRE-SELLING prices TODAY! We are now accepting reservations.

For more details and information, please contact:

Andrew @ ++63917****689",smishing,2018-01-23 04:46:26.719,+63998****809,Personal_Mobile,1
